obs,tic,conm_x,gvkey,CrossVerified_ExecType,new_director_name,Ethnicity,Race(black),Minority,Gender,Female,Num_Black_TMT,TMT_Active_in_2020 (Manual Check),BlackCEO_Appointment_date (within the timeframe),new_director_source
1,AFL,AFLAC INC,1449,TMT,Audrey Boone Tillman,African American/Black,1,1,F,1,2,Yes,,2Bermiss
2,AFL,AFLAC INC,1449,TMT,Teresa White,African American/Black,1,1,F,1,2,Yes,,2Bermiss
3,AXP,AMERICAN EXPRESS CO,1447,CEO,Kenneth Chenault,African American/Black,1,1,M,0,3,Yes,,2Bermiss
4,T,AT&T INC,9899,TMT,Mirian Graddick,African American/Black,1,1,F,1,2,Yes,,2Bermiss
5,T,AT&T INC,9899,TMT,Xavier Williams,African American/Black,1,1,M,0,2,Yes,,2Bermiss
6,BA,BOEING CO,2285,TMT,James Bell,African American/Black,1,1,M,0,2,No,,2Bermiss
7,CCL,CARNIVAL CORPORATION & PLC,13498,CEO,Arnold Donald,African American/Black,1,1,M,0,1,Yes,,2Bermiss
8,CI,CIGNA CORP,2547,TMT,Nicole Jones,African American/Black,1,1,F,1,2,Yes,,2Bermiss
9,CTAS,CINTAS CORP,3062,TMT,Phillip Holloman,African American/Black,1,1,M,0,1,No,,2Bermiss
10,C,CITIGROUP INC,3243,TMT,Mark Mason,African American/Black,1,1,M,0,1,Yes,,2Bermiss
11,CMS,CMS ENERGY CORP,3439,TMT,Rejji Hayes,African American/Black,1,1,M,0,1,Yes,,2Bermiss
12,KO,COCA-COLA CO,3144,TMT,Alexander Cummings,African American/Black,1,1,M,0,3,No,,2Bermiss
13,FFIV,F5 INC,121077,CEO,Francois Locoh-Donou,African American/Black,1,1,M,0,1,Yes,,3BoardEx
14,KO,COCA-COLA CO,3144,TMT,Kathy Waller,African American/Black,1,1,F,1,3,No,,2Bermiss
15,KO,COCA-COLA CO,3144,TMT,Vicki Palmer,African American/Black,1,1,F,1,3,No,,2Bermiss
16,CMCSA,COMCAST CORP,3226,TMT,Kimberley Harris,African American/Black,1,1,F,1,1,Yes,,2Bermiss
17,GLW,CORNING INC,3532,TMT,Lawrence McRae,African American/Black,1,1,M,0,1,Yes,,2Bermiss
18,DRI,DARDEN RESTAURANTS INC,31846,CEO,Clarence Otis,African American/Black,1,1,M,0,1,Yes,,2Bermiss
19,DIS,DISNEY (WALT) CO,3980,TMT,Dennis Hightower,African American/Black,1,1,M,0,2,No,,2Bermiss
20,HBI,HANESBRANDS INC,175319,CEO,Gerald Evans Jr,African American/Black,1,1,M,0,1,Yes,Effective in 8/3/2020,3BoardEx
21,DIS,DISNEY (WALT) CO,3980,TMT,Richard Nanula,African American/Black,1,1,M,0,2,No,,2Bermiss
22,DPZ,DOMINO'S PIZZA INC,160211,TMT,Troy Ellis,African American/Black,1,1,M,0,1,Yes,,2Bermiss
23,ETR,ENTERGY CORP,7366,TMT,Marcus Brown,African American/Black,1,1,M,0,2,Yes,,2Bermiss
24,ETR,ENTERGY CORP,7366,TMT,Roderick West,African American/Black,1,1,M,0,2,Yes,,2Bermiss
25,ETR,ENTERGY CORP,7366,TMT,Roderick West,African American/Black,1,1,M,0,2,Yes,,2Bermiss
26,EL,ESTEE LAUDER COMPANIES INC,61567,TMT,Tracey Travis,African American/Black,1,1,F,1,2,Yes,,2Bermiss
27,EXC,EXELON CORP,8539,TMT,Frank Clark,African American/Black,1,1,M,0,1,No,,2Bermiss
28,GIS,GENERAL MILLS INC,5071,TMT,Marc Belton,African American/Black,1,1,M,0,2,No,,2Bermiss
29,GM,GENERAL MOTORS CO,5073,TMT,Alicia Boler Davis,African American/Black,1,1,F,1,1,Yes,,2Bermiss
30,GILD,GILEAD SCIENCES INC,24856,TMT,Robin Washington,African American/Black,1,1,F,1,1,No,,2Bermiss
31,MTB,M & T BANK CORP,4699,CEO,Rene Jones,African American/Black,1,1,M,0,1,Yes,,3BoardEx
32,HBI,HANESBRANDS INC,175319,TMT,Joia Johnson,African American/Black,1,1,F,1,1,Yes,,2Bermiss
33,HD,HOME DEPOT INC,5680,TMT,Ann-Marie Campbell,African American/Black,1,1,F,1,3,Yes,,2Bermiss
34,HD,HOME DEPOT INC,5680,TMT,Marvin Ellison,African American/Black,1,1,M,0,3,Yes,,2Bermiss
35,HD,HOME DEPOT INC,5680,TMT,Teresa Wynn Roseborough,African American/Black,1,1,F,1,3,Yes,,2Bermiss
36,HII,HUNTINGTON INGALLS IND INC,186310,TMT,Kellye Walker,African American/Black,1,1,F,1,2,Yes,,2Bermiss
37,MRK,MERCK & CO,7257,CEO,Ken Frazier,African American/Black,1,1,F,1,4,Yes,,3BoardEx
38,KEY,KEYCORP,9783,TMT,Paul Harris,African American/Black,1,1,M,0,2,Yes,,2Bermiss
39,LLY,LILLY (ELI) & CO,6730,CEO,Derica Rice,African American/Black,1,1,M,0,3,Yes,,2Bermiss
40,LMT,LOCKHEED MARTIN CORP,6774,TMT,Linda Gooden,African American/Black,1,1,F,1,1,No,,2Bermiss
41,MCD,MCDONALD'S CORP,7154,CEO,Donald Thompson,African American/Black,1,1,M,0,2,Yes,,2Bermiss
42,MCD,MCDONALD'S CORP,7154,TMT,Raymond Mines,African American/Black,1,1,M,0,2,No,,2Bermiss
43,MRK,MERCK & CO,7257,TMT,Bridgette Heller,African American/Black,1,1,F,1,4,No,,2Bermiss
44,MRK,MERCK & CO,7257,TMT,Willie Deese,African American/Black,1,1,M,0,4,No,,2Bermiss
45,NLSN,NIELSEN HOLDINGS PLC,100873,TMT,Jamere Jackson,African American/Black,1,1,M,0,1,Yes,,2Bermiss
46,NI,NISOURCE INC,7974,TMT,Donald Brown,African American/Black,1,1,M,0,2,Yes,,2Bermiss
47,NI,NISOURCE INC,7974,CEO,Lloyd Yates,African American/Black,1,1,M,0,2,Yes,,2Bermiss
48,NTRS,NORTHERN TRUST CORP,7982,TMT,Shundrawn Thomas,African American/Black,1,1,M,0,1,Yes,,2Bermiss
49,NLOK,NORTONLIFELOCK INC,15855,CEO,John Thompson,African American/Black,1,1,M,0,2,Yes,,2Bermiss
50,PFE,PFIZER INC,8530,TMT,Freda Lewis-Hall,African American/Black,1,1,F,1,1,No,,2Bermiss
51,RTN,RAYTHEON CO,8972,CEO,Hansel Tookes,African American/Black,1,1,M,0,1,No,,2Bermiss
52,SO,SOUTHERN CO,9850,CEO,Christopher Womack,African American/Black,1,1,M,0,2,Yes,,2Bermiss
53,TPR,TAPESTRY INC,140541,CEO,Jide Zeitlin,African American/Black,1,1,M,0,1,Yes,,2Bermiss
54,TGT,TARGET CORP,3813,TMT,Laysha Ward,African American/Black,1,1,F,1,1,Yes,,2Bermiss
55,UNP,UNION PACIFIC CORP,10867,TMT,Eric Butler,African American/Black,1,1,M,0,3,No,,2Bermiss
56,UNP,UNION PACIFIC CORP,10867,TMT,Rhonda Ferguson,African American/Black,1,1,F,1,3,Yes,,2Bermiss
57,UAL,UNITED AIRLINES HOLDINGS INC,10795,CEO,Brett Hart,African American/Black,1,1,M,0,1,Yes,,2Bermiss
58,UNH,UNITEDHEALTH GROUP INC,10903,TMT,Reed Tuckson,African American/Black,1,1,M,0,1,No,,2Bermiss
59,WBA,WALGREENS BOOTS ALLIANCE INC,11264,TMT,Kathleen Wilson-Thompson,African American/Black,1,1,F,1,2,Yes,,2Bermiss
60,WBA,WALGREENS BOOTS ALLIANCE INC,11264,CEO,Rosalind Brewer,African American/Black,1,1,F,1,2,Yes,,2Bermiss
61,WFC,WELLS FARGO & CO,8007,TMT,Yvette Hollingsworth Clark,African American/Black,1,1,F,1,2,Yes,,2Bermiss
62,WHR,WHIRLPOOL CORP,11465,TMT,Michael Todman,African American/Black,1,1,M,0,1,No,,2Bermiss
63,XRX,XEROX HOLDINGS CORP,11636,TMT,Barry Rand,African American/Black,1,1,M,0,5,No,,2Bermiss
64,XRX,XEROX HOLDINGS CORP,11636,TMT,Darrell Ford,African American/Black,1,1,M,0,5,Yes,,2Bermiss
65,XRX,XEROX HOLDINGS CORP,11636,TMT,Kevin Warren,African American/Black,1,1,M,0,5,Yes,,2Bermiss
66,XRX,XEROX HOLDINGS CORP,11636,CEO,Ursula Burns,African American/Black,1,1,F,1,5,Yes,,2Bermiss
67,ZTS,ZOETIS INC,13721,TMT,Clinton Lewis,African American/Black,1,1,M,0,1,Yes,,2Bermiss
68,CNP,CENTERPOINT ENERGY INC,5742,TMT,Milton Carroll,African American/Black,1,1,M,0,0,Yes,,3BoardEx
69,CCI,CROWN CASTLE INC,113490,CEO,Jay Brown,African American/Black,1,1,M,0,0,Yes,,3BoardEx
70,ETR,ENTERGY CORP,7366,CEO,Gordon Lam,Asian,0,1,M,0,2,Yes,,3BoardEx
71,WFC,WELLS FARGO & CO,8007,TMT,Michelle Lee,Asian,0,1,F,1,2,Yes,,2Bermiss
72,MMM,3M CO,7435,CEO,Doctor Ken Cai,Asian,0,1,M,0,0,Yes,,3BoardEx
73,AMD,ADVANCED MICRO DEVICES,1161,CEO,Doctor Lisa Su,Asian,0,1,F,1,0,Yes,,3BoardEx
74,AVGO,BROADCOM INC,180711,CEO,Hock Tan,Asian,0,1,M,0,0,Yes,,3BoardEx
75,CDNS,CADENCE DESIGN SYSTEMS INC,13421,CEO,Lip-Bu Tan,Asian,0,1,M,0,0,Yes,,3BoardEx
76,FTNT,FORTINET INC,183377,CEO,Ken Xie,Asian/Chinese,0,1,M,0,0,Yes,,3BoardEx
77,MU,MICRON TECHNOLOGY INC,7343,TMT,K Hsu,Asian/Chinese,0,1,M,0,0,Yes,,3BoardEx
78,SNPS,SYNOPSYS INC,24975,CEO,Doctor Chi-Foon Chan,Asian/Chinese,0,1,M,0,0,Yes,,3BoardEx
79,XLNX,XILINX INC,22325,CEO,Victor Peng,Asian/Chinese,0,1,M,0,0,Yes,,3BoardEx
80,ADBE,ADOBE INC,12540,CEO,Shantanu Narayen,Asian/Indian,0,1,M,0,0,Yes,,3BoardEx
81,GOOGL,ALPHABET INC,160329,CEO,Sundar Pichai,Asian/Indian,0,1,M,0,0,Yes,,3BoardEx
82,ANSS,ANSYS INC,63080,CEO,Doctor Ajei Gopal,Asian/Indian,0,1,M,0,0,Yes,,3BoardEx
83,ANET,ARISTA NETWORKS INC,20748,CEO,Jayshree Ullal,Asian/Indian,0,1,F,1,0,Yes,,3BoardEx
84,BRK.B,BERKSHIRE HATHAWAY,2176,TMT,Ajit Jain,Asian/Indian,0,1,M,0,0,Yes,,3BoardEx
85,ENPH,ENPHASE ENERGY INC,187450,CEO,Badri Kothandaraman,Asian/Indian,0,1,M,0,0,Yes,,3BoardEx
86,FE,FIRSTENERGY CORP,8099,CEO,Gurm Sangha,Asian/Indian,0,1,M,0,0,Yes,,3BoardEx
87,ILMN,ILLUMINA INC,138205,CEO,Francis DeSouza,Asian/Indian,0,1,M,0,0,Yes,,3BoardEx
88,LYB,LYONDELLBASELL INDUSTRIES NV,294524,CEO,Bob Patel,Asian/Indian,0,1,M,0,0,Yes,,3BoardEx
89,MCHP,MICROCHIP TECHNOLOGY INC,27965,CEO,Steve Sanghi,Asian/Indian,0,1,M,0,0,Yes,,3BoardEx
90,MU,MICRON TECHNOLOGY INC,7343,CEO,Sanjay Mehrotra,Asian/Indian,0,1,M,0,0,Yes,,3BoardEx
91,MSFT,MICROSOFT CORP,12141,CEO,Satya Nadella,Asian/Indian,0,1,M,0,0,Yes,,3BoardEx
92,NTAP,NETAPP INC,61591,CEO,George Kurian,Asian/Indian,0,1,M,0,0,Yes,,3BoardEx
93,NWL,NEWELL BRANDS INC,7875,CEO,Ravi Saligram,Asian/Indian,0,1,M,0,0,Yes,,3BoardEx
94,O,REALTY INCOME CORP,30822,CEO,Sumit Roy,Asian/Indian,0,1,M,0,0,Yes,,3BoardEx
95,AOS,SMITH (A.O.),9771,TMT,Ajita Rajendra,Asian/Indian,0,1,M,0,0,No,,3BoardEx
96,SYK,STRYKER CORP,10115,CEO,Kevin Lobo,Asian/Indian,0,1,M,0,0,Yes,,3BoardEx
97,NVDA,NVIDIA CORP,117768,CEO,Jensen Huang,Asian/Taiwanese,0,1,M,0,0,Yes,,3BoardEx
98,BBY,BEST BUY CO INC,2184,CEO,Bradbury Anderson,Caucasian/White,0,0,M,0,0,Yes,,2Bermiss
99,BBY,BEST BUY CO INC,2184,CEO,Bradbury Anderson,Caucasian/White,0,0,M,0,0,Yes,,2Bermiss
100,FITB,FIFTH THIRD BANCORP,4640,CEO,Greg Carmichael,Caucasian/White,0,0,M,0,0,Yes,,2Bermiss
101,GIS,GENERAL MILLS INC,5071,CEO,Jeffrey Harmening,Caucasian/White,0,0,M,0,2,Yes,,2Bermiss
102,GILD,GILEAD SCIENCES INC,24856,CEO,Daniel O'Day,Caucasian/White,0,0,M,0,1,Yes,,2Bermiss
103,AXP,AMERICAN EXPRESS CO,1447,CEO,Steve Squeri,Caucasian/White,0,0,M,0,3,Yes,,3BoardEx
104,T,AT&T INC,9899,CEO,Darren Entwistle,Caucasian/White,0,0,M,0,2,Yes,,3BoardEx
105,MMC,MARSH & MCLENNAN COS,7065,CEO,Dean Klisura,Caucasian/White,0,0,M,0,0,Yes,,2Bermiss
106,T,AT&T INC,9899,CEO,Randall Stephenson Jr,Caucasian/White,0,0,M,0,2,Yes,Retired in 7/1/2020,3BoardEx
107,MTD,METTLER-TOLEDO INTL INC,65772,CEO,Olivier Filliol,Caucasian/White,0,0,M,0,0,Yes,,2Bermiss
108,OKE,ONEOK INC,8151,CEO,David Kyle,Caucasian/White,0,0,M,0,0,Yes,,2Bermiss
109,OKE,ONEOK INC,8151,CEO,John Gibson,Caucasian/White,0,0,M,0,0,Yes,,2Bermiss
110,BBY,BEST BUY CO INC,2184,CEO,Corie Barry,Caucasian/White,0,0,F,1,0,Yes,,3BoardEx
111,BBY,BEST BUY CO INC,2184,TMT,Hubert Joly,Caucasian/White,0,0,M,0,0,Yes,,3BoardEx
112,PARA,PARAMOUNT GLOBAL,13714,CEO,Roger King,Caucasian/White,0,0,M,0,0,Yes,,2Bermiss
113,TROW,PRICE (T. ROWE) GROUP,12138,CEO,William Stromberg,Caucasian/White,0,0,M,0,0,Yes,,2Bermiss
114,CCL,CARNIVAL CORPORATION & PLC,13498,TMT,Micky Arison,Caucasian/White,0,0,M,0,1,Yes,,3BoardEx
115,CI,CIGNA CORP,2547,CEO,David Cordani,Caucasian/White,0,0,M,0,2,Yes,,3BoardEx
116,SRE,SEMPRA ENERGY,8272,CEO,Donald Felsinger,Caucasian/White,0,0,M,0,0,No,,2Bermiss
117,TRV,TRAVELERS COS INC,62689,CEO,Alan Schnitzer,Caucasian/White,0,0,M,0,0,Yes,,2Bermiss
118,UPS,UNITED PARCEL SERVICE INC,10920,CEO,Michael Eskew,Caucasian/White,0,0,M,0,0,Yes,,2Bermiss
119,CTAS,CINTAS CORP,3062,CEO,Scott Farmer,Caucasian/White,0,0,M,0,1,Yes,,3BoardEx
120,WMT,WALMART INC,11259,CEO,C. Douglas McMillon,Caucasian/White,0,0,M,0,0,Yes,,2Bermiss
121,C,CITIGROUP INC,3243,CEO,Mike Corbat,Caucasian/White,0,0,M,0,1,Yes,,3BoardEx
122,CMS,CMS ENERGY CORP,3439,CEO,Patti Poppe,Caucasian/White,0,0,F,1,1,Yes,Retired in 12/1/2020,3BoardEx
123,WU,WESTERN UNION CO,175263,CEO,Devin McGranahan,Caucasian/White,0,0,M,0,0,Yes,,2Bermiss
124,KO,COCA-COLA CO,3144,CEO,James Quincey,Caucasian/White,0,0,M,0,3,No,,3BoardEx
125,AXP,AMERICAN EXPRESS CO,1447,TMT,Anre Williams,Caucasian/White,0,0,M,0,3,Yes,,2Bermiss
126,CMCSA,COMCAST CORP,3226,CEO,Brian Roberts,Caucasian/White,0,0,M,0,1,Yes,,3BoardEx
127,AXP,AMERICAN EXPRESS CO,1447,TMT,Kim Goodman,Caucasian/White,0,0,F,1,3,Yes,,2Bermiss
128,DRI,DARDEN RESTAURANTS INC,31846,CEO,Gene Lee Jr,Caucasian/White,0,0,M,0,1,Yes,,3BoardEx
129,DPZ,DOMINO'S PIZZA INC,160211,CEO,Ritch Allison Jr,Caucasian/White,0,0,M,0,1,Yes,,3BoardEx
130,ETR,ENTERGY CORP,7366,TMT,Fiore Aliperti,Caucasian/White,0,0,M,0,2,Yes,,3BoardEx
131,ETR,ENTERGY CORP,7366,CEO,Leo Denault,Caucasian/White,0,0,M,0,2,Yes,,3BoardEx
132,CI,CIGNA CORP,2547,TMT,Michael Triplett,Caucasian/White,0,0,M,0,2,Yes,,2Bermiss
133,EL,ESTEE LAUDER COMPANIES INC,61567,CEO,Fabrizio Freda,Caucasian/White,0,0,M,0,2,Yes,,3BoardEx
134,EL,ESTEE LAUDER COMPANIES INC,61567,TMT,Leonard Lauder,Caucasian/White,0,0,M,0,2,Yes,,3BoardEx
135,EL,ESTEE LAUDER COMPANIES INC,61567,TMT,The Hon. Ronald Lauder,Caucasian/White,0,0,M,0,2,Yes,,3BoardEx
136,EL,ESTEE LAUDER COMPANIES INC,61567,TMT,William Lauder,Caucasian/White,0,0,M,0,2,Yes,,3BoardEx
137,EXC,EXELON CORP,8539,CEO,Chris Crane,Caucasian/White,0,0,M,0,1,Yes,,3BoardEx
138,GIS,GENERAL MILLS INC,5071,CEO,Daniel O'Day,Caucasian/White,0,0,M,0,2,Yes,,3BoardEx
139,GIS,GENERAL MILLS INC,5071,CEO,Jeff Harmening,Caucasian/White,0,0,M,0,2,Yes,,3BoardEx
140,GM,GENERAL MOTORS CO,5073,CEO,Mary Barra,Caucasian/White,0,0,F,1,1,Yes,,3BoardEx
141,HD,HOME DEPOT INC,5680,CEO,Craig Menear,Caucasian/White,0,0,M,0,3,Yes,,3BoardEx
142,HII,HUNTINGTON INGALLS IND INC,186310,CEO,Mike Petters,Caucasian/White,0,0,M,0,2,Yes,,3BoardEx
143,KEY,KEYCORP,9783,CEO,Beth Mooney,Caucasian/White,0,0,F,1,2,Yes,,3BoardEx
144,FFIV,F5 INC,121077,CEO,Francois Locoh-Donou,Caucasian/White,0,0,M,0,1,Yes,,2Bermiss
145,LLY,LILLY (ELI) & CO,6730,CEO,Dave Ricks,Caucasian/White,0,0,M,0,3,Yes,,3BoardEx
146,LMT,LOCKHEED MARTIN CORP,6774,CEO,Marillyn Hewson,Caucasian/White,0,0,F,1,1,Yes,,3BoardEx
147,MMC,MARSH & MCLENNAN COS,7065,CEO,Dan Glaser,Caucasian/White,0,0,M,0,0,Yes,,3BoardEx
148,MCD,MCDONALD'S CORP,7154,CEO,Chris Kempczinski,Caucasian/White,0,0,M,0,2,Yes,,3BoardEx
149,HII,HUNTINGTON INGALLS IND INC,186310,TMT,Michael Smith,Caucasian/White,0,0,M,0,2,Yes,,2Bermiss
150,KEY,KEYCORP,9783,TMT,Jeffrey Weaver,Caucasian/White,0,0,M,0,2,Yes,,2Bermiss
151,MDLZ,MONDELEZ INTERNATIONAL INC,142953,CEO,Doctor Dirk van de Put,Caucasian/White,0,0,M,0,1,Yes,,3BoardEx
152,NLSN,NIELSEN HOLDINGS PLC,100873,CEO,David Kenny,Caucasian/White,0,0,M,0,1,Yes,,3BoardEx
153,LOW,LOWE'S COS INC,6829,CEO,Marvin Ellison,Caucasian/White,0,0,M,0,1,Yes,,2Bermiss
154,NI,NISOURCE INC,7974,CEO,Joe Hamrock,Caucasian/White,0,0,M,0,2,Yes,,3BoardEx
155,MTB,M & T BANK CORP,4699,CEO,Rene Jones,Caucasian/White,0,0,M,0,1,Yes,,2Bermiss
156,NTRS,NORTHERN TRUST CORP,7982,CEO,Mike O'Grady,Caucasian/White,0,0,M,0,1,Yes,,3BoardEx
157,MRK,MERCK & CO,7257,CEO,Kenneth Frazier,Caucasian/White,0,0,M,0,4,Yes,,2Bermiss
158,OKE,ONEOK INC,8151,CEO,Terry Spencer,Caucasian/White,0,0,M,0,0,Yes,,3BoardEx
159,MDLZ,MONDELEZ INTERNATIONAL INC,142953,TMT,Mary Beth West,Caucasian/White,0,0,F,1,1,No,,2Bermiss
160,ORCL,ORACLE CORP,12142,TMT,Jeff Henley,Caucasian/White,0,0,M,0,1,Yes,,3BoardEx
161,ORCL,ORACLE CORP,12142,TMT,Larry Ellison,Caucasian/White,0,0,M,0,1,Yes,,3BoardEx
162,ORCL,ORACLE CORP,12142,CEO,Safra Catz,Caucasian/White,0,0,F,1,1,Yes,,3BoardEx
163,PARA,PARAMOUNT GLOBAL,13714,CEO,Bob Bakish,Caucasian/White,0,0,M,0,0,Yes,,3BoardEx
164,TROW,PRICE (T. ROWE) GROUP,12138,CEO,Bill Stromberg,Caucasian/White,0,0,M,0,0,Yes,,3BoardEx
165,RL,RALPH LAUREN CORP,64891,TMT,David Lauren,Caucasian/White,0,0,M,0,1,Yes,,3BoardEx
166,RL,RALPH LAUREN CORP,64891,CEO,Patrice Louvet,Caucasian/White,0,0,M,0,1,Yes,,3BoardEx
167,RL,RALPH LAUREN CORP,64891,TMT,Ralph Lauren,Caucasian/White,0,0,M,0,1,Yes,,3BoardEx
168,NLOK,NORTONLIFELOCK INC,15855,TMT,Scott Taylor,Caucasian/White,0,0,M,0,2,Yes,,2Bermiss
169,ORCL,ORACLE CORP,12142,TMT,Charles Phillips,Caucasian/White,0,0,M,0,1,No,,2Bermiss
170,SO,SOUTHERN CO,9850,CEO,Tom Fanning,Caucasian/White,0,0,M,0,2,Yes,,3BoardEx
171,TGT,TARGET CORP,3813,CEO,Bill Andres,Caucasian/White,0,0,M,0,1,Yes,,3BoardEx
172,TGT,TARGET CORP,3813,CEO,Brian Cornell,Caucasian/White,0,0,M,0,1,Yes,,3BoardEx
173,RL,RALPH LAUREN CORP,64891,TMT,Tracey Travis,Caucasian/White,0,0,F,1,1,Yes,,2Bermiss
174,UNP,UNION PACIFIC CORP,10867,CEO,Lance Fritz,Caucasian/White,0,0,M,0,3,Yes,,3BoardEx
175,UPS,UNITED PARCEL SERVICE INC,10920,CEO,David Abney,Caucasian/White,0,0,M,0,0,Yes,,3BoardEx
176,URI,UNITED RENTALS INC,66065,CEO,Matt Flannery,Caucasian/White,0,0,M,0,1,Yes,,3BoardEx
177,UNH,UNITEDHEALTH GROUP INC,10903,CEO,Dave Wichmann,Caucasian/White,0,0,M,0,1,Yes,,3BoardEx
178,WBA,WALGREENS BOOTS ALLIANCE INC,11264,TMT,Jim Skinner,Caucasian/White,0,0,M,0,2,Yes,,3BoardEx
179,URI,UNITED RENTALS INC,66065,TMT,William Plummer,Caucasian/White,0,0,M,0,1,No,,2Bermiss
180,WBA,WALGREENS BOOTS ALLIANCE INC,11264,CEO,Stefano Pessina,Caucasian/White,0,0,M,0,2,Yes,,3BoardEx
181,WMT,WALMART INC,11259,CEO,Doug McMillon,Caucasian/White,0,0,M,0,0,Yes,,3BoardEx
182,WFC,WELLS FARGO & CO,8007,CEO,Bruno Wall,Caucasian/White,0,0,M,0,2,Yes,,3BoardEx
183,WFC,WELLS FARGO & CO,8007,CEO,Charlie Scharf,Caucasian/White,0,0,M,0,2,Yes,,3BoardEx
184,WU,WESTERN UNION CO,175263,CEO,Hikmet Ersek,Caucasian/White,0,0,M,0,0,Yes,,3BoardEx
185,WHR,WHIRLPOOL CORP,11465,CEO,Doctor Marc Bitzer,Caucasian/White,0,0,M,0,1,Yes,,3BoardEx
186,XRX,XEROX HOLDINGS CORP,11636,CEO,John Visentin,Caucasian/White,0,0,M,0,5,Yes,,3BoardEx
187,MMM,3M CO,7435,CEO,Mike Roman,Caucasian/White,0,0,M,0,0,Yes,,3BoardEx
188,ABMD,ABIOMED INC,13619,CEO,Mike Minogue,Caucasian/White,0,0,M,0,0,Yes,,3BoardEx
189,ATVI,ACTIVISION BLIZZARD INC,180405,CEO,Bobby Kotick,Caucasian/White,0,0,M,0,0,Yes,,3BoardEx
190,AAP,ADVANCE AUTO PARTS INC,145977,CEO,Tom Greco,Caucasian/White,0,0,M,0,0,Yes,,3BoardEx
191,A,AGILENT TECHNOLOGIES INC,126554,CEO,Mike McMullen,Caucasian/White,0,0,M,0,0,Yes,,3BoardEx
192,AKAM,AKAMAI TECHNOLOGIES INC,125595,CEO,Doctor Tom Leighton,Caucasian/White,0,0,M,0,0,Yes,,3BoardEx
193,ALK,ALASKA AIR GROUP INC,1230,CEO,Brad Tilden,Caucasian/White,0,0,M,0,0,Yes,,3BoardEx
194,ARE,ALEXANDRIA R E EQUITIES INC,64821,CEO,Jean-Louis Servranckx,Caucasian/White,0,0,M,0,0,Yes,,3BoardEx
195,ARE,ALEXANDRIA R E EQUITIES INC,64821,TMT,Joel Marcus,Caucasian/White,0,0,M,0,0,Yes,,3BoardEx
196,ALXN,ALEXION PHARMACEUTICALS INC,62263,CEO,Doctor Ludwig Hantson,Caucasian/White,0,0,M,0,0,Yes,,3BoardEx
197,ALGN,ALIGN TECHNOLOGY INC,141384,CEO,Joe Hogan,Caucasian/White,0,0,M,0,0,Yes,,3BoardEx
198,LNT,ALLIANT ENERGY CORP,11554,CEO,John Larsen,Caucasian/White,0,0,M,0,0,Yes,,3BoardEx
199,ALL,ALLSTATE CORP,28349,CEO,Tom Wilson II,Caucasian/White,0,0,M,0,0,Yes,,3BoardEx
200,AMZN,AMAZON.COM INC,64768,CEO,Jeff Bezos,Caucasian/White,0,0,M,0,0,Yes,,3BoardEx
201,AEE,AMEREN CORP,10860,CEO,Warner Baxter,Caucasian/White,0,0,M,0,0,Yes,,3BoardEx
202,AAL,AMERICAN AIRLINES GROUP INC,1045,CEO,Doug Parker Jr,Caucasian/White,0,0,M,0,0,Yes,,3BoardEx
203,AEP,AMERICAN ELECTRIC POWER CO,1440,CEO,Nick Akins,Caucasian/White,0,0,M,0,0,Yes,,3BoardEx
204,AMP,AMERIPRISE FINANCIAL INC,164708,CEO,Jim Cracchiolo,Caucasian/White,0,0,M,0,0,Yes,,3BoardEx
205,AME,AMETEK INC,1598,CEO,David Zapico,Caucasian/White,0,0,M,0,0,Yes,,3BoardEx
206,AME,AMETEK INC,1598,TMT,Mike McInnis,Caucasian/White,0,0,M,0,0,Yes,,3BoardEx
207,AMGN,AMGEN INC,1602,CEO,Bob Bradway,Caucasian/White,0,0,M,0,0,Yes,,3BoardEx
208,APH,AMPHENOL CORP,14282,CEO,Richard Norwitt,Caucasian/White,0,0,M,0,0,Yes,,3BoardEx
209,ADI,ANALOG DEVICES INC,1632,CEO,Vincent Roche,Caucasian/White,0,0,M,0,0,Yes,,3BoardEx
210,APA,APA CORP,1678,CEO,John Christmann IV,Caucasian/White,0,0,M,0,0,Yes,,3BoardEx
211,AIV,APARTMENT INVST & MGMT CO,30490,CEO,The Hon. Terry Considine,Caucasian/White,0,0,M,0,0,Yes,,3BoardEx
212,AAPL,APPLE INC,1690,CEO,Tim Cook,Caucasian/White,0,0,M,0,0,Yes,,3BoardEx
213,AMAT,APPLIED MATERIALS INC,1704,CEO,Gary Dickerson,Caucasian/White,0,0,M,0,0,Yes,,3BoardEx
214,ANET,ARISTA NETWORKS INC,20748,TMT,Doctor Andy von Bechtolsheim,Caucasian/White,0,0,M,0,0,Yes,,3BoardEx
215,AJG,ARTHUR J GALLAGHER & CO,4973,CEO,Pat Gallagher Jr,Caucasian/White,0,0,M,0,0,Yes,,3BoardEx
216,AIZ,ASSURANT INC,157057,CEO,Alan Colberg,Caucasian/White,0,0,M,0,0,Yes,,3BoardEx
217,ATO,ATMOS ENERGY CORP,4383,CEO,John Akers,Caucasian/White,0,0,M,0,0,Yes,,3BoardEx
218,ATO,ATMOS ENERGY CORP,4383,TMT,Kim Cocklin,Caucasian/White,0,0,M,0,0,Yes,,3BoardEx
219,ADSK,AUTODESK INC,1878,CEO,Doctor Andrew Anagnost,Caucasian/White,0,0,M,0,0,Yes,,3BoardEx
220,AZO,AUTOZONE INC,23809,CEO,Bill Rhodes III,Caucasian/White,0,0,M,0,0,Yes,,3BoardEx
221,AVB,AVALONBAY COMMUNITIES INC,29875,CEO,Tim Naughton,Caucasian/White,0,0,M,0,0,Yes,,3BoardEx
222,AVY,AVERY DENNISON CORP,1913,CEO,Mitch Butier,Caucasian/White,0,0,M,0,0,Yes,,3BoardEx
223,BKR,BAKER HUGHES CO,32106,CEO,Lorenzo Simonelli,Caucasian/White,0,0,M,0,0,Yes,,3BoardEx
224,BALL,BALL CORP,1988,CEO,John Hayes,Caucasian/White,0,0,M,0,0,Yes,,3BoardEx
225,BAC,BANK OF AMERICA CORP,7647,CEO,Brian Moynihan,Caucasian/White,0,0,M,0,0,Yes,,3BoardEx
226,BAC,BANK OF AMERICA CORP,7647,CEO,Hans Vestberg,Caucasian/White,0,0,M,0,0,Yes,,3BoardEx
227,BK,BANK OF NEW YORK MELLON CORP,2019,CEO,Steve Finch,Caucasian/White,0,0,M,0,0,Yes,,3BoardEx
228,BBWI,BATH & BODY WORKS INC,6733,CEO,Leslie Wexner,Caucasian/White,0,0,M,0,0,No,,3BoardEx
229,WRB,BERKLEY (W R) CORP,14822,CEO,Rob Berkley Jr,Caucasian/White,0,0,M,0,0,Yes,,3BoardEx
230,WRB,BERKLEY (W R) CORP,14822,TMT,Wm Berkley Sr,Caucasian/White,0,0,M,0,0,Yes,,3BoardEx
231,BRK.B,BERKSHIRE HATHAWAY,2176,TMT,Charlie Munger,Caucasian/White,0,0,M,0,0,Yes,,3BoardEx
232,BRK.B,BERKSHIRE HATHAWAY,2176,TMT,Greg Abel,Caucasian/White,0,0,M,0,0,Yes,,3BoardEx
233,BRK.B,BERKSHIRE HATHAWAY,2176,CEO,Warren Buffett,Caucasian/White,0,0,M,0,0,No,,3BoardEx
234,BIO,BIO-RAD LABORATORIES INC,2220,CEO,Norman Schwartz,Caucasian/White,0,0,M,0,0,Yes,,3BoardEx
235,BIIB,BIOGEN INC,24468,CEO,Michel Vounatsos,Caucasian/White,0,0,M,0,0,Yes,,3BoardEx
236,BLK,BLACKROCK INC,124434,CEO,Larry Fink,Caucasian/White,0,0,M,0,0,Yes,,3BoardEx
237,BKNG,BOOKING HOLDINGS INC,119314,CEO,Glenn Fogel,Caucasian/White,0,0,M,0,0,Yes,,3BoardEx
238,BWA,BORGWARNER INC,28742,CEO,Frederic Lissalde,Caucasian/White,0,0,M,0,0,Yes,,3BoardEx
239,BXP,BOSTON PROPERTIES INC,64925,CEO,Owen Thomas,Caucasian/White,0,0,M,0,0,Yes,,3BoardEx
240,BSX,BOSTON SCIENTIFIC CORP,25279,TMT,Mark Eaton,Caucasian/White,0,0,M,0,0,Yes,,3BoardEx
241,BSX,BOSTON SCIENTIFIC CORP,25279,CEO,Mike Mahoney,Caucasian/White,0,0,M,0,0,Yes,,3BoardEx
242,BSX,BOSTON SCIENTIFIC CORP,25279,CEO,Peter Tagliamonte,Caucasian/White,0,0,M,0,0,Yes,,3BoardEx
243,BMY,BRISTOL-MYERS SQUIBB CO,2403,CEO,Doctor Giovanni Caforio,Caucasian/White,0,0,M,0,0,Yes,,3BoardEx
244,BR,BROADRIDGE FINANCIAL SOLUTNS,176928,TMT,Rich Daly,Caucasian/White,0,0,M,0,0,Yes,,3BoardEx
245,BF.B,BROWN FORMAN CORP,2435,CEO,Lawson Whiting,Caucasian/White,0,0,M,0,0,Yes,,3BoardEx
246,BG,BUNGE LTD,144435,CEO,Greg Heckman,Caucasian/White,0,0,M,0,0,Yes,,3BoardEx
247,CHRW,C H ROBINSON WORLDWIDE INC,65609,CEO,Bob Biesterfeld Jr,Caucasian/White,0,0,M,0,0,Yes,,3BoardEx
248,CHRW,C H ROBINSON WORLDWIDE INC,65609,TMT,John Wiehoff,Caucasian/White,0,0,M,0,0,No,,3BoardEx
249,CPB,CAMPBELL SOUP CO,2663,CEO,Mark Clouse,Caucasian/White,0,0,M,0,0,Yes,,3BoardEx
250,COF,CAPITAL ONE FINANCIAL CORP,30990,CEO,Rich Fairbank,Caucasian/White,0,0,M,0,0,Yes,,3BoardEx
251,CAH,CARDINAL HEALTH INC,2751,CEO,Mike Kaufmann,Caucasian/White,0,0,M,0,0,Yes,,3BoardEx
252,KMX,CARMAX INC,64410,CEO,Bill Nash,Caucasian/White,0,0,M,0,0,Yes,,3BoardEx
253,CTLT,CATALENT INC,20228,CEO,John Chiminski,Caucasian/White,0,0,M,0,0,Yes,,3BoardEx
254,CAT,CATERPILLAR INC,2817,CEO,Jim Umpleby III,Caucasian/White,0,0,M,0,0,Yes,,3BoardEx
255,CBOE,CBOE GLOBAL MARKETS INC,184500,CEO,Ed Tilly,Caucasian/White,0,0,M,0,0,Yes,,3BoardEx
256,CBRE,CBRE GROUP INC,260774,CEO,Bob Sulentic,Caucasian/White,0,0,M,0,0,Yes,,3BoardEx
257,CDW,CDW CORP,28320,CEO,Chris Leahy,Caucasian/White,0,0,M,0,0,Yes,,3BoardEx
258,CNC,CENTENE CORP,145552,CEO,Michael Neidorff,Caucasian/White,0,0,M,0,0,Yes,,3BoardEx
259,CERN,CERNER CORP,12850,CEO,D Shafer,Caucasian/White,0,0,M,0,0,Yes,,3BoardEx
260,CF,CF INDUSTRIES HOLDINGS INC,163946,CEO,Dan Daviau,Caucasian/White,0,0,M,0,0,Yes,,3BoardEx
261,CF,CF INDUSTRIES HOLDINGS INC,163946,TMT,David Kassie,Caucasian/White,0,0,M,0,0,Yes,,3BoardEx
262,CF,CF INDUSTRIES HOLDINGS INC,163946,CEO,Tony Will,Caucasian/White,0,0,M,0,0,Yes,,3BoardEx
263,CHTR,CHARTER COMMUNICATIONS INC,126136,CEO,Tom Rutledge,Caucasian/White,0,0,M,0,0,Yes,,3BoardEx
264,CVX,CHEVRON CORP,2991,CEO,Mike Wirth,Caucasian/White,0,0,M,0,0,Yes,,3BoardEx
265,CMG,CHIPOTLE MEXICAN GRILL INC,165914,CEO,Ryan Schneider,Caucasian/White,0,0,M,0,0,Yes,,3BoardEx
266,CHD,CHURCH & DWIGHT INC,3026,CEO,Matthew Farrell,Caucasian/White,0,0,M,0,0,Yes,,3BoardEx
267,CINF,CINCINNATI FINANCIAL CORP,14824,CEO,Steve Johnston,Caucasian/White,0,0,M,0,0,No,,3BoardEx
268,CSCO,CISCO SYSTEMS INC,20779,CEO,Chuck Robbins,Caucasian/White,0,0,M,0,0,Yes,,3BoardEx
269,CFG,CITIZENS FINANCIAL GROUP INC,21825,CEO,Bruce van Saun,Caucasian/White,0,0,M,0,0,Yes,,3BoardEx
270,CTXS,CITRIX SYSTEMS INC,61676,CEO,David Henshall,Caucasian/White,0,0,M,0,0,Yes,,3BoardEx
271,CLX,CLOROX CO/DE,3121,CEO,Benno Dorer,Caucasian/White,0,0,M,0,0,Yes,,3BoardEx
272,CME,CME GROUP INC,149070,CEO,The Hon. Terry Duffy,Caucasian/White,0,0,M,0,0,Yes,,3BoardEx
273,CTSH,COGNIZANT TECH SOLUTIONS,111864,CEO,Brian Humphries,Caucasian/White,0,0,M,0,0,Yes,,3BoardEx
274,CL,COLGATE-PALMOLIVE CO,3170,CEO,Charles Bachtell,Caucasian/White,0,0,M,0,0,Yes,,3BoardEx
275,CAG,CONAGRA BRANDS INC,3362,CEO,Sean Connolly,Caucasian/White,0,0,M,0,0,Yes,,3BoardEx
276,COP,CONOCOPHILLIPS,8549,CEO,Ryan Lance,Caucasian/White,0,0,M,0,0,Yes,,3BoardEx
277,ED,CONSOLIDATED EDISON INC,3413,CEO,John McAvoy,Caucasian/White,0,0,M,0,0,Yes,,3BoardEx
278,STZ,CONSTELLATION BRANDS,2710,CEO,Bill Newlands Jr,Caucasian/White,0,0,M,0,0,Yes,,3BoardEx
279,STZ,CONSTELLATION BRANDS,2710,TMT,Doctor Richard Sands,Caucasian/White,0,0,M,0,0,Yes,,3BoardEx
280,STZ,CONSTELLATION BRANDS,2710,TMT,Rob Sands,Caucasian/White,0,0,M,0,0,Yes,,3BoardEx
281,COO,COOPER COS INC (THE),3504,CEO,Al White III,Caucasian/White,0,0,M,0,0,Yes,,3BoardEx
282,CPRT,COPART INC,29901,CEO,Jay Adair,Caucasian/White,0,0,M,0,0,Yes,,3BoardEx
283,CPRT,COPART INC,29901,TMT,Willis Johnson,Caucasian/White,0,0,M,0,0,Yes,,3BoardEx
284,CTVA,CORTEVA INC,35168,CEO,Jim Collins Jr,Caucasian/White,0,0,M,0,0,Yes,,3BoardEx
285,CSGP,COSTAR GROUP INC,112111,CEO,Andy Florance,Caucasian/White,0,0,M,0,0,Yes,,3BoardEx
286,COST,COSTCO WHOLESALE CORP,29028,CEO,W Jelinek,Caucasian/White,0,0,M,0,0,Yes,,3BoardEx
287,CTRA,COTERRA ENERGY INC,20548,CEO,Dan Dinges,Caucasian/White,0,0,M,0,0,Yes,,3BoardEx
288,CSX,CSX CORP,2574,CEO,Graeme Lempriere,Caucasian/White,0,0,M,0,0,Yes,,3BoardEx
289,CSX,CSX CORP,2574,CEO,Jim Foote,Caucasian/White,0,0,M,0,0,Yes,,3BoardEx
290,CMI,CUMMINS INC,3650,CEO,Doctor Leslie Klein,Caucasian/White,0,0,M,0,0,Yes,,3BoardEx
291,CMI,CUMMINS INC,3650,CEO,Tom Linebarger,Caucasian/White,0,0,M,0,0,Yes,,3BoardEx
292,CVS,CVS HEALTH CORP,7241,CEO,Larry Merlo,Caucasian/White,0,0,M,0,0,Yes,,3BoardEx
293,DHI,D R HORTON INC,25340,TMT,Donald Horton,Caucasian/White,0,0,M,0,0,Yes,,3BoardEx
294,DHR,DANAHER CORP,3735,TMT,Steven Rales,Caucasian/White,0,0,M,0,0,Yes,,3BoardEx
295,DHR,DANAHER CORP,3735,CEO,Tom Joyce Jr,Caucasian/White,0,0,M,0,0,Yes,,3BoardEx
296,DVA,DAVITA INC,61483,TMT,Kent Thiry,Caucasian/White,0,0,M,0,0,Yes,,3BoardEx
297,DE,DEERE & CO,3835,CEO,James Paterson,Caucasian/White,0,0,M,0,0,Yes,,3BoardEx
298,DE,DEERE & CO,3835,CEO,John May,Caucasian/White,0,0,M,0,0,No,,3BoardEx
299,DAL,DELTA AIR LINES INC,3851,CEO,Ed Bastian,Caucasian/White,0,0,M,0,0,Yes,,3BoardEx
300,XRAY,DENTSPLY SIRONA INC,13700,CEO,Don Casey Jr,Caucasian/White,0,0,M,0,0,Yes,,3BoardEx
301,DVN,DEVON ENERGY CORP,14934,CEO,Dave Hager,Caucasian/White,0,0,M,0,0,Yes,,3BoardEx
302,DXCM,DEXCOM INC,162887,CEO,Kevin Sayer,Caucasian/White,0,0,M,0,0,Yes,,3BoardEx
303,FANG,DIAMONDBACK ENERGY INC,170750,CEO,Travis Stice,Caucasian/White,0,0,M,0,0,Yes,,3BoardEx
304,DLR,DIGITAL REALTY TRUST INC,160991,CEO,Bill Stein,Caucasian/White,0,0,M,0,0,Yes,,3BoardEx
305,DFS,DISCOVER FINANCIAL SVCS,177376,CEO,Roger Hochschild,Caucasian/White,0,0,M,0,0,Yes,,3BoardEx
306,DISH,DISH NETWORK CORP,60900,TMT,Charlie Ergen,Caucasian/White,0,0,M,0,0,Yes,,3BoardEx
307,DG,DOLLAR GENERAL CORP,4016,CEO,Todd Vasos,Caucasian/White,0,0,M,0,0,Yes,,3BoardEx
308,DLTR,DOLLAR TREE INC,31587,TMT,Bob Sasser,Caucasian/White,0,0,M,0,0,Yes,,3BoardEx
309,DLTR,DOLLAR TREE INC,31587,CEO,Gary Philbin,Caucasian/White,0,0,M,0,0,Yes,,3BoardEx
310,D,DOMINION ENERGY INC,4029,CEO,Tom Farrell II,Caucasian/White,0,0,M,0,0,Yes,,3BoardEx
311,DOV,DOVER CORP,4058,CEO,Rich Tobin,Caucasian/White,0,0,M,0,0,Yes,,3BoardEx
312,DTE,DTE ENERGY CO,3897,TMT,Gerry Anderson,Caucasian/White,0,0,M,0,0,Yes,,3BoardEx
313,DTE,DTE ENERGY CO,3897,CEO,Jerry Norcia,Caucasian/White,0,0,M,0,0,Yes,,3BoardEx
314,DUK,DUKE ENERGY CORP,4093,CEO,Lynn Good,Caucasian/White,0,0,M,0,0,Yes,,3BoardEx
315,DRE,DUKE REALTY CORP,13510,CEO,Jim Connor,Caucasian/White,0,0,M,0,0,Yes,,3BoardEx
316,DXC,DXC TECHNOLOGY CO,3336,CEO,Mike Salvino,Caucasian/White,0,0,M,0,0,Yes,,3BoardEx
317,EMN,EASTMAN CHEMICAL CO,29392,CEO,Mark Costa,Caucasian/White,0,0,M,0,0,Yes,,3BoardEx
318,ECL,ECOLAB INC,4213,CEO,Doug Baker Jr,Caucasian/White,0,0,M,0,0,Yes,,3BoardEx
319,EW,EDWARDS LIFESCIENCES CORP,133366,CEO,Mike Mussallem,Caucasian/White,0,0,M,0,0,Yes,,3BoardEx
320,EW,EDWARDS LIFESCIENCES CORP,133366,CEO,Nick DeMare,Caucasian/White,0,0,M,0,0,Yes,,3BoardEx
321,EA,ELECTRONIC ARTS INC,16721,CEO,Andrew Wilson,Caucasian/White,0,0,M,0,0,Yes,,3BoardEx
322,ELV,ELEVANCE HEALTH INC,145046,CEO,Gail Boudreaux,Caucasian/White,0,0,F,1,0,Yes,,3BoardEx
323,EMR,EMERSON ELECTRIC CO,4321,CEO,David Farr,Caucasian/White,0,0,M,0,0,Yes,,3BoardEx
324,EOG,EOG RESOURCES INC,16478,CEO,Bill Thomas,Caucasian/White,0,0,M,0,0,Yes,,3BoardEx
325,EOG,EOG RESOURCES INC,16478,CEO,Gil Holzman,Caucasian/White,0,0,M,0,0,Yes,,3BoardEx
326,EPAM,EPAM SYSTEMS INC,187697,CEO,Arkadiy Dobkin,Caucasian/White,0,0,M,0,0,Yes,,3BoardEx
327,EFX,EQUIFAX INC,4423,CEO,Marc Rossiter,Caucasian/White,0,0,M,0,0,Yes,,3BoardEx
328,EFX,EQUIFAX INC,4423,CEO,Mark Begor,Caucasian/White,0,0,M,0,0,Yes,,3BoardEx
329,EQIX,EQUINIX INC,138743,CEO,Charles Meyers,Caucasian/White,0,0,M,0,0,Yes,,3BoardEx
330,EQIX,EQUINIX INC,138743,TMT,Peter Van Camp,Caucasian/White,0,0,M,0,0,Yes,,3BoardEx
331,EQR,EQUITY RESIDENTIAL,28733,CEO,Mark Parrell,Caucasian/White,0,0,M,0,0,Yes,,3BoardEx
332,ESS,ESSEX PROPERTY TRUST,30293,CEO,Mike Schall,Caucasian/White,0,0,M,0,0,Yes,,3BoardEx
333,ETSY,ETSY INC,23238,CEO,Josh Silverman,Caucasian/White,0,0,M,0,0,Yes,,3BoardEx
334,EVRG,EVERGY INC,6338,CEO,Terry Bassham,Caucasian/White,0,0,M,0,0,Yes,,3BoardEx
335,ES,EVERSOURCE ENERGY,7970,CEO,Jim Judge,Caucasian/White,0,0,M,0,0,Yes,,3BoardEx
336,EXPD,EXPEDITORS INTL WASH INC,4494,CEO,Jeff Musser,Caucasian/White,0,0,M,0,0,Yes,,3BoardEx
337,EXR,EXTRA SPACE STORAGE INC,160479,CEO,Joe Margolis,Caucasian/White,0,0,M,0,0,Yes,,3BoardEx
338,XOM,EXXON MOBIL CORP,4503,CEO,Darren Woods,Caucasian/White,0,0,M,0,0,Yes,,3BoardEx
339,FAST,FASTENAL CO,14225,CEO,Dan Florness,Caucasian/White,0,0,M,0,0,Yes,,3BoardEx
340,FRT,FEDERAL REALTY INVESTMENT TR,4605,CEO,Don Wood,Caucasian/White,0,0,M,0,0,Yes,,3BoardEx
341,FDX,FEDEX CORP,4598,CEO,Fred Smith,Caucasian/White,0,0,M,0,0,Yes,,3BoardEx
342,FIS,FIDELITY NATIONAL INFO SVCS,165993,CEO,Gary Norcross,Caucasian/White,0,0,M,0,0,Yes,,3BoardEx
343,FE,FIRSTENERGY CORP,8099,CEO,Chuck Jones Jr,Caucasian/White,0,0,M,0,0,No,,3BoardEx
344,FLT,FLEETCOR TECHNOLOGIES INC,184700,CEO,Mike Zahra,Caucasian/White,0,0,M,0,0,Yes,,3BoardEx
345,FLT,FLEETCOR TECHNOLOGIES INC,184700,CEO,Ron Clarke,Caucasian/White,0,0,M,0,0,Yes,,3BoardEx
346,FLIR,FLIR SYSTEMS INC,28477,CEO,Jim Cannon,Caucasian/White,0,0,M,0,0,Yes,,3BoardEx
347,FLS,FLOWSERVE CORP,4108,CEO,Robert Rowe,Caucasian/White,0,0,M,0,0,Yes,,3BoardEx
348,FMC,FMC CORP,4510,CEO,Doctor Pierre Brondeau,Caucasian/White,0,0,M,0,0,Yes,,3BoardEx
349,F,FORD MOTOR CO,4839,TMT,Bill Ford Jr,Caucasian/White,0,0,M,0,0,Yes,,3BoardEx
350,F,FORD MOTOR CO,4839,CEO,Jim Hackett,Caucasian/White,0,0,M,0,0,Yes,,3BoardEx
351,F,FORD MOTOR CO,4839,CEO,Tim Warman,Caucasian/White,0,0,M,0,0,Yes,,3BoardEx
352,FTV,FORTIVE CORP,26590,CEO,Jim Lico,Caucasian/White,0,0,M,0,0,Yes,,3BoardEx
353,FOXA,FOX CORP,34636,TMT,Keith Murdoch,Caucasian/White,0,0,M,0,0,Yes,,3BoardEx
354,FOXA,FOX CORP,34636,CEO,Lachlan Murdoch,Caucasian/White,0,0,M,0,0,Yes,,3BoardEx
355,BEN,FRANKLIN RESOURCES INC,4885,TMT,Rupert Johnson Jr,Caucasian/White,0,0,M,0,0,Yes,,3BoardEx
356,FCX,FREEPORT-MCMORAN INC,14590,CEO,Richard Adkerson,Caucasian/White,0,0,M,0,0,Yes,,3BoardEx
357,IT,GARTNER INC,12441,CEO,Gene Hall,Caucasian/White,0,0,M,0,0,Yes,,3BoardEx
358,GD,GENERAL DYNAMICS CORP,5046,CEO,Phebe Novakovic,Caucasian/White,0,0,F,1,0,Yes,,3BoardEx
359,GE,GENERAL ELECTRIC CO,5047,CEO,Larry Culp Jr,Caucasian/White,0,0,M,0,0,Yes,,3BoardEx
360,GPC,GENUINE PARTS CO,5125,CEO,Paul Donahue,Caucasian/White,0,0,M,0,0,Yes,,3BoardEx
361,GPN,GLOBAL PAYMENTS INC,141913,CEO,Jeff Sloan,Caucasian/White,0,0,M,0,0,Yes,,3BoardEx
362,GL,GLOBE LIFE INC,10614,CEO,Gary Coleman,Caucasian/White,0,0,M,0,0,Yes,,3BoardEx
363,GL,GLOBE LIFE INC,10614,CEO,Larry Hutchison,Caucasian/White,0,0,M,0,0,Yes,,3BoardEx
364,GS,GOLDMAN SACHS GROUP INC,114628,CEO,David Solomon,Caucasian/White,0,0,M,0,0,Yes,,3BoardEx
365,GWW,GRAINGER (W W) INC,5256,CEO,DG Macpherson,Caucasian/White,0,0,M,0,0,Yes,,3BoardEx
366,HAL,HALLIBURTON CO,5439,CEO,Jeff Miller,Caucasian/White,0,0,M,0,0,Yes,,3BoardEx
367,HIG,HARTFORD FINANCIAL SERVICES,61739,CEO,Chris Swift,Caucasian/White,0,0,M,0,0,Yes,,3BoardEx
368,HAS,HASBRO INC,5518,CEO,Brian Goldner,Caucasian/White,0,0,M,0,0,Yes,,3BoardEx
369,HCA,HCA HEALTHCARE INC,22260,CEO,Sam Hazen,Caucasian/White,0,0,M,0,0,Yes,,3BoardEx
370,JKHY,HENRY (JACK) & ASSOCIATES,11811,CEO,Dave Foss,Caucasian/White,0,0,M,0,0,Yes,,3BoardEx
371,HSIC,HENRY SCHEIN INC,61494,TMT,Jim Breslawski,Caucasian/White,0,0,M,0,0,Yes,,3BoardEx
372,HSIC,HENRY SCHEIN INC,61494,CEO,Stan Bergman,Caucasian/White,0,0,M,0,0,Yes,,3BoardEx
373,HSY,HERSHEY CO,5597,CEO,Michele Buck,Caucasian/White,0,0,F,1,0,Yes,,3BoardEx
374,HES,HESS CORP,1380,CEO,John Hess,Caucasian/White,0,0,M,0,0,Yes,,3BoardEx
375,HPE,HEWLETT PACKARD ENTERPRISE,26156,CEO,Antonio Neri,Caucasian/White,0,0,M,0,0,Yes,,3BoardEx
376,HLT,HILTON WORLDWIDE HOLDINGS,5643,CEO,Chris Nassetta,Caucasian/White,0,0,M,0,0,Yes,,3BoardEx
377,HLT,HILTON WORLDWIDE HOLDINGS,5643,TMT,Gregory Dillon,Caucasian/White,0,0,M,0,0,Yes,,3BoardEx
378,HOLX,HOLOGIC INC,20904,CEO,Steve MacMillan,Caucasian/White,0,0,M,0,0,Yes,,3BoardEx
379,HON,HONEYWELL INTERNATIONAL INC,1300,CEO,Darius Adamczyk,Caucasian/White,0,0,M,0,0,Yes,,3BoardEx
380,HRL,HORMEL FOODS CORP,5709,CEO,Jim Snee,Caucasian/White,0,0,M,0,0,Yes,,3BoardEx
381,HST,HOST HOTELS & RESORTS INC,7063,TMT,Dick Marriott,Caucasian/White,0,0,M,0,0,Yes,,3BoardEx
382,HST,HOST HOTELS & RESORTS INC,7063,CEO,Jim Risoleo,Caucasian/White,0,0,M,0,0,Yes,,3BoardEx
383,HPQ,HP INC,5606,CEO,Bernard Tourillon,Caucasian/White,0,0,M,0,0,Yes,,3BoardEx
384,HUM,HUMANA INC,27914,CEO,Bruce Broussard,Caucasian/White,0,0,M,0,0,Yes,,3BoardEx
385,JBHT,HUNT (JB) TRANSPRT SVCS INC,5783,TMT,James Thompson,Caucasian/White,0,0,M,0,0,Yes,,3BoardEx
386,JBHT,HUNT (JB) TRANSPRT SVCS INC,5783,CEO,John Roberts III,Caucasian/White,0,0,M,0,0,Yes,,3BoardEx
387,HBAN,HUNTINGTON BANCSHARES,5786,CEO,Steve Steinour,Caucasian/White,0,0,M,0,0,Yes,,3BoardEx
388,IDXX,IDEXX LABS INC,24197,CEO,Jonathan Mazelsky,Caucasian/White,0,0,M,0,0,Yes,,3BoardEx
389,ITW,ILLINOIS TOOL WORKS,5878,CEO,Ernest Santi,Caucasian/White,0,0,M,0,0,Yes,,3BoardEx
390,INCY,INCYTE CORP,29127,CEO,Herve Hoppenot,Caucasian/White,0,0,M,0,0,Yes,,3BoardEx
391,IR,INGERSOLL RAND INC,30098,CEO,Mike Lamach,Caucasian/White,0,0,M,0,0,Yes,,3BoardEx
392,PODD,INSULET CORP,177227,CEO,Shacey Petrovic,Caucasian/White,0,0,F,1,0,Yes,,3BoardEx
393,INTC,INTEL CORP,6008,CEO,Bob Swan,Caucasian/White,0,0,M,0,0,Yes,,3BoardEx
394,ICE,INTERCONTINENTAL EXCHANGE,163610,CEO,Jeff Sprecher,Caucasian/White,0,0,M,0,0,Yes,,3BoardEx
395,ICE,INTERCONTINENTAL EXCHANGE,163610,CEO,Joey St-Aubin,Caucasian/White,0,0,M,0,0,Yes,,3BoardEx
396,IPG,INTERPUBLIC GROUP OF COS,6136,CEO,Michael Roth,Caucasian/White,0,0,M,0,0,Yes,,3BoardEx
397,IFF,INTL FLAVORS & FRAGRANCES,6078,CEO,Andreas Fibig,Caucasian/White,0,0,M,0,0,Yes,,3BoardEx
398,IP,INTL PAPER CO,6104,CEO,Alen Silverrstieen,Caucasian/White,0,0,M,0,0,Yes,,3BoardEx
399,IP,INTL PAPER CO,6104,CEO,Mark Sutton,Caucasian/White,0,0,M,0,0,Yes,,3BoardEx
400,INTU,INTUIT INC,27928,TMT,Brad Smith,Caucasian/White,0,0,M,0,0,Yes,,3BoardEx
401,ISRG,INTUITIVE SURGICAL INC,136725,CEO,Doctor Gary Guthart,Caucasian/White,0,0,M,0,0,Yes,,3BoardEx
402,IVZ,INVESCO LTD,29804,CEO,Marty Flanagan,Caucasian/White,0,0,M,0,0,Yes,,3BoardEx
403,INVH,INVITATION HOMES INC,30004,CEO,Dallas Tanner,Caucasian/White,0,0,M,0,0,Yes,,3BoardEx
404,IPGP,IPG PHOTONICS CORP,175955,CEO,Doctor Valentin Gapontsev,Caucasian/White,0,0,M,0,0,Yes,,3BoardEx
405,IQV,IQVIA HOLDINGS INC,17928,CEO,Ari Bousbib,Caucasian/White,0,0,M,0,0,Yes,,3BoardEx
406,IRM,IRON MOUNTAIN INC,62374,CEO,Bill Meaney,Caucasian/White,0,0,M,0,0,Yes,,3BoardEx
407,J,JACOBS ENGINEERING GROUP INC,6216,CEO,Steve Demetriou,Caucasian/White,0,0,M,0,0,Yes,,3BoardEx
408,JNJ,JOHNSON & JOHNSON,6266,CEO,Alex Gorsky,Caucasian/White,0,0,M,0,0,Yes,,3BoardEx
409,JPM,JPMORGAN CHASE & CO,2968,CEO,Jamie Dimon,Caucasian/White,0,0,M,0,0,Yes,,3BoardEx
410,KSU,KANSAS CITY SOUTHERN,6335,CEO,Pat Ottensmeyer,Caucasian/White,0,0,M,0,0,Yes,,3BoardEx
411,K,KELLOGG CO,6375,CEO,J Rollinson,Caucasian/White,0,0,M,0,0,Yes,,3BoardEx
412,K,KELLOGG CO,6375,CEO,Steve Cahillane,Caucasian/White,0,0,M,0,0,Yes,,3BoardEx
413,KDP,KEURIG DR PEPPER INC,28877,CEO,Bob Gamgort Jr,Caucasian/White,0,0,M,0,0,Yes,,3BoardEx
414,KEYS,KEYSIGHT TECHNOLOGIES INC,20232,CEO,Ron Nersesian,Caucasian/White,0,0,M,0,0,Yes,,3BoardEx
415,KIM,KIMCO REALTY CORP,24731,CEO,Conor Flynn,Caucasian/White,0,0,M,0,0,Yes,,3BoardEx
416,KIM,KIMCO REALTY CORP,24731,TMT,Milton Cooper,Caucasian/White,0,0,M,0,0,Yes,,3BoardEx
417,KMI,KINDER MORGAN INC,6310,TMT,Rich Kinder,Caucasian/White,0,0,M,0,0,Yes,,3BoardEx
418,KMI,KINDER MORGAN INC,6310,CEO,Steve Kean,Caucasian/White,0,0,M,0,0,Yes,,3BoardEx
419,KLAC,KLA CORP,6304,CEO,Rick Wallace,Caucasian/White,0,0,M,0,0,Yes,,3BoardEx
420,KR,KROGER CO,6502,CEO,William McMullen,Caucasian/White,0,0,M,0,0,Yes,,3BoardEx
421,LHX,L3HARRIS TECHNOLOGIES INC,5492,CEO,Bill Brown,Caucasian/White,0,0,M,0,0,Yes,,3BoardEx
422,LHX,L3HARRIS TECHNOLOGIES INC,5492,TMT,Chris Kubasik,Caucasian/White,0,0,M,0,0,Yes,,3BoardEx
423,LH,LABORATORY CP OF AMER HLDGS,14960,CEO,Adam Schechter,Caucasian/White,0,0,M,0,0,No,,3BoardEx
424,LH,LABORATORY CP OF AMER HLDGS,14960,TMT,Dave King,Caucasian/White,0,0,M,0,0,No,,3BoardEx
425,LRCX,LAM RESEARCH CORP,6565,CEO,Tim Archer,Caucasian/White,0,0,M,0,0,Yes,,3BoardEx
426,LW,LAMB WESTON HOLDINGS INC,28790,CEO,Tom Werner,Caucasian/White,0,0,M,0,0,Yes,,3BoardEx
427,LVS,LAS VEGAS SANDS CORP,161844,CEO,Sheldon Adelson,Caucasian/White,0,0,M,0,0,Yes,,3BoardEx
428,LDOS,LEIDOS HOLDINGS INC,165123,CEO,Roger Krone,Caucasian/White,0,0,M,0,0,Yes,,3BoardEx
429,LEN,LENNAR CORP,6669,CEO,Rick Beckwitt,Caucasian/White,0,0,M,0,0,Yes,,3BoardEx
430,LEN,LENNAR CORP,6669,TMT,Stuart Miller,Caucasian/White,0,0,M,0,0,Yes,,3BoardEx
431,LNC,LINCOLN NATIONAL CORP,6742,CEO,Dennis Glass,Caucasian/White,0,0,M,0,0,Yes,,3BoardEx
432,LYV,LIVE NATION ENTERTAINMENT,165746,CEO,Michael Rapino,Caucasian/White,0,0,M,0,0,Yes,,3BoardEx
433,LKQ,LKQ CORP,155394,TMT,Joe Holsten,Caucasian/White,0,0,M,0,0,Yes,,3BoardEx
434,LKQ,LKQ CORP,155394,CEO,Nick Zarcone,Caucasian/White,0,0,M,0,0,Yes,,3BoardEx
435,L,LOEWS CORP,6781,TMT,Andrew Tisch,Caucasian/White,0,0,M,0,0,Yes,,3BoardEx
436,L,LOEWS CORP,6781,TMT,Galen Weston Jr,Caucasian/White,0,0,M,0,0,Yes,,3BoardEx
437,L,LOEWS CORP,6781,CEO,Jim Tisch,Caucasian/White,0,0,M,0,0,Yes,,3BoardEx
438,L,LOEWS CORP,6781,TMT,Jon Tisch,Caucasian/White,0,0,M,0,0,Yes,,3BoardEx
439,LUMN,LUMEN TECHNOLOGIES INC,2884,CEO,Jeff Storey,Caucasian/White,0,0,M,0,0,Yes,,3BoardEx
440,MRO,MARATHON OIL CORP,7017,CEO,Lee Tillman,Caucasian/White,0,0,M,0,0,Yes,,3BoardEx
441,MPC,MARATHON PETROLEUM CORP,186989,CEO,Marvin Haasen,Caucasian/White,0,0,M,0,0,Yes,,3BoardEx
442,MKTX,MARKETAXESS HOLDINGS INC,158742,CEO,Rick McVey,Caucasian/White,0,0,M,0,0,Yes,,3BoardEx
443,MAR,MARRIOTT INTL INC,28930,CEO,Arne Sorenson,Caucasian/White,0,0,M,0,0,Yes,,3BoardEx
444,MAR,MARRIOTT INTL INC,28930,TMT,Bill Marriott Jr,Caucasian/White,0,0,M,0,0,Yes,,3BoardEx
445,MLM,MARTIN MARIETTA MATERIALS,29733,CEO,Ward Nye,Caucasian/White,0,0,M,0,0,Yes,,3BoardEx
446,MAS,MASCO CORP,7085,CEO,Keith Allman,Caucasian/White,0,0,M,0,0,Yes,,3BoardEx
447,MTCH,MATCH GROUP INC,26061,TMT,Barry Diller,Caucasian/White,0,0,M,0,0,Yes,,3BoardEx
448,MTCH,MATCH GROUP INC,26061,CEO,Joey Levin,Caucasian/White,0,0,M,0,0,Yes,,3BoardEx
449,MTCH,MATCH GROUP INC,26061,TMT,Victor Kaufman,Caucasian/White,0,0,M,0,0,Yes,,3BoardEx
450,MXIM,MAXIM INTEGRATED PRODUCTS,14256,CEO,Tunc Doluca,Caucasian/White,0,0,M,0,0,Yes,,3BoardEx
451,MKC,MCCORMICK & CO INC,7146,CEO,Lawrence Kurzius,Caucasian/White,0,0,M,0,0,Yes,,3BoardEx
452,MCK,MCKESSON CORP,7171,CEO,Doctor Brian Tyler,Caucasian/White,0,0,M,0,0,Yes,,3BoardEx
453,META,META PLATFORMS INC,170617,CEO,Mark Goliger,Caucasian/White,0,0,M,0,0,Yes,,3BoardEx
454,META,META PLATFORMS INC,170617,CEO,Mark Zuckerberg,Caucasian/White,0,0,M,0,0,Yes,,3BoardEx
455,MAA,MID-AMERICA APT CMNTYS INC,29649,CEO,H Bolton Jr,Caucasian/White,0,0,M,0,0,Yes,,3BoardEx
456,MRNA,MODERNA INC,34410,CEO,Stephane Bancel,Caucasian/White,0,0,M,0,0,Yes,,3BoardEx
457,MHK,MOHAWK INDUSTRIES INC,25119,CEO,Jeff Lorberbaum,Caucasian/White,0,0,M,0,0,Yes,,3BoardEx
458,TAP,MOLSON COORS BEVERAGE CO,3505,CEO,Gavin Hattersley,Caucasian/White,0,0,M,0,0,Yes,,3BoardEx
459,MNST,MONSTER BEVERAGE CORP,24316,TMT,Hilton Schlosberg,Caucasian/White,0,0,M,0,0,Yes,,3BoardEx
460,MNST,MONSTER BEVERAGE CORP,24316,CEO,Rodney Sacks,Caucasian/White,0,0,M,0,0,Yes,,3BoardEx
461,MCO,MOODY'S CORP,139665,CEO,Raymond McDaniel Jr,Caucasian/White,0,0,M,0,0,Yes,,3BoardEx
462,MS,MORGAN STANLEY,12124,CEO,James Gorman,Caucasian/White,0,0,M,0,0,Yes,,3BoardEx
463,MOS,MOSAIC CO,162129,CEO,Joc O'Rourke,Caucasian/White,0,0,M,0,0,Yes,,3BoardEx
464,MSI,MOTOROLA SOLUTIONS INC,7585,CEO,Greg Brown,Caucasian/White,0,0,M,0,0,Yes,,3BoardEx
465,MSI,MOTOROLA SOLUTIONS INC,7585,CEO,Stephen Liptrap,Caucasian/White,0,0,M,0,0,Yes,,3BoardEx
466,NDAQ,NASDAQ INC,149337,CEO,Adena Friedman,Caucasian/White,0,0,F,1,0,Yes,,3BoardEx
467,NFLX,NETFLIX INC,147579,CEO,Wilmot Hastings Jr,Caucasian/White,0,0,M,0,0,Yes,,3BoardEx
468,NEM,NEWMONT CORP,7881,CEO,Tom Palmer,Caucasian/White,0,0,M,0,0,Yes,,3BoardEx
469,NWSA,NEWS CORP,18043,CEO,Robert Thomson,Caucasian/White,0,0,M,0,0,Yes,,3BoardEx
470,NEE,NEXTERA ENERGY INC,4517,CEO,Jim Robo,Caucasian/White,0,0,M,0,0,Yes,,3BoardEx
471,NSC,NORFOLK SOUTHERN CORP,7923,CEO,Jim Squires,Caucasian/White,0,0,M,0,0,Yes,,3BoardEx
472,NOC,NORTHROP GRUMMAN CORP,7985,CEO,Kathy Warden,Caucasian/White,0,0,F,1,0,Yes,,3BoardEx
473,NOV,NOV INC,63892,CEO,Clay Williams,Caucasian/White,0,0,M,0,0,Yes,,3BoardEx
474,NRG,NRG ENERGY INC,135990,CEO,Mauricio Gutierrez,Caucasian/White,0,0,M,0,0,Yes,,3BoardEx
475,ORLY,O'REILLY AUTOMOTIVE INC,28180,TMT,David O'Reilly,Caucasian/White,0,0,M,0,0,Yes,,3BoardEx
476,ORLY,O'REILLY AUTOMOTIVE INC,28180,TMT,Greg Henslee,Caucasian/White,0,0,M,0,0,Yes,,3BoardEx
477,OXY,OCCIDENTAL PETROLEUM CORP,8068,CEO,Vicki Hollub,Caucasian/White,0,0,F,1,0,Yes,,3BoardEx
478,ODFL,OLD DOMINION FREIGHT,24617,TMT,David Congdon,Caucasian/White,0,0,M,0,0,Yes,,3BoardEx
479,ODFL,OLD DOMINION FREIGHT,24617,TMT,Earl Congdon Jr,Caucasian/White,0,0,M,0,0,Yes,,3BoardEx
480,ODFL,OLD DOMINION FREIGHT,24617,CEO,Greg Gantt,Caucasian/White,0,0,M,0,0,Yes,,3BoardEx
481,OMC,OMNICOM GROUP INC,4066,CEO,John Wren III,Caucasian/White,0,0,M,0,0,Yes,,3BoardEx
482,ON,ON SEMICONDUCTOR CORP,134932,CEO,Keith Jackson,Caucasian/White,0,0,M,0,0,Yes,,3BoardEx
483,OGN,ORGANON & CO,38821,CEO,Paddy Nicol,Caucasian/White,0,0,M,0,0,Yes,,3BoardEx
484,PCAR,PACCAR INC,8253,TMT,Mark Pigott,Caucasian/White,0,0,M,0,0,Yes,,3BoardEx
485,PCAR,PACCAR INC,8253,CEO,R Feight,Caucasian/White,0,0,M,0,0,Yes,,3BoardEx
486,PKG,PACKAGING CORP OF AMERICA,128978,CEO,Mark Kowlzan,Caucasian/White,0,0,M,0,0,Yes,,3BoardEx
487,PH,PARKER-HANNIFIN CORP,8358,CEO,Tom Williams,Caucasian/White,0,0,M,0,0,Yes,,3BoardEx
488,PAYX,PAYCHEX INC,8402,CEO,Martin Mucci,Caucasian/White,0,0,M,0,0,Yes,,3BoardEx
489,PAYC,PAYCOM SOFTWARE INC,20116,CEO,Chad Richison,Caucasian/White,0,0,M,0,0,Yes,,3BoardEx
490,PYPL,PAYPAL HOLDINGS INC,24616,CEO,Dan Schulman,Caucasian/White,0,0,M,0,0,Yes,,3BoardEx
491,PBCT,PEOPLE'S UNITED FINL INC,16245,CEO,Jack Barnes,Caucasian/White,0,0,M,0,0,Yes,,3BoardEx
492,PKI,PERKINELMER INC,4145,CEO,Bob Espey,Caucasian/White,0,0,M,0,0,Yes,,3BoardEx
493,PCG,PG&E CORP,8264,CEO,Bill Johnson,Caucasian/White,0,0,M,0,0,Yes,,3BoardEx
494,PM,PHILIP MORRIS INTERNATIONAL,179621,CEO,Andre Calantzopoulos,Caucasian/White,0,0,M,0,0,Yes,,3BoardEx
495,PSX,PHILLIPS 66,170841,CEO,Greg Garland,Caucasian/White,0,0,M,0,0,Yes,,3BoardEx
496,PNW,PINNACLE WEST CAPITAL CORP,1075,CEO,Jeff Guldner,Caucasian/White,0,0,M,0,0,Yes,,3BoardEx
497,PXD,PIONEER NATURAL RESOURCES CO,14359,CEO,Scott Sheffield,Caucasian/White,0,0,M,0,0,Yes,,3BoardEx
498,PNC,PNC FINANCIAL SVCS GROUP INC,8245,CEO,William Demchak,Caucasian/White,0,0,M,0,0,Yes,,3BoardEx
499,POOL,POOL CORP,61420,CEO,Pete Arvan,Caucasian/White,0,0,M,0,0,Yes,,3BoardEx
500,PPG,PPG INDUSTRIES INC,8247,CEO,Michael McGarry,Caucasian/White,0,0,M,0,0,Yes,,3BoardEx
501,PPL,PPL CORP,8455,CEO,Bill Spence,Caucasian/White,0,0,M,0,0,Yes,,3BoardEx
502,PPL,PPL CORP,8455,CEO,Mick Dilger,Caucasian/White,0,0,M,0,0,Yes,,3BoardEx
503,PFG,PRINCIPAL FINANCIAL GRP INC,145701,CEO,Dan Houston,Caucasian/White,0,0,M,0,0,Yes,,3BoardEx
504,PG,PROCTER & GAMBLE CO,8762,CEO,David Taylor,Caucasian/White,0,0,M,0,0,Yes,,3BoardEx
505,PG,PROCTER & GAMBLE CO,8762,CEO,Ewan Downie,Caucasian/White,0,0,M,0,0,Yes,,3BoardEx
506,PG,PROCTER & GAMBLE CO,8762,TMT,John Begeman,Caucasian/White,0,0,M,0,0,Yes,,3BoardEx
507,PGR,PROGRESSIVE CORP-OHIO,13341,CEO,Tricia Griffith,Caucasian/White,0,0,F,1,0,Yes,,3BoardEx
508,PRU,PRUDENTIAL FINANCIAL INC,143356,CEO,Charlie Lowrey Jr,Caucasian/White,0,0,M,0,0,Yes,,3BoardEx
509,PEG,PUBLIC SERVICE ENTRP GRP INC,8810,CEO,Doctor Ralph Izzo,Caucasian/White,0,0,M,0,0,Yes,,3BoardEx
510,PSA,PUBLIC STORAGE,10096,CEO,Joe Russell Jr,Caucasian/White,0,0,M,0,0,Yes,,3BoardEx
511,PHM,PULTEGROUP INC,8823,CEO,Ryan Marshall,Caucasian/White,0,0,M,0,0,Yes,,3BoardEx
512,PVH,PVH CORP,8551,CEO,Manny Chirico,Caucasian/White,0,0,M,0,0,Yes,,3BoardEx
513,QRVO,QORVO INC,64853,CEO,Bob Bruggeworth,Caucasian/White,0,0,M,0,0,Yes,,3BoardEx
514,QCOM,QUALCOMM INC,24800,CEO,Doctor Irwin Jacobs,Caucasian/White,0,0,M,0,0,Yes,,3BoardEx
515,QCOM,QUALCOMM INC,24800,CEO,Steve Mollenkopf,Caucasian/White,0,0,M,0,0,Yes,,3BoardEx
516,PWR,QUANTA SERVICES INC,66446,CEO,Duke Austin Jr,Caucasian/White,0,0,M,0,0,Yes,,3BoardEx
517,DGX,QUEST DIAGNOSTICS INC,64166,CEO,Steve Rusckowski,Caucasian/White,0,0,M,0,0,Yes,,3BoardEx
518,RJF,RAYMOND JAMES FINANCIAL INC,8898,CEO,Paul Reilly,Caucasian/White,0,0,M,0,0,Yes,,3BoardEx
519,RHT,RED HAT INC,122841,CEO,Doctor Lisa Crossley,Caucasian/White,0,0,F,1,0,Yes,,3BoardEx
520,REG,REGENCY CENTERS CORP,29099,CEO,John Black,Caucasian/White,0,0,M,0,0,Yes,,3BoardEx
521,REGN,REGENERON PHARMACEUTICALS,23812,CEO,Doctor Len Schleifer,Caucasian/White,0,0,M,0,0,Yes,,3BoardEx
522,RF,REGIONS FINANCIAL CORP,4674,CEO,John Turner Jr,Caucasian/White,0,0,M,0,0,Yes,,3BoardEx
523,RSG,REPUBLIC SERVICES INC,112168,CEO,Don Slager,Caucasian/White,0,0,M,0,0,Yes,,3BoardEx
524,RMD,RESMED INC,31887,CEO,Mick Farrell,Caucasian/White,0,0,M,0,0,Yes,,3BoardEx
525,RHI,ROBERT HALF INTL INC,2312,TMT,Harold Messmer Jr,Caucasian/White,0,0,M,0,0,Yes,,3BoardEx
526,RHI,ROBERT HALF INTL INC,2312,CEO,Michael Waddell,Caucasian/White,0,0,M,0,0,Yes,,3BoardEx
527,ROK,ROCKWELL AUTOMATION,9203,CEO,Blake Moret,Caucasian/White,0,0,M,0,0,Yes,,3BoardEx
528,ROL,ROLLINS INC,9225,CEO,Gary Rollins,Caucasian/White,0,0,M,0,0,Yes,,3BoardEx
529,ROL,ROLLINS INC,9225,TMT,Richard Rollins Sr,Caucasian/White,0,0,M,0,0,Yes,,3BoardEx
530,ROP,ROPER TECHNOLOGIES INC,24925,CEO,Laurence Hunn,Caucasian/White,0,0,M,0,0,Yes,,3BoardEx
531,ROST,ROSS STORES INC,9248,CEO,Barbara Rentler,Caucasian/White,0,0,F,1,0,Yes,,3BoardEx
532,RCL,ROYAL CARIBBEAN GROUP,28191,CEO,Richard Fain,Caucasian/White,0,0,M,0,0,Yes,,3BoardEx
533,SPGI,S&P GLOBAL INC,7163,CEO,Doug Peterson,Caucasian/White,0,0,M,0,0,Yes,,3BoardEx
534,SBAC,SBA COMMUNICATIONS CORP,121382,CEO,Jeff Stoops,Caucasian/White,0,0,M,0,0,Yes,,3BoardEx
535,SLB,SCHLUMBERGER LTD,9465,CEO,Olivier Le Peuch,Caucasian/White,0,0,M,0,0,Yes,,3BoardEx
536,SCHW,SCHWAB (CHARLES) CORP,13988,TMT,Chuck Schwab Jr,Caucasian/White,0,0,M,0,0,Yes,,3BoardEx
537,SCHW,SCHWAB (CHARLES) CORP,13988,CEO,Walt Bettinger II,Caucasian/White,0,0,M,0,0,Yes,,3BoardEx
538,SEE,SEALED AIR CORP,9555,CEO,Ted Doheny II,Caucasian/White,0,0,M,0,0,Yes,,3BoardEx
539,NOW,SERVICENOW INC,171007,CEO,Bill McDermott,Caucasian/White,0,0,M,0,0,Yes,,3BoardEx
540,SHW,SHERWIN-WILLIAMS CO,9667,CEO,John Morikis,Caucasian/White,0,0,M,0,0,Yes,,3BoardEx
541,SPG,SIMON PROPERTY GROUP INC,29389,CEO,Andrew Clark,Caucasian/White,0,0,M,0,0,Yes,,3BoardEx
542,SPG,SIMON PROPERTY GROUP INC,29389,CEO,David Simon,Caucasian/White,0,0,M,0,0,Yes,,3BoardEx
543,SPG,SIMON PROPERTY GROUP INC,29389,CEO,Jason Sparaga,Caucasian/White,0,0,M,0,0,Yes,,3BoardEx
544,SPG,SIMON PROPERTY GROUP INC,29389,TMT,Richard Sokolov,Caucasian/White,0,0,M,0,0,Yes,,3BoardEx
545,SWKS,SKYWORKS SOLUTIONS INC,1327,CEO,Liam Griffin,Caucasian/White,0,0,M,0,0,Yes,,3BoardEx
546,SLG,SL GREEN REALTY CORP,65290,CEO,Marc Holliday,Caucasian/White,0,0,M,0,0,Yes,,3BoardEx
547,AOS,SMITH (A.O.),9771,CEO,Kevin Wheeler,Caucasian/White,0,0,M,0,0,No,,3BoardEx
548,SJM,SMUCKER (JM) CO,9777,CEO,Mark Smucker,Caucasian/White,0,0,M,0,0,Yes,,3BoardEx
549,SJM,SMUCKER (JM) CO,9777,TMT,Richard Smucker,Caucasian/White,0,0,M,0,0,Yes,,3BoardEx
550,SNA,SNAP-ON INC,9778,CEO,Nick Pinchuk,Caucasian/White,0,0,M,0,0,Yes,,3BoardEx
551,LUV,SOUTHWEST AIRLINES,9882,CEO,Gary Kelly,Caucasian/White,0,0,M,0,0,Yes,,3BoardEx
552,SWK,STANLEY BLACK & DECKER INC,10016,CEO,Jim Loree,Caucasian/White,0,0,M,0,0,Yes,,3BoardEx
553,SBUX,STARBUCKS CORP,25434,CEO,Kevin Johnson,Caucasian/White,0,0,M,0,0,Yes,,3BoardEx
554,SYF,SYNCHRONY FINANCIAL,20686,CEO,Margaret Keane,Caucasian/White,0,0,F,1,0,Yes,,3BoardEx
555,SNPS,SYNOPSYS INC,24975,CEO,Doctor Aart De Geus,Caucasian/White,0,0,M,0,0,Yes,,3BoardEx
556,TTWO,TAKE-TWO INTERACTIVE SFTWR,64630,CEO,Strauss Zelnick,Caucasian/White,0,0,M,0,0,Yes,,3BoardEx
557,TDY,TELEDYNE TECHNOLOGIES INC,126721,TMT,Professor Doctor Robert Mehrabian,Caucasian/White,0,0,M,0,0,Yes,,3BoardEx
558,TFX,TELEFLEX INC,10407,CEO,Liam Kelly,Caucasian/White,0,0,M,0,0,No,,3BoardEx
559,TER,TERADYNE INC,10453,CEO,Mark Jagiela,Caucasian/White,0,0,M,0,0,Yes,,3BoardEx
560,TSLA,TESLA INC,184996,CEO,Elon Musk,Caucasian/White,0,0,M,0,0,Yes,,3BoardEx
561,TXN,TEXAS INSTRUMENTS INC,10499,CEO,Rich Templeton,Caucasian/White,0,0,M,0,0,Yes,,3BoardEx
562,TXT,TEXTRON INC,10519,CEO,Scott Donnelly,Caucasian/White,0,0,M,0,0,Yes,,3BoardEx
563,TMO,THERMO FISHER SCIENTIFIC INC,10530,TMT,Delete Delete,Caucasian/White,0,0,M,0,0,No,,3BoardEx
564,TJX,TJX COS INC (THE),11672,TMT,Carol Meyrowitz,Caucasian/White,0,0,F,1,0,Yes,,3BoardEx
565,TJX,TJX COS INC (THE),11672,CEO,Ernie Herrman,Caucasian/White,0,0,M,0,0,Yes,,3BoardEx
566,TDG,TRANSDIGM GROUP INC,148349,CEO,Doctor Kevin Stein,Caucasian/White,0,0,M,0,0,Yes,,3BoardEx
567,TDG,TRANSDIGM GROUP INC,148349,TMT,Nick Howley,Caucasian/White,0,0,M,0,0,Yes,,3BoardEx
568,TFC,TRUIST FINANCIAL CORP,11856,CEO,Kelly King,Caucasian/White,0,0,M,0,0,Yes,,3BoardEx
569,TWTR,TWITTER INC,18872,CEO,Jack Dorsey,Caucasian/White,0,0,M,0,0,Yes,,3BoardEx
570,TYL,TYLER TECHNOLOGIES INC,10789,CEO,H Moore Jr,Caucasian/White,0,0,M,0,0,Yes,,3BoardEx
571,TYL,TYLER TECHNOLOGIES INC,10789,TMT,John Marr Jr,Caucasian/White,0,0,M,0,0,Yes,,3BoardEx
572,TSN,TYSON FOODS INC -CL A,10793,TMT,John Tyson,Caucasian/White,0,0,M,0,0,Yes,,3BoardEx
573,TSN,TYSON FOODS INC -CL A,10793,CEO,Noel White,Caucasian/White,0,0,M,0,0,Yes,,3BoardEx
574,UDR,UDR INC,10894,CEO,Tom Toomey,Caucasian/White,0,0,M,0,0,Yes,,3BoardEx
575,ULTA,ULTA BEAUTY INC,178704,CEO,Mary Dillon,Caucasian/White,0,0,F,1,0,Yes,,3BoardEx
576,UHS,UNIVERSAL HEALTH SVCS INC,11032,CEO,Alan Miller,Caucasian/White,0,0,M,0,0,Yes,,3BoardEx
577,UNM,UNUM GROUP,12726,CEO,Rick McKenney,Caucasian/White,0,0,M,0,0,Yes,,3BoardEx
578,USB,US BANCORP,4723,CEO,Andy Cecere,Caucasian/White,0,0,M,0,0,Yes,,3BoardEx
579,VAR,VARIAN MEDICAL SYSTEMS INC,11115,CEO,Dow Wilson,Caucasian/White,0,0,M,0,0,Yes,,3BoardEx
580,VTR,VENTAS INC,110179,CEO,Debra Cafaro,Caucasian/White,0,0,F,1,0,Yes,,3BoardEx
581,VRSK,VERISK ANALYTICS INC,180652,CEO,Scott Stephenson,Caucasian/White,0,0,M,0,0,Yes,,3BoardEx
582,VFC,VF CORP,11060,CEO,Steve Rendle,Caucasian/White,0,0,M,0,0,Yes,,3BoardEx
583,VICI,VICI PROPERTIES INC,32580,CEO,Ed Pitoniak,Caucasian/White,0,0,M,0,0,Yes,,3BoardEx
584,V,VISA INC,179534,CEO,Al Kelly Jr,Caucasian/White,0,0,M,0,0,Yes,,3BoardEx
585,VNO,VORNADO REALTY TRUST,11220,CEO,Steve Roth,Caucasian/White,0,0,M,0,0,Yes,,3BoardEx
586,VMC,VULCAN MATERIALS CO,11228,CEO,Tom Hill,Caucasian/White,0,0,M,0,0,Yes,,3BoardEx
587,VMC,VULCAN MATERIALS CO,11228,CEO,William Trainer,Caucasian/White,0,0,M,0,0,Yes,,3BoardEx
588,WAB,WABTEC CORP,60979,TMT,Al Neupaver,Caucasian/White,0,0,M,0,0,Yes,,3BoardEx
589,WM,WASTE MANAGEMENT INC,14477,CEO,Jim Fish Jr,Caucasian/White,0,0,M,0,0,Yes,,3BoardEx
590,WEC,WEC ENERGY GROUP INC,11550,TMT,Gale Klappa,Caucasian/White,0,0,M,0,0,Yes,,3BoardEx
591,WEC,WEC ENERGY GROUP INC,11550,CEO,Kevin Fletcher,Caucasian/White,0,0,M,0,0,Yes,,3BoardEx
592,WELL,WELLTOWER INC,5543,CEO,Tom DeRosa,Caucasian/White,0,0,M,0,0,Yes,,3BoardEx
593,WST,WEST PHARMACEUTICAL SVSC INC,11376,CEO,Eric Green,Caucasian/White,0,0,M,0,0,Yes,,3BoardEx
594,WRK,WESTROCK CO,29830,CEO,Steve Voorhees,Caucasian/White,0,0,M,0,0,Yes,,3BoardEx
595,WY,WEYERHAEUSER CO,11456,CEO,Devin Stockfish,Caucasian/White,0,0,M,0,0,Yes,,3BoardEx
596,WMB,WILLIAMS COS INC,11506,CEO,Alan Armstrong,Caucasian/White,0,0,M,0,0,Yes,,3BoardEx
597,WYNN,WYNN RESORTS LTD,149318,CEO,Matt Maddox,Caucasian/White,0,0,M,0,0,Yes,,3BoardEx
598,XYL,XYLEM INC,189491,CEO,Patrick Decker,Caucasian/White,0,0,M,0,0,Yes,,3BoardEx
599,ZBRA,ZEBRA TECHNOLOGIES CP -CL A,24405,CEO,Anders Gustafsson,Caucasian/White,0,0,M,0,0,Yes,,3BoardEx
600,ZBH,ZIMMER BIOMET HOLDINGS INC,144559,CEO,Bryan Hanson,Caucasian/White,0,0,M,0,0,Yes,,3BoardEx
601,ZION,ZIONS BANCORPORATION NA,11687,CEO,Harris Simmons,Caucasian/White,0,0,M,0,0,Yes,,3BoardEx
602,UAL,UNITED AIRLINES HOLDINGS INC,10795,CEO,Oscar Munoz,Hispanic/Latino,0,1,M,0,1,No,,3BoardEx
603,ABBV,ABBVIE INC,16101,CEO,Rick Gonzalez,Hispanic/Latino,0,1,M,0,0,Yes,,3BoardEx
604,AES,AES CORP (THE),24216,CEO,Doctor Andres Gluski Weilert,Hispanic/Latino,0,1,M,0,0,Yes,,3BoardEx
605,ADM,ARCHER-DANIELS-MIDLAND CO,1722,CEO,Juan Luciano,Hispanic/Latino,0,1,M,0,0,Yes,,3BoardEx
606,ADP,AUTOMATIC DATA PROCESSING,1891,CEO,Carlos Rodriguez,Hispanic/Latino,0,1,M,0,0,Yes,,3BoardEx
607,BAX,BAXTER INTERNATIONAL INC,2086,CEO,Joe Almeida,Hispanic/Latino,0,1,M,0,0,Yes,,3BoardEx
608,DVA,DAVITA INC,61483,CEO,Javier Rodriguez,Hispanic/Latino,0,1,M,0,0,Yes,,3BoardEx
609,EIX,EDISON INTERNATIONAL,9846,CEO,Pedro Pizarro,Hispanic/Latino,0,1,M,0,0,Yes,,3BoardEx
610,HPQ,HP INC,5606,CEO,Enrique Lores,Hispanic/Latino,0,1,M,0,0,Yes,,3BoardEx
611,IR,INGERSOLL RAND INC,30098,CEO,Vicente Reynal,Hispanic/Latino,0,1,M,0,0,Yes,,3BoardEx
612,MSCI,MSCI INC,178507,CEO,Henry Fernandez,Hispanic/Latino,0,1,M,0,0,Yes,,3BoardEx
613,NCLH,NORWEGIAN CRUISE LINE HLDGS,104432,CEO,Frank Del Rio,Hispanic/Latino,0,1,M,0,0,Yes,,3BoardEx
614,PEP,PEPSICO INC,8479,CEO,Ramon Laguarta,Hispanic/Latino,0,1,M,0,0,Yes,,3BoardEx
615,WAB,WABTEC CORP,60979,CEO,Rafael Santana,Hispanic/Latino,0,1,M,0,0,Yes,,3BoardEx
616,INTU,INTUIT INC,27928,CEO,Sasan Goodarzi,Middle Eastern,0,1,M,0,0,Yes,,3BoardEx
617,JNPR,JUNIPER NETWORKS INC,121718,CEO,Rami Rahim,Middle Eastern,0,1,M,0,0,Yes,,3BoardEx
618,MET,METLIFE INC,133768,CEO,Michel Khalaf,Middle Eastern,0,1,M,0,0,Yes,,3BoardEx
619,PLD,PROLOGIS INC,29984,CEO,Hamid Moghadam,Middle Eastern,0,1,M,0,0,Yes,,3BoardEx
620,TWTR,TWITTER INC,18872,TMT,Omid Kordestani,Middle Eastern,0,1,M,0,0,Yes,,3BoardEx
621,WM,WASTE MANAGEMENT INC,14477,CEO,Marz Kord-Gharachorloo,Middle Eastern,0,1,M,0,0,Yes,,3BoardEx
622,WELL,WELLTOWER INC,5543,CEO,Hamed Shahbazi,Middle Eastern,0,1,M,0,0,Yes,,3BoardEx
623,APD,AIR PRODUCTS & CHEMICALS INC,1209,CEO,Seifi Ghasemi,Middle Eastern/Iranian,0,1,M,0,0,Yes,,3BoardEx