,,,,½Å·Ú,,X,½Å·Ú,½Å·Ú,½Å·Ú,,X,,½Å·Ú,½Å·Ú,½Å·Ú,X,,,,,,,,
2permno,tic,gvkey,1conm_x,3CompanyName,1ethnicity (from boardex),2ExecType,3RoleName,RoleType,2DirectorName,Director_race(black),2BE,1ceo_minority,3DateStartRole,3DateEndRole,Active2020_May26_Dec31,2AnnDate,2Confounded,2Interim,2Female,2Gender,3CompanyID,3DirectorID,3Seniority,3ceo?
,ODFL,24617,OLD DOMINION FREIGHT,OLD DOMINION FREIGHT LINE INC,CAUCASIAN/WHITE,,Senior Chairman (Executive),TMT,Earl Congdon Jr,,,0,5/16/18,1/1/21,Yes,,,,,,23040,272624,Executive Director,1
,ODFL,24617,OLD DOMINION FREIGHT,OLD DOMINION FREIGHT LINE INC,CAUCASIAN/WHITE,,Chairman (Executive),TMT,David Congdon,,,0,5/16/18,,Yes,,,,,,23040,272632,Executive Director,1
,ODFL,24617,OLD DOMINION FREIGHT,OLD DOMINION FREIGHT LINE INC,CAUCASIAN/WHITE,,President/CEO,CEO,Greg Gantt,,,0,5/16/18,6/30/23,Yes,,,,,,23040,896206,Executive Director,1
61399,LOW,6829,LOWE'S COS INC,LOWE'S COS INC,BLACK/AFRICAN AMERICAN,CEO,President/CEO,CEO,Marvin Ellison,,1,1,7/2/18,6/1/21,Yes,5/22/18,0,0,0,M,19193,489833,Executive Director,1
,JBHT,5783,HUNT (JB) TRANSPRT SVCS INC,HUNT(J.B.)TRANSPORT SERVICES INC,CAUCASIAN/WHITE,,Chairman,TMT,James Thompson,,,0,1/1/11,1/1/21,Yes,,,,,,15223,141642,Executive Director,1
,JBHT,5783,HUNT (JB) TRANSPRT SVCS INC,HUNT(J.B.)TRANSPORT SERVICES INC,CAUCASIAN/WHITE,,President/CEO,CEO,John Roberts III,,,0,1/1/11,8/1/22,Yes,,,,,,15223,497950,Executive Director,1
55976,WMT,11259,WALMART INC,WALMART INC (Wal-Mart Stores Inc prior to 02/2018),CAUCASIAN/WHITE,CEO,President/CEO,CEO,C. Douglas McMillon,,0,0,2/1/14,,Yes,11/25/13,0,0,0,M,33046,32097,Executive Director,1
55976,WMT,11259,WALMART INC,WALMART INC (Wal-Mart Stores Inc prior to 02/2018),CAUCASIAN/WHITE,CEO,President/CEO,CEO,Doug McMillon,,0,0,2/1/14,,Yes,11/25/13,0,0,0,M,33046,32097,Executive Director,1
,LH,14960,LABORATORY CP OF AMER HLDGS,LABORATORY CORP OF AMERICA HLDGS (LABCORP),CAUCASIAN/WHITE,,Chairman (Executive),TMT,Dave King,,,0,10/31/19,5/13/20,No,,,,,,18319,205961,Executive Director,1
,LH,14960,LABORATORY CP OF AMER HLDGS,LABORATORY CORP OF AMERICA HLDGS (LABCORP),CAUCASIAN/WHITE,,President/CEO,CEO,Adam Schechter,,,0,11/1/19,5/13/20,No,,,,,,18319,495421,Executive Director,1
,TSN,10793,TYSON FOODS INC -CL A,TYSON FOODS INC,CAUCASIAN/WHITE,,Chairman (Executive),TMT,John Tyson,,,0,11/17/11,,Yes,,,,,,31563,140460,Executive Director,1
,TSN,10793,TYSON FOODS INC -CL A,TYSON FOODS INC,CAUCASIAN/WHITE,,CEO,CEO,Noel White,,,0,12/20/19,10/3/20,Yes,,,,,,31563,453851,Executive Director,1
25232,OKE,8151,ONEOK INC,ONEOK INC (WAI Inc prior to 11/1997),CAUCASIAN/WHITE,CEO,President/CEO,CEO,John Gibson,,0,0,1/31/14,6/28/21,Yes,11/16/06,1,0,0,M,23165,620137,Executive Director,1
25232,OKE,8151,ONEOK INC,ONEOK INC (WAI Inc prior to 11/1997),CAUCASIAN/WHITE,CEO,President/CEO,CEO,Terry Spencer,,0,0,1/31/14,6/28/21,Yes,11/16/06,1,0,0,M,23165,620137,Executive Director,1
25232,OKE,8151,ONEOK INC,ONEOK INC (WAI Inc prior to 11/1997),CAUCASIAN/WHITE,CEO,President/CEO,CEO,David Kyle,,0,0,1/31/14,6/28/21,Yes,8/29/00,0,0,0,M,23165,620137,Executive Director,1
25232,OKE,8151,ONEOK INC,ONEOK INC (WAI Inc prior to 11/1997),CAUCASIAN/WHITE,CEO,President/CEO,CEO,Terry Spencer,,0,0,1/31/14,6/28/21,Yes,8/29/00,0,0,0,M,23165,620137,Executive Director,1
,WMB,11506,WILLIAMS COS INC,WILLIAMS COMPANIES INC,CAUCASIAN/WHITE,,President/CEO,CEO,Alan Armstrong,,,0,1/3/11,,Yes,,,,,,33512,443291,Executive Director,1
91416,HBI,175319,HANESBRANDS INC,HANESBRANDS INC,CAUCASIAN/WHITE,TMT,CEO,CEO,Joia Johnson,,1,0,10/1/16,8/3/20,Yes,1/11/07,0,,1,F,882407,514830,Executive Director,1
66181,HD,5680,HOME DEPOT INC,HOME DEPOT INC,CAUCASIAN/WHITE,TMT,Chairman/President/CEO,CEO,Ann-Marie Campbell,,1,0,2/2/15,10/5/20,Yes,1/19/16,0,,1,F,14982,536170,Executive Director,1
66181,HD,5680,HOME DEPOT INC,HOME DEPOT INC,CAUCASIAN/WHITE,TMT,Chairman/President/CEO,CEO,Marvin Ellison,,1,0,2/2/15,10/5/20,Yes,8/25/08,1,,0,M,14982,536170,Executive Director,1
66181,HD,5680,HOME DEPOT INC,HOME DEPOT INC,CAUCASIAN/WHITE,TMT,Chairman/President/CEO,CEO,Teresa Wynn Roseborough,,1,0,2/2/15,10/5/20,Yes,10/7/11,0,,1,F,14982,536170,Executive Director,1
57904,AFL,1449,AFLAC INC,,CAUCASIAN/WHITE,TMT,,,Audrey Boone Tillman,,1,0,,,,5/5/14,1,,1,F,,,,
57904,AFL,1449,AFLAC INC,,CAUCASIAN/WHITE,TMT,,,Teresa White,,1,0,,,,9/29/14,1,,1,F,,,,
,MLM,29733,MARTIN MARIETTA MATERIALS,MARTIN MARIETTA MATERIALS INC,CAUCASIAN/WHITE,,Chairman/President/CEO,CEO,Ward Nye,,,0,5/22/14,,Yes,,,,,,19739,841525,Executive Director,1
,RHT,122841,RED HAT INC,RELIQ HEALTH TECHNOLOGIES INC (Moseda Technologies Inc prior to 05/2016),,,CEO,CEO,Doctor Lisa Crossley,,,0,1/18/16,12/11/23,Yes,,,,,,1243400,1664864,Executive Director,1
,FRT,4605,FEDERAL REALTY INVESTMENT TR,FEDERAL REALTY INVESTMENT TRUST,CAUCASIAN/WHITE,,President/CEO,CEO,Don Wood,,,0,1/1/03,3/11/21,Yes,,,,,,11649,332472,Executive Director,1
21178,LMT,6774,LOCKHEED MARTIN CORP,LOCKHEED MARTIN CORP,CAUCASIAN/WHITE,TMT,Chairman/President/CEO,CEO,Linda Gooden,,1,0,1/1/14,6/15/20,Yes,12/7/06,1,,1,F,19048,202548,Executive Director,1
,MAR,28930,MARRIOTT INTL INC,MARRIOTT INTERNATIONAL INC,CAUCASIAN/WHITE,,Chairman (Executive),TMT,Bill Marriott Jr,,,0,3/31/12,5/6/22,Yes,,,,,,19706,24849,Executive Director,1
,MAR,28930,MARRIOTT INTL INC,MARRIOTT INTERNATIONAL INC,CAUCASIAN/WHITE,,President/CEO,CEO,Arne Sorenson,,,0,3/31/12,2/15/21,Yes,,,,,,19706,38571,Executive Director,1
,BAC,7647,BANK OF AMERICA CORP,VERIZON COMMUNICATIONS INC,CAUCASIAN/WHITE,,Chairman/CEO,CEO,Hans Vestberg,,,0,3/8/19,,Yes,,,,,,32507,454544,Executive Director,1
,HON,1300,HONEYWELL INTERNATIONAL INC,HONEYWELL INTERNATIONAL INC (AlliedSignal Inc prior to 01/2000),CAUCASIAN/WHITE,,Chairman/CEO,CEO,Darius Adamczyk,,,0,4/23/18,6/1/23,Yes,,,,,,15029,1205682,Executive Director,1
,IR,30098,INGERSOLL RAND INC,TRANE TECHNOLOGIES PLC (Ingersoll-Rand PLC prior to 03/2020),CAUCASIAN/WHITE,,Chairman/CEO,CEO,Mike Lamach,,,0,6/4/10,7/1/21,Yes,,,,,,16041,336406,Executive Director,1
,IR,30098,INGERSOLL RAND INC,INGERSOLL RAND INC (Gardner Denver Holdings Inc prior to 03/2020),CAUCASIAN/WHITE,,President/CEO,CEO,Vicente Reynal,,,0,5/12/17,11/9/21,Yes,,,,,,2656398,1912562,Executive Director,1
,TFC,11856,TRUIST FINANCIAL CORP,TRUIST FINANCIAL CORP (BB&T Corp prior to 12/2019),CAUCASIAN/WHITE,,Chairman/CEO,CEO,Kelly King,,,0,12/20/16,9/12/21,Yes,,,,,,3718,39271,Executive Director,1
,XRAY,13700,DENTSPLY SIRONA INC,DENTSPLY SIRONA INC (DENTSPLY International Inc prior to 02/2016),CAUCASIAN/WHITE,,CEO,CEO,Don Casey Jr,,,0,2/12/18,4/19/22,Yes,,,,,,9023,590656,Executive Director,1
,FCX,14590,FREEPORT-MCMORAN INC,FREEPORT-MCMORAN INC (Freeport-McMoRan Copper & Gold Inc prior to 07/2014),CAUCASIAN/WHITE,,Vice Chairman/President/CEO,CEO,Richard Adkerson,,,0,5/31/13,2/2/21,Yes,,,,,,12493,206065,Executive Director,1
75607,NLOK,15855,NORTONLIFELOCK INC,,CAUCASIAN/WHITE,CEO,,,John Thompson,,1,0,,,,4/14/99,0,0,0,M,,,,
75607,NLOK,15855,NORTONLIFELOCK INC,,CAUCASIAN/WHITE,TMT,,,Scott Taylor,,1,0,,,,8/1/08,1,,0,M,,,,
10138,TROW,12138,PRICE (T. ROWE) GROUP,T ROWE PRICE GROUP INC,CAUCASIAN/WHITE,CEO,Chairman/President/CEO,CEO,William Stromberg,,0,0,4/25/19,2/11/21,Yes,5/6/15,1,0,0,M,25020,489855,Executive Director,1
10138,TROW,12138,PRICE (T. ROWE) GROUP,T ROWE PRICE GROUP INC,CAUCASIAN/WHITE,CEO,Chairman/President/CEO,CEO,Bill Stromberg,,0,0,4/25/19,2/11/21,Yes,5/6/15,1,0,0,M,25020,489855,Executive Director,1
,ZION,11687,ZIONS BANCORPORATION NA,ZIONS BANCORPORATION NA (Zions Bancorporation prior to 10/2018),CAUCASIAN/WHITE,,Chairman/CEO,CEO,Harris Simmons,,,0,3/4/14,,Yes,,,,,,34139,57861,Executive Director,1
,EFX,4423,EQUIFAX INC,ENERFLEX LTD,CAUCASIAN/WHITE,,President/CEO,CEO,Marc Rossiter,,,0,5/3/19,,Yes,,,,,,1630130,1385042,Executive Director,1
,FLT,184700,FLEETCOR TECHNOLOGIES INC,DRONE DELIVERY CANADA CORP (Asher Resources Corp prior to 06/2016),CAUCASIAN/WHITE,,President/CEO,CEO,Mike Zahra,,,0,6/10/19,2/22/22,Yes,,,,,,1894801,554070,Executive Director,1
,ICE,163610,INTERCONTINENTAL EXCHANGE,INTERCONTINENTAL EXCHANGE INC (IntercontinentalExchange Group Inc prior to 05/2014),CAUCASIAN/WHITE,,Chairman/CEO,CEO,Jeff Sprecher,,,0,11/1/02,,Yes,,,,,,815224,489174,Executive Director,1
,ICE,163610,INTERCONTINENTAL EXCHANGE,CANLAN ICE SPORTS CORP (Canlan Investment Ltd prior to 08/1999),CAUCASIAN/WHITE,,President/CEO,CEO,Joey St-Aubin,,,0,3/6/09,,Yes,,,,,,1806144,1194094,Executive Director,1
,IVZ,29804,INVESCO LTD,INVESCO LTD (Invesco PLC prior to 12/2007),CAUCASIAN/WHITE,,President/CEO,CEO,Marty Flanagan,,,0,8/1/05,6/30/23,Yes,,,,,,2129,36584,Executive Director,1
11308,KO,3144,COCA-COLA CO,COCA-COLA CO,CAUCASIAN/WHITE,TMT,Chairman/CEO,CEO,Alexander Cummings,,1,0,4/24/19,,Yes,7/17/08,1,,0,M,7204,877797,Executive Director,1
11308,KO,3144,COCA-COLA CO,COCA-COLA CO,CAUCASIAN/WHITE,TMT,Chairman/CEO,CEO,Vicki Palmer,,1,0,4/24/19,,Yes,1/13/04,1,,1,F,7204,877797,Executive Director,1
11308,KO,3144,COCA-COLA CO,COCA-COLA CO,CAUCASIAN/WHITE,TMT,Chairman/CEO,CEO,Kathy Waller,,1,0,4/24/19,,Yes,2/20/14,1,,1,F,7204,877797,Executive Director,1
,NWL,7875,NEWELL BRANDS INC,NEWELL BRANDS INC (Newell Rubbermaid Inc prior to 04/2016),INDIAN/SOUTH ASIAN,,President/CEO,CEO,Ravi Saligram,,,1,10/2/19,5/5/22,Yes,,,,,,22048,447647,Executive Director,1
18411,SO,9850,SOUTHERN CO,SOUTHERN CO,CAUCASIAN/WHITE,CEO,Chairman/President/CEO,CEO,Christopher Womack,,1,0,12/1/10,3/31/23,Yes,5/26/21,0,0,0,M,28665,325858,Executive Director,1
18411,SO,9850,SOUTHERN CO,SOUTHERN CO,CAUCASIAN/WHITE,TMT,Chairman/President/CEO,CEO,Christopher Womack,,1,0,12/1/10,3/31/23,Yes,12/22/08,0,,0,M,28665,325858,Executive Director,1
87447,UPS,10920,UNITED PARCEL SERVICE INC,UNITED PARCEL SERVICE (UPS) INC,CAUCASIAN/WHITE,CEO,Chairman/CEO,CEO,Michael Eskew,,0,0,2/10/16,6/1/20,Yes,8/16/01,0,0,0,M,32137,41806,Executive Director,1
87447,UPS,10920,UNITED PARCEL SERVICE INC,UNITED PARCEL SERVICE (UPS) INC,CAUCASIAN/WHITE,CEO,Chairman/CEO,CEO,David Abney,,0,0,2/10/16,6/1/20,Yes,8/16/01,0,0,0,M,32137,41806,Executive Director,1
,JKHY,11811,HENRY (JACK) & ASSOCIATES,JACK HENRY & ASSOCIATES INC,CAUCASIAN/WHITE,,President/CEO,CEO,Dave Foss,,,0,7/1/17,7/1/21,Yes,,,,,,14668,836736,Executive Director,1
,IQV,17928,IQVIA HOLDINGS INC,IQVIA HOLDINGS INC (Quintiles IMS Holdings Inc prior to 11/2017),CAUCASIAN/WHITE,,Chairman/President/CEO,CEO,Ari Bousbib,,,0,10/3/16,,Yes,,,,,,1951118,33049,Executive Director,1
,DXC,3336,DXC TECHNOLOGY CO,DXC TECHNOLOGY CO (Computer Sciences Corp prior to 04/2017),CAUCASIAN/WHITE,,President/CEO,CEO,Mike Salvino,,,0,9/12/19,7/26/22,Yes,,,,,,7584,205612,Executive Director,1
,PFG,145701,PRINCIPAL FINANCIAL GRP INC,PRINCIPAL FINANCIAL GROUP INC,CAUCASIAN/WHITE,,Chairman/President/CEO,CEO,Dan Houston,,,0,5/17/16,,Yes,,,,,,25087,333969,Executive Director,1
,HLT,5643,HILTON WORLDWIDE HOLDINGS,HILTON HOTELS CORP (De-listed 10/2007),CAUCASIAN/WHITE,,Vice Chairman,TMT,Gregory Dillon,,,0,1/1/96,,Yes,,,,,,14812,85077,Executive Director,1
,HLT,5643,HILTON WORLDWIDE HOLDINGS,HILTON WORLDWIDE HOLDINGS INC,CAUCASIAN/WHITE,,President/CEO,CEO,Chris Nassetta,,,0,12/12/13,,Yes,,,,,,2022926,180239,Executive Director,1
,LDOS,165123,LEIDOS HOLDINGS INC,LEIDOS HOLDINGS INC (SAIC Inc prior to 09/2013),CAUCASIAN/WHITE,,Chairman/CEO,CEO,Roger Krone,,,0,3/20/15,5/3/23,Yes,,,,,,660090,881227,Executive Director,1
,ZBH,144559,ZIMMER BIOMET HOLDINGS INC,ZIMMER BIOMET HOLDINGS INC (Zimmer Holdings Inc prior to 06/2015),CAUCASIAN/WHITE,,President/CEO,CEO,Bryan Hanson,,,0,12/19/17,5/14/21,Yes,,,,,,34134,1119554,Executive Director,1
,AES,24216,AES CORP (THE),AES CORP,HISPANIC/LATIN AMERICAN,,President/CEO,CEO,Doctor Andr___Â©s Gluski Weilert,,,1,9/30/11,,Yes,,,,,,979,452889,Executive Director,1
,POOL,61420,POOL CORP,POOL CORP (SCP Pool prior to 05/2006),CAUCASIAN/WHITE,,President/CEO,CEO,Pete Arvan,,,0,7/31/19,,Yes,,,,,,27358,1351667,Executive Director,1
,D,4029,DOMINION ENERGY INC,DOMINION ENERGY INC (Dominion Resources Inc (Virginia) prior to 05/2017),CAUCASIAN/WHITE,,Chairman/President/CEO,CEO,Tom Farrell II,,,0,4/27/07,10/1/20,Yes,,,,,,9491,36934,Executive Director,1
,MPC,186989,MARATHON PETROLEUM CORP,MADISON PACIFIC PROPERTIES INC,CAUCASIAN/WHITE,,President/CEO,CEO,Marvin Haasen,,,0,11/1/12,7/17/23,Yes,,,,,,1604377,2121957,Executive Director,1
,SJM,9777,SMUCKER (JM) CO,J. M. SMUCKER CO (THE),CAUCASIAN/WHITE,,Chairman (Executive),TMT,Richard Smucker,,,0,5/1/16,8/17/22,Yes,,,,,,28325,43611,Executive Director,1
,SJM,9777,SMUCKER (JM) CO,J. M. SMUCKER CO (THE),CAUCASIAN/WHITE,,President/CEO,CEO,Mark Smucker,,,0,5/1/16,8/17/22,Yes,,,,,,28325,548682,Executive Director,1
,CERN,12850,CERNER CORP,CERNER CORP (De-listed 06/2022),PREFER NOT TO DISCLOSE,,Chairman/CEO,CEO,D Shafer,,,0,2/1/18,10/1/21,Yes,,,,,,6375,1370253,Executive Director,1
22293,GLW,3532,CORNING INC,,CAUCASIAN/WHITE,TMT,,,Lawrence McRae,,1,0,,,,10/7/10,1,,0,M,,,,
,CMI,3650,CUMMINS INC,C-COM SATELLITE SYSTEMS INC,CAUCASIAN/WHITE,,President/CEO,CEO,Doctor Leslie Klein,,,0,8/15/00,,Yes,,,,,,1984540,2418090,Executive Director,1
,LUMN,2884,LUMEN TECHNOLOGIES INC,LUMEN TECHNOLOGIES INC (CenturyLink Inc prior to 09/2020),CAUCASIAN/WHITE,,President/CEO,CEO,Jeff Storey,,,0,5/23/18,11/7/22,Yes,,,,,,6353,730057,Executive Director,1
23229,CMS,3439,CMS ENERGY CORP,CMS ENERGY CORP,CAUCASIAN/WHITE,TMT,President/CEO,CEO,Rejji Hayes,,1,0,7/1/16,12/1/20,Yes,5/1/17,1,,0,M,7147,1094129,Executive Director,1
,LHX,5492,L3HARRIS TECHNOLOGIES INC,L3HARRIS TECHNOLOGIES INC (Harris Corp prior to 07/2019),CAUCASIAN/WHITE,,Vice Chairman/President/COO,TMT,Chris Kubasik,,,0,6/29/19,6/29/21,Yes,,,,,,14355,34826,Executive Director,1
,LHX,5492,L3HARRIS TECHNOLOGIES INC,L3HARRIS TECHNOLOGIES INC (Harris Corp prior to 07/2019),CAUCASIAN/WHITE,,Chairman (Executive)/CEO,CEO,Bill Brown,,,0,6/29/19,6/29/21,Yes,,,,,,14355,484620,Executive Director,1
,K,6375,KELLOGG CO,KELLANOVA CO (Kellogg Co prior to 10/2023),CAUCASIAN/WHITE,,Chairman/President/CEO,CEO,Steve Cahillane,,,0,3/16/18,,Yes,,,,,,17777,455061,Executive Director,1
,K,6375,KELLOGG CO,KINROSS GOLD CORP,CAUCASIAN/WHITE,,President/CEO,CEO,J Rollinson,,,0,10/1/14,,Yes,,,,,,17958,889546,Executive Director,1
,UNM,12726,UNUM GROUP,UNUM GROUP (UnumProvident Corp prior to 03/2007),CAUCASIAN/WHITE,,President/CEO,CEO,Rick McKenney,,,0,5/21/15,,Yes,,,,,,31898,340641,Executive Director,1
,ROP,24925,ROPER TECHNOLOGIES INC,ROPER TECHNOLOGIES INC (Roper Industries Inc prior to 04/2015),CAUCASIAN/WHITE,,President/CEO,CEO,Laurence Hunn,,,0,9/19/18,,Yes,,,,,,26544,796522,Executive Director,1
,SCHW,13988,SCHWAB (CHARLES) CORP,CHARLES SCHWAB CORP,CAUCASIAN/WHITE,,Chairman (Executive),TMT,Chuck Schwab Jr,,,0,10/1/08,7/27/22,Yes,,,,,,27292,957,Executive Director,1
,SCHW,13988,SCHWAB (CHARLES) CORP,CHARLES SCHWAB CORP,CAUCASIAN/WHITE,,President/CEO,CEO,Walt Bettinger II,,,0,10/1/08,10/15/21,Yes,,,,,,27292,486476,Executive Director,1
,UDR,10894,UDR INC,UDR INC (United Dominion Realty Trust Inc prior to 03/2007),CAUCASIAN/WHITE,,Chairman/CEO,CEO,Tom Toomey,,,0,1/1/19,,Yes,,,,,,32094,181650,Executive Director,1
25419,WHR,11465,WHIRLPOOL CORP,WHIRLPOOL CORP,CAUCASIAN/WHITE,TMT,Chairman/President/CEO,CEO,Michael Todman,,1,0,1/1/19,9/1/21,Yes,3/25/01,0,,0,M,33437,485987,Executive Director,1
85621,MTD,65772,METTLER-TOLEDO INTL INC,METTLER TOLEDO INTERNATIONAL INC,CAUCASIAN/WHITE,CEO,President/CEO,CEO,Olivier Filliol,,0,0,1/1/09,3/31/21,Yes,11/1/07,0,0,0,M,20478,205031,Executive Director,1
85621,MTD,65772,METTLER-TOLEDO INTL INC,METTLER TOLEDO INTERNATIONAL INC,CAUCASIAN/WHITE,CEO,President/CEO,CEO,Olivier Filliol,,0,0,1/1/09,3/31/21,Yes,11/1/07,0,0,0,M,20478,205031,Executive Director,1
,KSU,6335,KANSAS CITY SOUTHERN,KANSAS CITY SOUTHERN (De-listed 12/2021),CAUCASIAN/WHITE,,President/CEO,CEO,Pat Ottensmeyer,,,0,7/1/16,12/14/21,Yes,,,,,,17690,489655,Executive Director,1
,GL,10614,GLOBE LIFE INC,GLOBE LIFE INC (Torchmark Corp prior to 08/2019),CAUCASIAN/WHITE,,Co-Chairman/Co-CEO,CEO,Gary Coleman,,,0,4/24/14,12/31/22,Yes,,,,,,30937,58941,Executive Director,1
,GL,10614,GLOBE LIFE INC,GLOBE LIFE INC (Torchmark Corp prior to 08/2019),CAUCASIAN/WHITE,,Co-Chairman/Co-CEO,CEO,Larry Hutchison,,,0,4/24/14,12/31/22,Yes,,,,,,30937,58946,Executive Director,1
,STZ,2710,CONSTELLATION BRANDS,CONSTELLATION BRANDS INC,CAUCASIAN/WHITE,,Vice Chairman (Executive),TMT,Doctor Richard Sands,,,0,3/1/19,1/1/22,Yes,,,,,,7753,82517,Executive Director,1
,STZ,2710,CONSTELLATION BRANDS,CONSTELLATION BRANDS INC,CAUCASIAN/WHITE,,Chairman (Executive),TMT,Rob Sands,,,0,3/1/19,1/1/22,Yes,,,,,,7753,82522,Executive Director,1
,STZ,2710,CONSTELLATION BRANDS,CONSTELLATION BRANDS INC,CAUCASIAN/WHITE,,President/CEO,CEO,Bill Newlands Jr,,,0,3/1/19,,Yes,,,,,,7753,1130665,Executive Director,1
,AAL,1045,AMERICAN AIRLINES GROUP INC,AMERICAN AIRLINES GROUP INC (AMR Corp prior to 12/2013),CAUCASIAN/WHITE,,Chairman/CEO,CEO,Doug Parker Jr,,,0,6/4/14,3/31/22,Yes,,,,,,2021732,273457,Executive Director,1
,DHI,25340,D R HORTON INC,DR HORTON INC,CAUCASIAN/WHITE,,Chairman (Executive),TMT,Donald Horton,,,0,11/1/98,10/1/23,Yes,,,,,,9582,65517,Executive Director,1
,CSX,2574,CSX CORP,CLEAN SEED CAPITAL GROUP LTD,CAUCASIAN/WHITE,,Chairman/CEO,CEO,Graeme Lempriere,,,0,10/16/18,,Yes,,,,,,1986420,1852520,Executive Director,1
,FIS,165993,FIDELITY NATIONAL INFO SVCS,FIDELITY NATIONAL INFORMATION SERVICES INC (Certegy Inc prior to 02/2006),CAUCASIAN/WHITE,,Chairman/President/CEO,CEO,Gary Norcross,,,0,5/30/18,3/9/21,Yes,,,,,,6382,516521,Executive Director,1
,REG,29099,REGENCY CENTERS CORP,REGULUS RESOURCES INC,CAUCASIAN/WHITE,,CEO,CEO,John Black,,,0,9/30/14,,Yes,,,,,,1792078,1061422,Executive Director,1
13788,ZTS,13721,ZOETIS INC,,CAUCASIAN/WHITE,TMT,,,Clinton Lewis,,1,0,,,,5/7/15,1,,0,M,,,,
,MNST,24316,MONSTER BEVERAGE CORP,MONSTER BEVERAGE CORP (Hansen Natural Corp prior to 12/2011),CAUCASIAN/WHITE,,Chairman/CEO,CEO,Rodney Sacks,,,0,7/1/96,1/13/21,Yes,,,,,,14301,343707,Executive Director,1
,MNST,24316,MONSTER BEVERAGE CORP,MONSTER BEVERAGE CORP (Hansen Natural Corp prior to 12/2011),CAUCASIAN/WHITE,,Vice Chairman/President/CFO/COO/Secretary,TMT,Hilton Schlosberg,,,0,7/1/96,1/13/21,Yes,,,,,,14301,343710,Executive Director,1
,PPL,8455,PPL CORP,PEMBINA PIPELINE CORP,CAUCASIAN/WHITE,,President/CEO,CEO,Mick Dilger,,,0,1/1/14,11/19/21,Yes,,,,,,664896,1248718,Executive Director,1
,ULTA,178704,ULTA BEAUTY INC,ULTA BEAUTY INC (Ulta Salon Cosmetics & Fragrance Inc prior to 01/2017),CAUCASIAN/WHITE,,CEO,CEO,Mary Dillon,,,0,7/1/13,6/2/21,Yes,,,,,,465379,487099,Executive Director,1
89728,CCL,13498,CARNIVAL CORPORATION & PLC,CARNIVAL CORP,BLACK/AFRICAN AMERICAN,CEO,Chairman (Executive),TMT,Arnold Donald,,1,1,7/3/13,,Yes,6/24/13,0,0,0,M,5867,27496,Executive Director,1
89728,CCL,13498,CARNIVAL CORPORATION & PLC,CARNIVAL CORP,BLACK/AFRICAN AMERICAN,CEO,Chairman (Executive),TMT,Micky Arison,,1,1,7/3/13,,Yes,6/24/13,0,0,0,M,5867,27496,Executive Director,1
89728,CCL,13498,CARNIVAL CORPORATION & PLC,CARNIVAL CORP,BLACK/AFRICAN AMERICAN,CEO,President/CEO,CEO,Arnold Donald,,1,1,7/3/13,1/1/22,Yes,6/24/13,0,0,0,M,5867,35264,Executive Director,1
89728,CCL,13498,CARNIVAL CORPORATION & PLC,CARNIVAL CORP,BLACK/AFRICAN AMERICAN,CEO,President/CEO,CEO,Arnold Donald,,1,1,7/3/13,1/1/22,Yes,6/24/13,0,0,0,M,5867,35264,Executive Director,1
,NCLH,104432,NORWEGIAN CRUISE LINE HLDGS,NORWEGIAN CRUISE LINE HOLDINGS LTD,HISPANIC/LATIN AMERICAN,,President/CEO,CEO,Frank Del Rio,,,1,8/4/15,6/30/23,Yes,,,,,,1925428,1451131,Executive Director,1
,RCL,28191,ROYAL CARIBBEAN GROUP,ROYAL CARIBBEAN CRUISES LTD (ROYAL CARIBBEAN GROUP),CAUCASIAN/WHITE,,Chairman/CEO,CEO,Richard Fain,,,0,4/1/88,1/3/22,Yes,,,,,,26625,13413,Executive Director,1
,CMG,165914,CHIPOTLE MEXICAN GRILL INC,COMPUTER MODELLING GROUP LTD,CAUCASIAN/WHITE,,President/CEO,CEO,Ryan Schneider,,,0,7/12/18,5/10/22,Yes,,,,,,598752,1457763,Executive Director,1
,EW,133366,EDWARDS LIFESCIENCES CORP,EAST WEST PETROLEUM CORP (Avere Energy Inc prior to 08/2010),CAUCASIAN/WHITE,,CFO/Secretary/Interim CEO,CEO,Nick DeMare,,,0,3/14/19,2/2/23,Yes,,,,,,1195225,482389,Executive Director,1
,SWKS,1327,SKYWORKS SOLUTIONS INC,SKYWORKS SOLUTIONS INC (Alpha Industries prior to 6/2002),CAUCASIAN/WHITE,,President/CEO,CEO,Liam Griffin,,,0,5/11/16,5/13/21,Yes,,,,,,1573,327486,Executive Director,1
,HSY,5597,HERSHEY CO,HERSHEY CO (THE),CAUCASIAN/WHITE,,Chairman/President/CEO,CEO,Michele Buck,,,0,10/11/19,,Yes,,,,,,14714,485170,Executive Director,1
,BR,176928,BROADRIDGE FINANCIAL SOLUTNS,BROADRIDGE FINANCIAL SOLUTIONS INC,CAUCASIAN/WHITE,,Chairman (Executive),TMT,Rich Daly,,,0,1/2/19,,Yes,,,,,,934640,35096,Executive Director,1
,FLIR,28477,FLIR SYSTEMS INC,FLIR SYSTEMS INC (De-listed 05/2021),CAUCASIAN/WHITE,,President/CEO,CEO,Jim Cannon,,,0,6/19/17,5/14/21,Yes,,,,,,12112,1301933,Executive Director,1
,FE,8099,FIRSTENERGY CORP,FE BATTERY METALS CORP (First Energy Metals Ltd prior to 11/2022),CAUCASIAN/WHITE,,President/CEO,CEO,Gurm Sangha,,,0,3/26/18,,Yes,,,,,,643675,1966120,Executive Director,1
,BRK.B,2176,BERKSHIRE HATHAWAY,BERKSHIRE HATHAWAY INC,CAUCASIAN/WHITE,,Chairman/CEO,CEO,Warren Buffett,,,0,1/1/70,,No,,,,,,4080,32543,Executive Director,1
,BRK.B,2176,BERKSHIRE HATHAWAY,BERKSHIRE HATHAWAY INC,CAUCASIAN/WHITE,,Vice Chairman,TMT,Charlie Munger,,,0,1/1/78,11/28/23,Yes,,,,,,4080,40751,Executive Director,1
,BRK.B,2176,BERKSHIRE HATHAWAY,BERKSHIRE HATHAWAY INC,CAUCASIAN/WHITE,,Vice Chairman - Operations,TMT,Greg Abel,,,0,1/9/18,,Yes,,,,,,4080,344171,Executive Director,1
,BRK.B,2176,BERKSHIRE HATHAWAY,BERKSHIRE HATHAWAY INC,CAUCASIAN/WHITE,,Vice Chairman - Operations,TMT,Ajit Jain,,,0,1/9/18,,Yes,,,,,,4080,1113697,Executive Director,1
48725,UNP,10867,UNION PACIFIC CORP,UNION PACIFIC CORP,CAUCASIAN/WHITE,TMT,Chairman/President/CEO,CEO,Eric Butler,,1,0,10/1/15,8/14/23,Yes,11/17/16,1,,0,M,31786,603672,Executive Director,1
48725,UNP,10867,UNION PACIFIC CORP,UNION PACIFIC CORP,CAUCASIAN/WHITE,TMT,Chairman/President/CEO,CEO,Eric Butler,,1,0,10/1/15,8/14/23,Yes,3/15/12,1,,0,M,31786,603672,Executive Director,1
48725,UNP,10867,UNION PACIFIC CORP,UNION PACIFIC CORP,CAUCASIAN/WHITE,TMT,Chairman/President/CEO,CEO,Rhonda Ferguson,,1,0,10/1/15,8/14/23,Yes,6/7/16,0,,1,F,31786,603672,Executive Director,1
,DE,3835,DEERE & CO,DECISIVE DIVIDEND CORP,CAUCASIAN/WHITE,,Chairman/CEO,CEO,James Paterson,,,0,9/24/13,5/31/21,Yes,,,,,,1987627,2784754,Executive Director,1
,VMC,11228,VULCAN MATERIALS CO,VICINITY MOTOR CORP (Grande West Transportation Group Inc prior to 03/2021),CAUCASIAN/WHITE,,President/CEO,CEO,William Trainer,,,0,8/26/19,,Yes,,,,,,2034565,1537148,Executive Director,1
,APA,1678,APA CORP,APA CORP (Apache Corp prior to 03/2021),CAUCASIAN/WHITE,,President/CEO,CEO,John Christmann IV,,,0,1/20/15,1/1/24,Yes,,,,,,2307,535064,Executive Director,1
,BKR,32106,BAKER HUGHES CO,BAKER HUGHES CO (Baker Hughes a GE Co prior to 10/2019),CAUCASIAN/WHITE,,Chairman/President/CEO,CEO,Lorenzo Simonelli,,,0,10/2/17,,Yes,,,,,,3415,641184,Executive Director,1
,CCI,113490,CROWN CASTLE INC,CROWN CASTLE INC (Crown Castle International Corp prior to 08/2022),CAUCASIAN/WHITE,,President/CEO,CEO,Jay Brown,,,0,6/1/16,1/16/24,Yes,,,,,,8304,620002,Executive Director,1
,COP,8549,CONOCOPHILLIPS,CONOCOPHILLIPS COMPANY,CAUCASIAN/WHITE,,Chairman/CEO,CEO,Ryan Lance,,,0,5/1/12,,Yes,,,,,,24355,486834,Executive Director,1
,CTRA,20548,COTERRA ENERGY INC,COTERRA ENERGY INC (Cabot Oil & Gas Corp prior to 10/2021),CAUCASIAN/WHITE,,Chairman/President/CEO,CEO,Dan Dinges,,,0,5/2/02,10/1/21,Yes,,,,,,5465,202913,Executive Director,1
,EOG,16478,EOG RESOURCES INC,EOG RESOURCES INC (Enron Oil & Gas Co prior to 09/1999),CAUCASIAN/WHITE,,Chairman/CEO,CEO,Bill Thomas,,,0,1/1/14,9/30/21,Yes,,,,,,10844,534761,Executive Director,1
,EOG,16478,EOG RESOURCES INC,ECO ATLANTIC OIL & GAS LTD (Goldbard Capital Corp prior to 11/2011),CAUCASIAN/WHITE,,President/CEO,CEO,Gil Holzman,,,0,11/25/11,,Yes,,,,,,1807060,1892119,Executive Director,1
,HPE,26156,HEWLETT PACKARD ENTERPRISE,HEWLETT PACKARD ENTERPRISE CO,HISPANIC/LATIN AMERICAN,,President/CEO,CEO,Antonio Neri,,,1,2/1/18,,Yes,,,,,,2358912,1192124,Executive Director,1
,KMI,6310,KINDER MORGAN INC,KINDER MORGAN INC (Kinder Morgan Holdco LLC prior to 02/2011),CAUCASIAN/WHITE,,Chairman (Executive),TMT,Rich Kinder,,,0,6/1/15,,Yes,,,,,,1687673,38016,Executive Director,1
,KMI,6310,KINDER MORGAN INC,KINDER MORGAN INC (Kinder Morgan Holdco LLC prior to 02/2011),CAUCASIAN/WHITE,,CEO,CEO,Steve Kean,,,0,4/18/18,8/1/23,Yes,,,,,,1687673,480557,Executive Director,1
,MRO,7017,MARATHON OIL CORP,MARATHON OIL CORP (USX Marathon Group prior to 01/2002),CAUCASIAN/WHITE,,Chairman/President/CEO,CEO,Lee Tillman,,,0,2/1/19,,Yes,,,,,,32067,1314672,Executive Director,1
,NOV,63892,NOV INC,NOV INC (National Oilwell Varco Inc prior to 01/2021),CAUCASIAN/WHITE,,Chairman/President/CEO,CEO,Clay Williams,,,0,5/30/14,,Yes,,,,,,21553,207048,Executive Director,1
,SLB,9465,SCHLUMBERGER LTD,SCHLUMBERGER LIMITED,CAUCASIAN/WHITE,,CEO,CEO,Olivier Le Peuch,,,0,8/1/19,,Yes,,,,,,27242,484858,Executive Director,1
,WM,14477,WASTE MANAGEMENT INC,WALLBRIDGE MINING CO LTD,CAUCASIAN/WHITE,,President/CEO,CEO,Marz Kord-Gharachorloo,,,0,4/25/12,10/10/23,Yes,,,,,,742530,1061537,Executive Director,1
35554,MTB,4699,M & T BANK CORP,M&T BANK CORP,CAUCASIAN/WHITE,CEO,Chairman/CEO,CEO,Rene Jones,,1,0,12/20/17,,Yes,12/20/17,1,0,0,M,19327,484476,Executive Director,1
35554,MTB,4699,M & T BANK CORP,M&T BANK CORP,CAUCASIAN/WHITE,CEO,Chairman/CEO,CEO,Ren___Â© Jones,,1,0,12/20/17,,Yes,12/20/17,1,0,0,M,19327,484476,Executive Director,1
,NEE,4517,NEXTERA ENERGY INC,NEXTERA ENERGY INC (FPL Group Inc prior to 05/2010),CAUCASIAN/WHITE,,Chairman/President/CEO,CEO,Jim Robo,,,0,12/13/13,3/1/22,Yes,,,,,,12407,39031,Executive Director,1
38762,NI,7974,NISOURCE INC,NISOURCE INC (NIPSCO Industries Inc prior to 04/1999),CAUCASIAN/WHITE,CEO,President/CEO,CEO,Lloyd Yates,,1,0,7/1/15,2/14/22,Yes,1/28/22,1,0,0,M,22260,594908,Executive Director,1
38762,NI,7974,NISOURCE INC,NISOURCE INC (NIPSCO Industries Inc prior to 04/1999),CAUCASIAN/WHITE,CEO,President/CEO,CEO,Joe Hamrock,,1,0,7/1/15,2/14/22,Yes,1/28/22,1,0,0,M,22260,594908,Executive Director,1
38762,NI,7974,NISOURCE INC,NISOURCE INC (NIPSCO Industries Inc prior to 04/1999),CAUCASIAN/WHITE,TMT,President/CEO,CEO,Donald Brown,,1,0,7/1/15,2/14/22,Yes,3/24/15,1,,0,M,22260,594908,Executive Director,1
38762,NI,7974,NISOURCE INC,NISOURCE INC (NIPSCO Industries Inc prior to 04/1999),CAUCASIAN/WHITE,TMT,President/CEO,CEO,Joe Hamrock,,1,0,7/1/15,2/14/22,Yes,3/24/15,1,,0,M,22260,594908,Executive Director,1
,ES,7970,EVERSOURCE ENERGY,EVERSOURCE ENERGY (Northeast Utilities prior to 02/2015),CAUCASIAN/WHITE,,Chairman/President/CEO,CEO,Jim Judge,,,0,5/3/17,5/5/21,Yes,,,,,,22660,206005,Executive Director,1
23660,CTAS,3062,CINTAS CORP,CINTAS CORP,CAUCASIAN/WHITE,TMT,Chairman/CEO,CEO,Phillip Holloman,,1,0,9/30/16,5/31/21,Yes,1/19/08,0,,0,M,6877,38311,Executive Director,1
34746,FITB,4640,FIFTH THIRD BANCORP,FIFTH THIRD BANCORP,CAUCASIAN/WHITE,CEO,Chairman/President/CEO,CEO,Greg Carmichael,,0,0,2/1/18,10/26/20,Yes,7/8/15,0,0,0,M,324,203638,Executive Director,1
,PG,8762,PROCTER & GAMBLE CO,I-80 GOLD CORP (Premier Gold Mines Ltd prior to 04/2021),CAUCASIAN/WHITE,,Chairman (Executive),TMT,John Begeman,,,0,6/25/15,4/7/21,Yes,,,,,,1027070,441971,Executive Director,1
,PG,8762,PROCTER & GAMBLE CO,I-80 GOLD CORP (Premier Gold Mines Ltd prior to 04/2021),CAUCASIAN/WHITE,,President/CEO,CEO,Ewan Downie,,,0,5/29/06,4/7/21,Yes,,,,,,1027070,732790,Executive Director,1
,WELL,5543,WELLTOWER INC,WELLTOWER INC (Health Care REIT Inc prior to 09/2015),CAUCASIAN/WHITE,,Chairman/CEO,CEO,Tom DeRosa,,,0,5/2/19,10/5/20,Yes,,,,,,14484,183802,Executive Director,1
,WELL,5543,WELLTOWER INC,WELL HEALTH TECHNOLOGIES CORP (Wellness Lifestyles Inc prior to 07/2018),CAUCASIAN/WHITE,,Chairman/CEO,CEO,Hamed Shahbazi,,,0,5/23/18,,Yes,,,,,,1987496,1607052,Executive Director,1
,CTSH,111864,COGNIZANT TECH SOLUTIONS,COGNIZANT TECHNOLOGY SOLUTIONS CORP,CAUCASIAN/WHITE,,CEO,CEO,Brian Humphries,,,0,4/1/19,1/12/23,Yes,,,,,,7256,515842,Executive Director,1
,TAP,3505,MOLSON COORS BEVERAGE CO,MOLSON COORS BEVERAGE CO (Molson Coors Brewing Co prior to 01/2020),CAUCASIAN/WHITE,,President/CEO,CEO,Gavin Hattersley,,,0,9/28/19,,Yes,,,,,,7847,1202080,Executive Director,1
,AME,1598,AMETEK INC,ABACUS MINING & EXPLORATION CORP (Abacus Minerals Corp prior to 04/2001),CAUCASIAN/WHITE,,Chairman (Executive),TMT,Mike McInnis,,,0,11/1/17,,Yes,,,,,,1016911,1379549,Executive Director,1
,WST,11376,WEST PHARMACEUTICAL SVSC INC,WEST PHARMACEUTICAL SERVICES INC,CAUCASIAN/WHITE,,President/CEO,CEO,Eric Green,,,0,12/17/15,5/24/22,Yes,,,,,,33314,1194462,Executive Director,1
,PNC,8245,PNC FINANCIAL SVCS GROUP INC,PNC FINANCIAL SERVICES GROUP INC,CAUCASIAN/WHITE,,Chairman/President/CEO,CEO,William Demchak,,,0,4/22/14,2/20/24,Yes,,,,,,24669,44576,Executive Director,1
,WAB,60979,WABTEC CORP,WESTINGHOUSE AIR BRAKE TECHNOLOGIES CORP,HISPANIC/LATIN AMERICAN,,Chairman (Executive),TMT,Al Neupaver,,,1,5/1/18,7/1/20,Yes,,,,,,33000,205052,Executive Director,1
,WAB,60979,WABTEC CORP,WESTINGHOUSE AIR BRAKE TECHNOLOGIES CORP,HISPANIC/LATIN AMERICAN,,President/CEO,CEO,Rafael Santana,,,1,7/1/19,,Yes,,,,,,33000,1188120,Executive Director,1
86136,SRE,8272,SEMPRA ENERGY,,CAUCASIAN/WHITE,CEO,,,Donald Felsinger,,0,0,,,,12/7/05,0,0,0,M,,,,
,CVS,7241,CVS HEALTH CORP,CVS HEALTH CORP (CVS Caremark Corp prior to 09/2014),CAUCASIAN/WHITE,,President/CEO,CEO,Larry Merlo,,,0,3/1/11,2/1/21,Yes,,,,,,8468,45626,Executive Director,1
,DISH,60900,DISH NETWORK CORP,DISH NETWORK CORP (Echostar Communications Corp prior to 01/2008) (De-listed 12/2023),CAUCASIAN/WHITE,,Chairman (Executive),TMT,Charlie Ergen,,,0,12/5/17,12/29/23,Yes,,,,,,10024,43416,Executive Director,1
81655,DRI,31846,DARDEN RESTAURANTS INC,DARDEN RESTAURANTS INC,CAUCASIAN/WHITE,CEO,President/CEO,CEO,Clarence Otis,,1,0,2/22/15,1/4/21,Yes,8/12/04,1,0,0,M,8697,200799,Executive Director,1
,CF,163946,CF INDUSTRIES HOLDINGS INC,CANACCORD GENUITY GROUP INC (Canaccord Financial Inc prior to 10/2013),CAUCASIAN/WHITE,,Chairman (Executive),TMT,David Kassie,,,0,10/1/15,,Yes,,,,,,603809,331091,Executive Director,1
,CF,163946,CF INDUSTRIES HOLDINGS INC,CANACCORD GENUITY GROUP INC (Canaccord Financial Inc prior to 10/2013),CAUCASIAN/WHITE,,President/CEO,CEO,Dan Daviau,,,0,10/1/15,,Yes,,,,,,603809,1131095,Executive Director,1
,CF,163946,CF INDUSTRIES HOLDINGS INC,CF INDUSTRIES HLDGS INC,CAUCASIAN/WHITE,,President/CEO,CEO,Tony Will,,,0,1/2/14,,Yes,,,,,,665753,534187,Executive Director,1
,DFS,177376,DISCOVER FINANCIAL SVCS,DISCOVER FINANCIAL SERVICES INC,CAUCASIAN/WHITE,,President/CEO,CEO,Roger Hochschild,,,0,10/1/18,8/14/23,Yes,,,,,,78171,33852,Executive Director,1
,GWW,5256,GRAINGER (W W) INC,WW GRAINGER INC,CAUCASIAN/WHITE,,Chairman/CEO,CEO,DG Macpherson,,,0,10/1/17,,Yes,,,,,,13725,881638,Executive Director,1
19502,WBA,11264,WALGREENS BOOTS ALLIANCE INC,WALGREENS BOOTS ALLIANCE INC (Walgreen Co prior to 12/2014),CAUCASIAN/WHITE,CEO,Executive Vice Chairman/CEO,CEO,Rosalind Brewer,,1,0,7/9/15,3/15/21,Yes,1/26/21,0,0,1,F,33026,3997,Executive Director,1
19502,WBA,11264,WALGREENS BOOTS ALLIANCE INC,WALGREENS BOOTS ALLIANCE INC (Walgreen Co prior to 12/2014),CAUCASIAN/WHITE,CEO,Executive Vice Chairman/CEO,CEO,Stefano Pessina,,1,0,7/9/15,3/15/21,Yes,1/26/21,0,0,1,F,33026,3997,Executive Director,1
19502,WBA,11264,WALGREENS BOOTS ALLIANCE INC,WALGREENS BOOTS ALLIANCE INC (Walgreen Co prior to 12/2014),CAUCASIAN/WHITE,CEO,Chairman (Executive),TMT,Rosalind Brewer,,1,0,1/9/15,3/15/21,Yes,1/26/21,0,0,1,F,33026,35981,Executive Director,1
19502,WBA,11264,WALGREENS BOOTS ALLIANCE INC,WALGREENS BOOTS ALLIANCE INC (Walgreen Co prior to 12/2014),CAUCASIAN/WHITE,CEO,Chairman (Executive),TMT,Jim Skinner,,1,0,1/9/15,3/15/21,Yes,1/26/21,0,0,1,F,33026,35981,Executive Director,1
19502,WBA,11264,WALGREENS BOOTS ALLIANCE INC,WALGREENS BOOTS ALLIANCE INC (Walgreen Co prior to 12/2014),CAUCASIAN/WHITE,TMT,Executive Vice Chairman/CEO,CEO,Kathleen Wilson-Thompson,,1,0,7/9/15,3/15/21,Yes,11/23/09,1,,1,F,33026,3997,Executive Director,1
19502,WBA,11264,WALGREENS BOOTS ALLIANCE INC,WALGREENS BOOTS ALLIANCE INC (Walgreen Co prior to 12/2014),CAUCASIAN/WHITE,TMT,Executive Vice Chairman/CEO,CEO,Stefano Pessina,,1,0,7/9/15,3/15/21,Yes,11/23/09,1,,1,F,33026,3997,Executive Director,1
19502,WBA,11264,WALGREENS BOOTS ALLIANCE INC,WALGREENS BOOTS ALLIANCE INC (Walgreen Co prior to 12/2014),CAUCASIAN/WHITE,TMT,Chairman (Executive),TMT,Kathleen Wilson-Thompson,,1,0,1/9/15,3/15/21,Yes,11/23/09,1,,1,F,33026,35981,Executive Director,1
19502,WBA,11264,WALGREENS BOOTS ALLIANCE INC,WALGREENS BOOTS ALLIANCE INC (Walgreen Co prior to 12/2014),CAUCASIAN/WHITE,TMT,Chairman (Executive),TMT,Jim Skinner,,1,0,1/9/15,3/15/21,Yes,11/23/09,1,,1,F,33026,35981,Executive Director,1
,ZBRA,24405,ZEBRA TECHNOLOGIES CP -CL A,ZEBRA TECHNOLOGIES CORP,CAUCASIAN/WHITE,,CEO,CEO,Anders Gustafsson,,,0,9/4/07,3/1/23,Yes,,,,,,34075,204453,Executive Director,1
,UHS,11032,UNIVERSAL HEALTH SVCS INC,UNIVERSAL HEALTH SERVICES INC,CAUCASIAN/WHITE,,Chairman/CEO,CEO,Alan Miller,,,0,5/20/09,1/1/21,Yes,,,,,,31865,81852,Executive Director,1
,ABMD,13619,ABIOMED INC,ABIOMED INC (De-listed 12/2022),CAUCASIAN/WHITE,,Chairman/President/CEO,CEO,Mike Minogue,,,0,6/15/05,12/22/22,Yes,,,,,,481,336173,Executive Director,1
,BKNG,119314,BOOKING HOLDINGS INC,BOOKING HOLDINGS INC (Priceline Group Inc (The) prior to 02/2018),CAUCASIAN/WHITE,,President/CEO/Division CEO,CEO,Glenn Fogel,,,0,6/26/19,,Yes,,,,,,25022,549248,Executive Director,1
,CHTR,126136,CHARTER COMMUNICATIONS INC,CHARTER COMMUNICATIONS INC (Spectrum),CAUCASIAN/WHITE,,Chairman/CEO,CEO,Tom Rutledge,,,0,7/26/16,11/30/22,Yes,,,,,,1661731,334487,Executive Director,1
,IT,12441,GARTNER INC,GARTNER INC (Gartner Group Inc prior to 08/2001),CAUCASIAN/WHITE,,CEO,CEO,Gene Hall,,,0,8/3/04,,Yes,,,,,,12862,35090,Executive Director,1
,PBCT,16245,PEOPLE'S UNITED FINL INC,PEOPLE'S UNITED FINANCIAL INC (De-listed 04/2022),CAUCASIAN/WHITE,,Chairman/CEO,CEO,Jack Barnes,,,0,6/26/18,4/4/22,Yes,,,,,,1013530,204547,Executive Director,1
85663,URI,66065,UNITED RENTALS INC,UNITED RENTALS INC,CAUCASIAN/WHITE,TMT,President/CEO,CEO,William Plummer,,1,0,5/8/19,,Yes,11/24/08,1,,0,M,32144,628081,Executive Director,1
,WRB,14822,BERKLEY (W R) CORP,W.R. BERKLEY CORP,CAUCASIAN/WHITE,,President/CEO,CEO,Rob Berkley Jr,,,0,10/31/15,,Yes,,,,,,4078,82162,Executive Director,1
,WRB,14822,BERKLEY (W R) CORP,W.R. BERKLEY CORP,CAUCASIAN/WHITE,,Chairman (Executive),TMT,Wm Berkley Sr,,,0,10/31/15,,Yes,,,,,,4078,82207,Executive Director,1
27983,XRX,11636,XEROX HOLDINGS CORP,XEROX HOLDINGS CORP (Xerox Corp prior to 08/2019),CAUCASIAN/WHITE,CEO,Vice Chairman/CEO,CEO,Ursula Burns,,1,0,5/14/18,6/28/22,Yes,5/21/09,1,0,1,F,33850,1117881,Executive Director,1
27983,XRX,11636,XEROX HOLDINGS CORP,XEROX HOLDINGS CORP (Xerox Corp prior to 08/2019),CAUCASIAN/WHITE,CEO,Vice Chairman/CEO,CEO,John Visentin,,1,0,5/14/18,6/28/22,Yes,5/21/09,1,0,1,F,33850,1117881,Executive Director,1
27983,XRX,11636,XEROX HOLDINGS CORP,XEROX HOLDINGS CORP (Xerox Corp prior to 08/2019),CAUCASIAN/WHITE,TMT,Vice Chairman/CEO,CEO,Ursula Burns,,1,0,5/14/18,6/28/22,Yes,4/3/07,0,,1,F,33850,1117881,Executive Director,1
27983,XRX,11636,XEROX HOLDINGS CORP,XEROX HOLDINGS CORP (Xerox Corp prior to 08/2019),CAUCASIAN/WHITE,TMT,Vice Chairman/CEO,CEO,John Visentin,,1,0,5/14/18,6/28/22,Yes,4/3/07,0,,1,F,33850,1117881,Executive Director,1
27983,XRX,11636,XEROX HOLDINGS CORP,XEROX HOLDINGS CORP (Xerox Corp prior to 08/2019),CAUCASIAN/WHITE,TMT,Vice Chairman/CEO,CEO,Darrell Ford,,1,0,5/14/18,6/28/22,Yes,11/2/15,0,,0,M,33850,1117881,Executive Director,1
27983,XRX,11636,XEROX HOLDINGS CORP,XEROX HOLDINGS CORP (Xerox Corp prior to 08/2019),CAUCASIAN/WHITE,TMT,Vice Chairman/CEO,CEO,John Visentin,,1,0,5/14/18,6/28/22,Yes,11/2/15,0,,0,M,33850,1117881,Executive Director,1
27983,XRX,11636,XEROX HOLDINGS CORP,XEROX HOLDINGS CORP (Xerox Corp prior to 08/2019),CAUCASIAN/WHITE,TMT,Vice Chairman/CEO,CEO,Barry Rand,,1,0,5/14/18,6/28/22,Yes,2/4/92,1,,0,M,33850,1117881,Executive Director,1
27983,XRX,11636,XEROX HOLDINGS CORP,XEROX HOLDINGS CORP (Xerox Corp prior to 08/2019),CAUCASIAN/WHITE,TMT,Vice Chairman/CEO,CEO,John Visentin,,1,0,5/14/18,6/28/22,Yes,2/4/92,1,,0,M,33850,1117881,Executive Director,1
27983,XRX,11636,XEROX HOLDINGS CORP,XEROX HOLDINGS CORP (Xerox Corp prior to 08/2019),CAUCASIAN/WHITE,TMT,Vice Chairman/CEO,CEO,Kevin Warren,,1,0,5/14/18,6/28/22,Yes,12/7/16,1,,0,M,33850,1117881,Executive Director,1
27983,XRX,11636,XEROX HOLDINGS CORP,XEROX HOLDINGS CORP (Xerox Corp prior to 08/2019),CAUCASIAN/WHITE,TMT,Vice Chairman/CEO,CEO,John Visentin,,1,0,5/14/18,6/28/22,Yes,12/7/16,1,,0,M,33850,1117881,Executive Director,1
64186,CI,2547,CIGNA CORP,THE CIGNA GROUP (Cigna Corp prior to 02/2023),CAUCASIAN/WHITE,TMT,President/CEO,CEO,Nicole Jones,,1,0,12/25/09,1/1/22,Yes,5/25/10,0,,1,F,6837,486024,Executive Director,1
64186,CI,2547,CIGNA CORP,THE CIGNA GROUP (Cigna Corp prior to 02/2023),CAUCASIAN/WHITE,TMT,President/CEO,CEO,David Cordani,,1,0,12/25/09,1/1/22,Yes,5/25/10,0,,1,F,6837,486024,Executive Director,1
64186,CI,2547,CIGNA CORP,THE CIGNA GROUP (Cigna Corp prior to 02/2023),CAUCASIAN/WHITE,TMT,President/CEO,CEO,Michael Triplett,,1,0,12/25/09,1/1/22,Yes,2/23/17,1,,0,M,6837,486024,Executive Director,1
64186,CI,2547,CIGNA CORP,THE CIGNA GROUP (Cigna Corp prior to 02/2023),CAUCASIAN/WHITE,TMT,President/CEO,CEO,David Cordani,,1,0,12/25/09,1/1/22,Yes,2/23/17,1,,0,M,6837,486024,Executive Director,1
,HIG,61739,HARTFORD FINANCIAL SERVICES,HARTFORD FINANCIAL SERVICES GROUP INC,CAUCASIAN/WHITE,,Chairman/CEO,CEO,Chris Swift,,,0,1/5/15,,Yes,,,,,,14372,1073631,Executive Director,1
,DRE,13510,DUKE REALTY CORP,DUKE REALTY CORP (De-listed 10/2022),CAUCASIAN/WHITE,,Chairman/CEO,CEO,Jim Connor,,,0,4/26/17,10/3/22,Yes,,,,,,9730,333005,Executive Director,1
,ELV,145046,ELEVANCE HEALTH INC,ELEVANCE HEALTH INC (Anthem Inc prior to 06/2022),CAUCASIAN/WHITE,,President/CEO,CEO,Gail Boudreaux,,,0,11/20/17,,Yes,,,,,,2273,184069,Executive Director,1
50876,LLY,6730,LILLY (ELI) & CO,ELI LILLY & CO,CAUCASIAN/WHITE,CEO,Chair/President/CEO,CEO,Derica Rice,,1,0,6/1/17,,Yes,5/6/13,1,1,0,M,18888,1068880,Executive Director,1
50876,LLY,6730,LILLY (ELI) & CO,ELI LILLY & CO,CAUCASIAN/WHITE,CEO,Chair/President/CEO,CEO,Dave Ricks,,1,0,6/1/17,,Yes,5/6/13,1,1,0,M,18888,1068880,Executive Director,1
50876,LLY,6730,LILLY (ELI) & CO,ELI LILLY & CO,CAUCASIAN/WHITE,TMT,Chair/President/CEO,CEO,Derica Rice,,1,0,6/1/17,,Yes,12/18/09,0,,0,M,18888,1068880,Executive Director,1
50876,LLY,6730,LILLY (ELI) & CO,ELI LILLY & CO,CAUCASIAN/WHITE,TMT,Chair/President/CEO,CEO,Dave Ricks,,1,0,6/1/17,,Yes,12/18/09,0,,0,M,18888,1068880,Executive Director,1
50876,LLY,6730,LILLY (ELI) & CO,ELI LILLY & CO,CAUCASIAN/WHITE,TMT,Chair/President/CEO,CEO,Derica Rice,,1,0,6/1/17,,Yes,2/23/06,1,,0,M,18888,1068880,Executive Director,1
50876,LLY,6730,LILLY (ELI) & CO,ELI LILLY & CO,CAUCASIAN/WHITE,TMT,Chair/President/CEO,CEO,Dave Ricks,,1,0,6/1/17,,Yes,2/23/06,1,,0,M,18888,1068880,Executive Director,1
,SPG,29389,SIMON PROPERTY GROUP INC,SPARK POWER GROUP INC (Canaccord Genuity Acquisition Corp prior to 09/2018) (De-listed 12/2023),CAUCASIAN/WHITE,,Co-CEO,CEO,Jason Sparaga,,,0,8/31/18,1/5/21,Yes,,,,,,2686564,2235636,Executive Director,1
,SPG,29389,SIMON PROPERTY GROUP INC,SPARK POWER GROUP INC (Canaccord Genuity Acquisition Corp prior to 09/2018) (De-listed 12/2023),CAUCASIAN/WHITE,,Co-CEO,CEO,Andrew Clark,,,0,8/31/18,1/5/21,Yes,,,,,,2686564,2239576,Executive Director,1
,IP,6104,INTL PAPER CO,INTERNATIONAL PAPER CO,CAUCASIAN/WHITE,,Chairman/CEO,CEO,Mark Sutton,,,0,1/1/15,,Yes,,,,,,16569,621903,Executive Director,1
,IP,6104,INTL PAPER CO,IMAGINEAR INC (Imagination Park Technologies Inc prior to 04/2020),CAUCASIAN/WHITE,,President/CEO,CEO,Alen Silverrstieen,,,0,3/1/19,1/1/21,Yes,,,,,,1985284,2589083,Executive Director,1
,MAA,29649,MID-AMERICA APT CMNTYS INC,MID-AMERICA APARTMENT COMMUNITIES INC,CAUCASIAN/WHITE,,Chairman/President/CEO,CEO,H Bolton Jr,,,0,10/1/02,,Yes,,,,,,20625,341827,Executive Director,1
,HCA,22260,HCA HEALTHCARE INC,HCA HEALTHCARE INC (HCA Holdings Inc prior to 05/2017),CAUCASIAN/WHITE,,CEO,CEO,Sam Hazen,,,0,1/1/19,,Yes,,,,,,1692837,35175,Executive Director,1
,CTXS,61676,CITRIX SYSTEMS INC,CITRIX SYSTEMS INC (De-listed 09/2022),CAUCASIAN/WHITE,,President/CEO,CEO,David Henshall,,,0,7/10/17,10/1/21,Yes,,,,,,6959,205153,Executive Director,1
,AEP,1440,AMERICAN ELECTRIC POWER CO,AMERICAN ELECTRIC POWER CO INC,CAUCASIAN/WHITE,,Chairman/President/CEO,CEO,Nick Akins,,,0,1/1/14,8/10/22,Yes,,,,,,1809,533555,Executive Director,1
,BBWI,6733,BATH & BODY WORKS INC,BATH & BODY WORKS INC (L Brands Inc prior to 08/2021),CAUCASIAN/WHITE,,Chairman/CEO,CEO,Leslie Wexner,,,0,1/1/02,5/14/20,No,,,,,,18892,53436,Executive Director,1
,HBAN,5786,HUNTINGTON BANCSHARES,HUNTINGTON BANCSHARES INC,CAUCASIAN/WHITE,,Chairman/President/CEO,CEO,Steve Steinour,,,0,1/14/09,,Yes,,,,,,15235,200105,Executive Director,1
,CBRE,260774,CBRE GROUP INC,CBRE GROUP INC (CB Richard Ellis Group Inc prior to 10/2011),CAUCASIAN/WHITE,,President/CEO,CEO,Bob Sulentic,,,0,12/1/12,11/17/23,Yes,,,,,,6083,272769,Executive Director,1
,J,6216,JACOBS ENGINEERING GROUP INC,JACOBS SOLUTIONS INC (Jacobs Engineering Group Inc prior to 08/2022),CAUCASIAN/WHITE,,Chairman/CEO,CEO,Steve Demetriou,,,0,7/28/16,1/24/23,Yes,,,,,,17251,349932,Executive Director,1
,LUV,9882,SOUTHWEST AIRLINES,SOUTHWEST AIRLINES CO,CAUCASIAN/WHITE,,Chairman/CEO,CEO,Gary Kelly,,,0,1/10/17,2/1/22,Yes,,,,,,28696,44881,Executive Director,1
,MCK,7171,MCKESSON CORP,MCKESSON CORP (McKesson HBOC Inc prior to 08/2001),CAUCASIAN/WHITE,,CEO,CEO,Doctor Brian Tyler,,,0,4/1/19,,Yes,,,,,,19966,509859,Executive Director,1
,MTCH,26061,MATCH GROUP INC,MATCH GROUP INC (IAC InterActiveCorp prior to 07/2020),INDIAN/SOUTH ASIAN,,Chairman (Executive),TMT,Barry Diller,,,1,12/1/10,6/30/20,Yes,,,,,,32019,33328,Executive Director,1
,MTCH,26061,MATCH GROUP INC,MATCH GROUP INC (IAC InterActiveCorp prior to 07/2020),INDIAN/SOUTH ASIAN,,Vice Chairman (Executive),TMT,Victor Kaufman,,,1,10/1/99,6/30/20,Yes,,,,,,32019,43526,Executive Director,1
,MTCH,26061,MATCH GROUP INC,MATCH GROUP INC (IAC InterActiveCorp prior to 07/2020),INDIAN/SOUTH ASIAN,,CEO,CEO,Joey Levin,,,1,6/24/15,6/30/20,Yes,,,,,,32019,641282,Executive Director,1
66093,T,9899,AT&T INC,AT&T INC (SBC Communications Inc prior to 11/2005),CAUCASIAN/WHITE,TMT,Chairman/CEO,CEO,Mirian Graddick,,1,0,10/1/19,7/1/20,Yes,2/12/99,1,,1,F,27163,33072,Executive Director,1
66093,T,9899,AT&T INC,AT&T INC (SBC Communications Inc prior to 11/2005),CAUCASIAN/WHITE,TMT,Chairman/CEO,CEO,Randall Stephenson Jr,,1,0,10/1/19,7/1/20,Yes,2/12/99,1,,1,F,27163,33072,Executive Director,1
66093,T,9899,AT&T INC,TELUS CORP,CAUCASIAN/WHITE,TMT,President/CEO,CEO,Mirian Graddick,,1,0,8/10/15,,Yes,2/12/99,1,,1,F,30372,336808,Executive Director,1
66093,T,9899,AT&T INC,TELUS CORP,CAUCASIAN/WHITE,TMT,President/CEO,CEO,Darren Entwistle,,1,0,8/10/15,,Yes,2/12/99,1,,1,F,30372,336808,Executive Director,1
66093,T,9899,AT&T INC,AT&T INC (SBC Communications Inc prior to 11/2005),CAUCASIAN/WHITE,TMT,Chairman/CEO,CEO,Xavier Williams,,1,0,10/1/19,7/1/20,Yes,10/12/17,0,,0,M,27163,33072,Executive Director,1
66093,T,9899,AT&T INC,AT&T INC (SBC Communications Inc prior to 11/2005),CAUCASIAN/WHITE,TMT,Chairman/CEO,CEO,Randall Stephenson Jr,,1,0,10/1/19,7/1/20,Yes,10/12/17,0,,0,M,27163,33072,Executive Director,1
66093,T,9899,AT&T INC,TELUS CORP,CAUCASIAN/WHITE,TMT,President/CEO,CEO,Xavier Williams,,1,0,8/10/15,,Yes,10/12/17,0,,0,M,30372,336808,Executive Director,1
66093,T,9899,AT&T INC,TELUS CORP,CAUCASIAN/WHITE,TMT,President/CEO,CEO,Darren Entwistle,,1,0,8/10/15,,Yes,10/12/17,0,,0,M,30372,336808,Executive Director,1
,IDXX,24197,IDEXX LABS INC,IDEXX LABORATORIES INC,CAUCASIAN/WHITE,,President/CEO,CEO,Jonathan Mazelsky,,,0,10/23/19,,Yes,,,,,,15486,1254756,Executive Director,1
64995,KEY,9783,KEYCORP,KEYCORP,CAUCASIAN/WHITE,TMT,Chairman/President/CEO,CEO,Paul Harris,,1,0,5/1/11,5/1/20,No,2/3/03,1,,0,M,17862,50551,Executive Director,1
64995,KEY,9783,KEYCORP,KEYCORP,CAUCASIAN/WHITE,TMT,Chairman/President/CEO,CEO,Jeffrey Weaver,,1,0,5/1/11,5/1/20,No,7/5/05,0,,0,M,17862,50551,Executive Director,1
,PGR,13341,PROGRESSIVE CORP-OHIO,PROGRESSIVE CORP (OHIO),CAUCASIAN/WHITE,,President/CEO,CEO,Tricia Griffith,,,0,7/1/16,,Yes,,,,,,25199,40291,Executive Director,1
22752,MRK,7257,MERCK & CO,MERCK & CO INC (Schering-Plough Corp prior to 11/2009),BLACK/AFRICAN AMERICAN,CEO,Chairman/President/CEO,CEO,Kenneth Frazier,,1,1,12/1/11,4/1/21,Yes,11/30/10,0,0,0,M,27219,31551,Executive Director,1
22752,MRK,7257,MERCK & CO,MERCK & CO INC (Schering-Plough Corp prior to 11/2009),BLACK/AFRICAN AMERICAN,CEO,Chairman/President/CEO,CEO,Ken Frazier,,1,1,12/1/11,4/1/21,Yes,11/30/10,0,0,0,M,27219,31551,Executive Director,1
22752,MRK,7257,MERCK & CO,MERCK & CO INC (Schering-Plough Corp prior to 11/2009),BLACK/AFRICAN AMERICAN,TMT,Chairman/President/CEO,CEO,Willie Deese,,1,1,12/1/11,4/1/21,Yes,5/25/05,0,,0,M,27219,31551,Executive Director,1
22752,MRK,7257,MERCK & CO,MERCK & CO INC (Schering-Plough Corp prior to 11/2009),BLACK/AFRICAN AMERICAN,TMT,Chairman/President/CEO,CEO,Ken Frazier,,1,1,12/1/11,4/1/21,Yes,5/25/05,0,,0,M,27219,31551,Executive Director,1
22752,MRK,7257,MERCK & CO,MERCK & CO INC (Schering-Plough Corp prior to 11/2009),BLACK/AFRICAN AMERICAN,TMT,Chairman/President/CEO,CEO,Kenneth Frazier,,1,1,12/1/11,4/1/21,Yes,7/27/07,1,,0,M,27219,31551,Executive Director,1
22752,MRK,7257,MERCK & CO,MERCK & CO INC (Schering-Plough Corp prior to 11/2009),BLACK/AFRICAN AMERICAN,TMT,Chairman/President/CEO,CEO,Ken Frazier,,1,1,12/1/11,4/1/21,Yes,7/27/07,1,,0,M,27219,31551,Executive Director,1
22752,MRK,7257,MERCK & CO,MERCK & CO INC (Schering-Plough Corp prior to 11/2009),BLACK/AFRICAN AMERICAN,TMT,Chairman/President/CEO,CEO,Bridgette Heller,,1,1,12/1/11,4/1/21,Yes,2/16/10,1,,1,F,27219,31551,Executive Director,1
22752,MRK,7257,MERCK & CO,MERCK & CO INC (Schering-Plough Corp prior to 11/2009),BLACK/AFRICAN AMERICAN,TMT,Chairman/President/CEO,CEO,Ken Frazier,,1,1,12/1/11,4/1/21,Yes,2/16/10,1,,1,F,27219,31551,Executive Director,1
,REGN,23812,REGENERON PHARMACEUTICALS,REGENERON PHARMACEUTICALS INC,CAUCASIAN/WHITE,,President/CEO,CEO,Doctor Len Schleifer,,,0,1/1/94,6/9/23,Yes,,,,,,25954,201093,Executive Director,1
,INCY,29127,INCYTE CORP,INCYTE CORP (Incyte Genomics prior to 03/2003),PREFER NOT TO DISCLOSE,,Chairman/President/CEO,CEO,Herv___Â© Hoppenot,,,0,5/22/15,6/5/23,Yes,,,,,,15783,1249099,Executive Director,1
,F,4839,FORD MOTOR CO,FIORE GOLD LTD (Fiore Exploration Ltd prior to 09/2017) (De-listed 01/2022),CAUCASIAN/WHITE,,CEO,CEO,Tim Warman,,,0,9/25/17,1/12/22,Yes,,,,,,1227085,735131,Executive Director,1
12369,GM,5073,GENERAL MOTORS CO,GENERAL MOTORS CO,CAUCASIAN/WHITE,TMT,Chair/CEO,CEO,Alicia Boler Davis,,1,0,1/4/16,,Yes,6/9/16,1,,1,F,1673114,892349,Executive Director,1
,AOS,9771,SMITH (A.O.),SMITH (AO) CORP,CAUCASIAN/WHITE,,Chairman (Executive),TMT,Ajita Rajendra,,,0,9/1/18,5/1/20,No,,,,,,28304,484111,Executive Director,1
,AOS,9771,SMITH (A.O.),SMITH (AO) CORP,CAUCASIAN/WHITE,,President/CEO,CEO,Kevin Wheeler,,,0,9/1/18,5/1/20,No,,,,,,28304,1302544,Executive Director,1
,ROK,9203,ROCKWELL AUTOMATION,ROCKWELL AUTOMATION INC,CAUCASIAN/WHITE,,Chairman/President/CEO,CEO,Blake Moret,,,0,1/1/18,,Yes,,,,,,26468,1108705,Executive Director,1
,WEC,11550,WEC ENERGY GROUP INC,WEC ENERGY GROUP INC (Wisconsin Energy Corp prior to 06/2015),CAUCASIAN/WHITE,,Chairman (Executive),TMT,Gale Klappa,,,0,2/1/19,,Yes,,,,,,33607,36615,Executive Director,1
,WEC,11550,WEC ENERGY GROUP INC,WEC ENERGY GROUP INC (Wisconsin Energy Corp prior to 06/2015),CAUCASIAN/WHITE,,President/CEO,CEO,Kevin Fletcher,,,0,2/1/19,2/1/22,Yes,,,,,,33607,885203,Executive Director,1
,CHD,3026,CHURCH & DWIGHT INC,CHURCH & DWIGHT CO INC,CAUCASIAN/WHITE,,Chairman/President/CEO,CEO,Matthew Farrell,,,0,5/2/19,,Yes,,,,,,6779,336620,Executive Director,1
85914,BBY,2184,BEST BUY CO INC,BEST BUY CO INC,CAUCASIAN/WHITE,CEO,Chairman (Executive),TMT,Bradbury Anderson,,0,0,6/11/19,6/11/20,Yes,2/25/02,0,0,0,M,4118,801207,Executive Director,1
85914,BBY,2184,BEST BUY CO INC,BEST BUY CO INC,CAUCASIAN/WHITE,CEO,CEO,CEO,Bradbury Anderson,,0,0,6/11/19,,Yes,2/25/02,0,0,0,M,4118,1713009,Executive Director,1
,CHRW,65609,C H ROBINSON WORLDWIDE INC,CH ROBINSON WORLDWIDE INC,CAUCASIAN/WHITE,,Chairman,TMT,John Wiehoff,,,0,5/9/19,5/7/20,No,,,,,,6438,67247,Executive Director,1
,CHRW,65609,C H ROBINSON WORLDWIDE INC,CH ROBINSON WORLDWIDE INC,CAUCASIAN/WHITE,,President/CEO,CEO,Bob Biesterfeld Jr,,,0,5/9/19,12/31/22,Yes,,,,,,6438,1656763,Executive Director,1
17144,GIS,5071,GENERAL MILLS INC,GENERAL MILLS INC,CAUCASIAN/WHITE,CEO,Chairman/CEO,CEO,Jeffrey Harmening,,0,0,1/1/18,,Yes,5/3/17,0,0,0,M,13034,988199,Executive Director,1
17144,GIS,5071,GENERAL MILLS INC,GILEAD SCIENCES INC,CAUCASIAN/WHITE,CEO,Chairman/CEO,CEO,Jeffrey Harmening,,0,0,3/1/19,,Yes,5/3/17,0,0,0,M,13273,1015485,Executive Director,1
17144,GIS,5071,GENERAL MILLS INC,GILEAD SCIENCES INC,CAUCASIAN/WHITE,CEO,Chairman/CEO,CEO,Daniel O'Day,,0,0,3/1/19,,Yes,5/3/17,0,0,0,M,13273,1015485,Executive Director,1
17144,GIS,5071,GENERAL MILLS INC,GENERAL MILLS INC,CAUCASIAN/WHITE,TMT,Chairman/CEO,CEO,Marc Belton,,1,0,1/1/18,,Yes,5/3/05,1,,0,M,13034,988199,Executive Director,1
17144,GIS,5071,GENERAL MILLS INC,GILEAD SCIENCES INC,CAUCASIAN/WHITE,TMT,Chairman/CEO,CEO,Marc Belton,,1,0,3/1/19,,Yes,5/3/05,1,,0,M,13273,1015485,Executive Director,1
17144,GIS,5071,GENERAL MILLS INC,GILEAD SCIENCES INC,CAUCASIAN/WHITE,TMT,Chairman/CEO,CEO,Daniel O'Day,,1,0,3/1/19,,Yes,5/3/05,1,,0,M,13273,1015485,Executive Director,1
17144,GIS,5071,GENERAL MILLS INC,GENERAL MILLS INC,CAUCASIAN/WHITE,TMT,Chairman/CEO,CEO,Marc Belton,,1,0,1/1/18,,Yes,5/4/06,1,,0,M,13034,988199,Executive Director,1
17144,GIS,5071,GENERAL MILLS INC,GILEAD SCIENCES INC,CAUCASIAN/WHITE,TMT,Chairman/CEO,CEO,Marc Belton,,1,0,3/1/19,,Yes,5/4/06,1,,0,M,13273,1015485,Executive Director,1
17144,GIS,5071,GENERAL MILLS INC,GILEAD SCIENCES INC,CAUCASIAN/WHITE,TMT,Chairman/CEO,CEO,Daniel O'Day,,1,0,3/1/19,,Yes,5/4/06,1,,0,M,13273,1015485,Executive Director,1
49154,TGT,3813,TARGET CORP,TARGET CORP,CAUCASIAN/WHITE,TMT,Chairman/CEO,CEO,Laysha Ward,,1,0,,,No,12/17/14,1,,1,F,29978,34696,Executive Director,1
49154,TGT,3813,TARGET CORP,TARGET CORP,CAUCASIAN/WHITE,TMT,Chair/CEO,CEO,Laysha Ward,,1,0,8/12/14,,Yes,12/17/14,1,,1,F,29978,310363,Executive Director,1
92655,UNH,10903,UNITEDHEALTH GROUP INC,UNITEDHEALTH GROUP INC,CAUCASIAN/WHITE,TMT,CEO,CEO,Reed Tuckson,,1,0,9/1/17,2/4/21,Yes,9/16/00,0,,0,M,32107,333999,Executive Director,1
,BIIB,24468,BIOGEN INC,BIOGEN INC (Biogen Idec Inc prior to 03/2015),CAUCASIAN/WHITE,,CEO,CEO,Michel Vounatsos,,,0,1/6/17,11/14/22,Yes,,,,,,440155,1694109,Executive Director,1
,BSX,25279,BOSTON SCIENTIFIC CORP,BELO SUN MINING CORP (Verena Minerals Corp prior to 07/2010),CAUCASIAN/WHITE,,Chairman (Executive),TMT,Mark Eaton,,,0,8/15/14,,Yes,,,,,,1264297,730965,Executive Director,1
,BSX,25279,BOSTON SCIENTIFIC CORP,BELO SUN MINING CORP (Verena Minerals Corp prior to 07/2010),CAUCASIAN/WHITE,,President/CEO,CEO,Peter Tagliamonte,,,0,8/15/14,,Yes,,,,,,1264297,790420,Executive Director,1
,KDP,28877,KEURIG DR PEPPER INC,KEURIG DR PEPPER INC (Dr Pepper Snapple Group Inc prior to 07/2018),CAUCASIAN/WHITE,,Chairman/President/CEO,CEO,Bob Gamgort Jr,,,0,1/13/19,7/29/22,Yes,,,,,,1057037,989294,Executive Director,1
,PKI,4145,PERKINELMER INC,PARKLAND CORP (Parkland Fuel Corp prior to 05/2020),INDIAN/SOUTH ASIAN,,President/CEO,CEO,Bob Espey,,,1,5/12/11,,Yes,,,,,,1719568,1248755,Executive Director,1
,PODD,177227,INSULET CORP,INSULET CORPORATION,CAUCASIAN/WHITE,,President/CEO,CEO,Shacey Petrovic,,,0,1/1/19,6/1/22,Yes,,,,,,862492,1519215,Executive Director,1
24942,RTN,8972,RAYTHEON CO,,CAUCASIAN/WHITE,CEO,,,Hansel Tookes,,1,0,,,,9/8/99,1,0,0,M,,,,
,TJX,11672,TJX COS INC (THE),TJX COS INC,CAUCASIAN/WHITE,,Chairman (Executive),TMT,Carol Meyrowitz,,,0,1/31/16,,Yes,,,,,,30801,38966,Executive Director,1
,TJX,11672,TJX COS INC (THE),TJX COS INC,CAUCASIAN/WHITE,,President/CEO,CEO,Ernie Herrman,,,0,1/31/16,,Yes,,,,,,30801,540575,Executive Director,1
,TMO,10530,THERMO FISHER SCIENTIFIC INC,THERMO FISHER SCIENTIFIC INC (Thermo Electron Corp prior to 11/2006),CAUCASIAN/WHITE,,Chairman/VP/Treasurer,TMT,Delete Delete,,,0,,,No,,,,,,30616,2810399,Executive Director,1
,ARE,64821,ALEXANDRIA R E EQUITIES INC,ALEXANDRIA REAL ESTATE EQUITIES INC,CAUCASIAN/WHITE,,Chairman (Executive),TMT,Joel Marcus,,,0,4/23/18,,Yes,,,,,,1354,182964,Executive Director,1
,ARE,64821,ALEXANDRIA R E EQUITIES INC,AECON GROUP INC,CAUCASIAN/WHITE,,President/CEO,CEO,Jean-Louis Servranckx,,,0,6/4/19,,Yes,,,,,,72259,1206037,Executive Director,1
,ATVI,180405,ACTIVISION BLIZZARD INC,ACTIVISION BLIZZARD INC (De-listed 10/2023),CAUCASIAN/WHITE,,CEO,CEO,Bobby Kotick,,,0,6/26/17,10/13/23,Yes,,,,,,725,69696,Executive Director,1
26403,DIS,3980,DISNEY (WALT) CO,,CAUCASIAN/WHITE,TMT,,,Dennis Hightower,,1,0,,,,9/24/90,1,,0,M,,,,
26403,DIS,3980,DISNEY (WALT) CO,,CAUCASIAN/WHITE,TMT,,,Richard Nanula,,1,0,,,,8/29/91,1,,0,M,,,,
,LYV,165746,LIVE NATION ENTERTAINMENT,LIVE NATION ENTERTAINMENT INC (Live Nation Inc prior to 01/2010),CAUCASIAN/WHITE,,President/CEO,CEO,Michael Rapino,,,0,1/1/18,,Yes,,,,,,814633,551171,Executive Director,1
,PSA,10096,PUBLIC STORAGE,PUBLIC STORAGE (Public Storage Inc prior to 06/2007),CAUCASIAN/WHITE,,President/CEO,CEO,Joe Russell Jr,,,0,1/1/19,,Yes,,,,,,25380,270150,Executive Director,1
,MMM,7435,3M CO,3M CO (Minnesota Mining & Manufacturing Co prior to 02/2002),CAUCASIAN/WHITE,,Chairman/President/CEO,CEO,Mike Roman,,,0,6/1/19,9/1/23,Yes,,,,,,20777,1310783,Executive Director,1
,MMM,7435,3M CO,MINCO CAPITAL CORP (Minco Gold Corp prior to 02/2019),CAUCASIAN/WHITE,,Chairman/CEO,CEO,Doctor Ken Cai,,,0,6/28/17,6/4/20,Yes,,,,,,1336232,842949,Executive Director,1
10104,ORCL,12142,ORACLE CORP,ORACLE CORP,CAUCASIAN/WHITE,TMT,Executive Chairman/Chief Technology Officer,TMT,Charles Phillips,,1,0,9/17/14,,Yes,1/13/04,1,,0,M,23295,27485,Executive Director,1
10104,ORCL,12142,ORACLE CORP,ORACLE CORP,CAUCASIAN/WHITE,TMT,Vice Chairman (Executive),TMT,Charles Phillips,,1,0,9/17/14,,Yes,1/13/04,1,,0,M,23295,33468,Executive Director,1
10104,ORCL,12142,ORACLE CORP,ORACLE CORP,CAUCASIAN/WHITE,TMT,CEO,CEO,Charles Phillips,,1,0,10/18/19,,Yes,1/13/04,1,,0,M,23295,33503,Executive Director,1
,TSLA,184996,TESLA INC,TESLA INC (Tesla Motors Inc prior to 02/2017),CAUCASIAN/WHITE,,CEO,CEO,Elon Musk,,,0,11/7/18,,Yes,,,,,,1650150,1090701,Executive Director,1
,BIO,2220,BIO-RAD LABORATORIES INC,BIO RAD LABORATORIES INC,CAUCASIAN/WHITE,,Chairman/President/CEO,CEO,Norman Schwartz,,,0,1/1/12,,Yes,,,,,,4311,181631,Executive Director,1
,COO,3504,COOPER COS INC (THE),COOPER COMPANIES INC,CAUCASIAN/WHITE,,President/CEO,CEO,Al White III,,,0,5/1/18,,Yes,,,,,,7836,517326,Executive Director,1
90248,DPZ,160211,DOMINO'S PIZZA INC,DOMINO'S PIZZA INC,CAUCASIAN/WHITE,TMT,CEO,CEO,Troy Ellis,,1,0,7/1/18,4/26/22,Yes,6/30/15,1,,0,M,90132,1110512,Executive Director,1
,OGN,38821,ORGANON & CO,OROGEN ROYALTIES INC (Evrim Resources Corp prior to 08/2020),CAUCASIAN/WHITE,,President/CEO,CEO,Paddy Nicol,,,0,1/25/11,8/18/20,Yes,,,,,,1562505,2413290,Executive Director,1
,AAPL,1690,APPLE INC,APPLE INC (Apple Computer Inc prior to 01/2007),CAUCASIAN/WHITE,,CEO,CEO,Tim Cook,,,0,8/24/11,,Yes,,,,,,2355,55422,Executive Director,1
,ADBE,12540,ADOBE INC,ADOBE INC (Adobe Systems Inc prior to 10/2018),INDIAN/SOUTH ASIAN,,Chairman/President/CEO,CEO,Shantanu Narayen,,,1,1/27/17,1/13/22,Yes,,,,,,808,49351,Executive Director,1
,AMD,1161,ADVANCED MICRO DEVICES,ADVANCED MICRO DEVICES INC (AMD),ASIAN (EXCLUDE INDIAN/SOUTH ASIAN),,President/CEO,CEO,Doctor Lisa Su,,,1,10/8/14,2/14/22,Yes,,,,,,881,542142,Executive Director,1
,AVGO,180711,BROADCOM INC,BROADCOM INC (Broadcom Ltd prior to 04/2018),ASIAN (EXCLUDE INDIAN/SOUTH ASIAN),,President/CEO,CEO,Hock Tan,,,1,8/6/09,,Yes,,,,,,817439,102722,Executive Director,1
,GOOGL,160329,ALPHABET INC,ALPHABET INC (Google Inc prior to 10/2015),INDIAN/SOUTH ASIAN,,CEO,CEO,Sundar Pichai,,,1,12/3/19,,Yes,,,,,,116351,887679,Executive Director,1
,HPQ,5606,HP INC,HP INC (Hewlett-Packard Co prior to 11/2015),HISPANIC/LATIN AMERICAN,,President/CEO,CEO,Enrique Lores,,,1,11/1/19,,Yes,,,,,,14722,607415,Executive Director,1
,HPQ,5606,HP INC,HPQ SILICON INC (HPQ Silicon Resources Inc prior to 07/2022),HISPANIC/LATIN AMERICAN,,Chairman/President/CEO,CEO,Bernard Tourillon,,,1,1/1/18,,Yes,,,,,,1985899,2390887,Executive Director,1
,KLAC,6304,KLA CORP,KLA CORP (KLA Tencor Corp prior to 07/2019),CAUCASIAN/WHITE,,President/CEO,CEO,Rick Wallace,,,0,11/13/08,,Yes,,,,,,17984,51071,Executive Director,1
,MXIM,14256,MAXIM INTEGRATED PRODUCTS,MAXIM INTEGRATED PRODUCTS INC (De-listed 08/2021),MIDDLE-EASTERN/NORTH AFRICAN,,President/CEO,CEO,Tunc Doluca,,,1,1/1/07,8/26/21,Yes,,,,,,19863,36387,Executive Director,1
,NTAP,61591,NETAPP INC,NETAPP INC (Network Appliance Inc prior to 03/2008),INDIAN/SOUTH ASIAN,,President/CEO,CEO,George Kurian,,,1,5/20/16,7/1/20,Yes,,,,,,21903,1448606,Executive Director,1
,VAR,11115,VARIAN MEDICAL SYSTEMS INC,VARIAN MEDICAL SYSTEMS INC (De-listed 04/2021),CAUCASIAN/WHITE,,President/CEO,CEO,Dow Wilson,,,0,9/29/12,10/5/20,Yes,,,,,,32375,453565,Executive Director,1
,XLNX,22325,XILINX INC,XILINX INC (De-listed 02/2022),ASIAN (EXCLUDE INDIAN/SOUTH ASIAN),,President/CEO,CEO,Victor Peng,,,1,1/29/18,2/14/22,Yes,,,,,,33857,339239,Executive Director,1
19561,BA,2285,BOEING CO,,CAUCASIAN/WHITE,CEO,,,James Bell,,1,0,,,,3/7/05,0,1,0,M,,,,
19561,BA,2285,BOEING CO,,CAUCASIAN/WHITE,TMT,,,James Bell,,1,0,,,,1/6/04,0,,0,M,,,,
,CAG,3362,CONAGRA BRANDS INC,CONAGRA BRANDS INC (Conagra Foods Inc prior to 11/2016),CAUCASIAN/WHITE,,President/CEO,CEO,Sean Connolly,,,0,4/6/15,,Yes,,,,,,7619,837621,Executive Director,1
,CBOE,184500,CBOE GLOBAL MARKETS INC,CBOE GLOBAL MARKETS INC (CBOE Holdings Inc prior to 10/2017),CAUCASIAN/WHITE,,Chairman/President/CEO,CEO,Ed Tilly,,,0,1/14/19,5/12/22,Yes,,,,,,1647824,1058282,Executive Director,1
,CME,149070,CME GROUP INC,CME GROUP INC (Chicago Mercantile Exchange Holdings Inc prior to 07/2007),CAUCASIAN/WHITE,,Chairman/CEO,CEO,The Hon. Terry Duffy,,,0,11/10/16,,Yes,,,,,,268946,91452,Executive Director,1
,EQR,28733,EQUITY RESIDENTIAL,EQUITY RESIDENTIAL (Equity Residential Properties Trust prior to 10/2002),CAUCASIAN/WHITE,,President/CEO,CEO,Mark Parrell,,,0,12/31/18,,Yes,,,,,,10928,552575,Executive Director,1
21776,EXC,8539,EXELON CORP,EXELON CORP,CAUCASIAN/WHITE,TMT,President/CEO,CEO,Frank Clark,,1,0,3/12/12,10/17/22,Yes,10/2/01,1,,0,M,11376,534954,Executive Director,1
,ITW,5878,ILLINOIS TOOL WORKS,ILLINOIS TOOL WORKS INC (ITW),CAUCASIAN/WHITE,,Chairman/CEO,CEO,Ernest Santi,,,0,5/8/15,1/1/24,Yes,,,,,,15580,534201,Executive Director,1
,LKQ,155394,LKQ CORP,LKQ CORPORATION INC,CAUCASIAN/WHITE,,Chairman (Executive),TMT,Joe Holsten,,,0,3/6/17,5/10/22,Yes,,,,,,463860,345185,Executive Director,1
,LKQ,155394,LKQ CORP,LKQ CORPORATION INC,CAUCASIAN/WHITE,,President/CEO,CEO,Nick Zarcone,,,0,5/31/17,,Yes,,,,,,463860,1523271,Executive Director,1
43449,MCD,7154,MCDONALD'S CORP,MCDONALD'S CORP,CAUCASIAN/WHITE,CEO,President/CEO,CEO,Donald Thompson,,1,0,11/1/19,,Yes,1/11/10,1,0,0,M,19944,1381393,Executive Director,1
43449,MCD,7154,MCDONALD'S CORP,MCDONALD'S CORP,CAUCASIAN/WHITE,TMT,President/CEO,CEO,Raymond Mines,,1,0,11/1/19,,Yes,9/28/98,0,,0,M,19944,1381393,Executive Director,1
89006,MDLZ,142953,MONDELEZ INTERNATIONAL INC,MONDELEZ INTERNATIONAL INC,CAUCASIAN/WHITE,TMT,Chairman/CEO,CEO,Mary Beth West,,1,0,4/1/18,,Yes,10/29/07,0,,1,F,18164,640369,Executive Director,1
,MSI,7585,MOTOROLA SOLUTIONS INC,LIFEWORKS INC (Morneau Shepell Inc prior to 05/2021) (De-listed 09/2022),CAUCASIAN/WHITE,,President/CEO,CEO,Stephen Liptrap,,,0,5/4/17,9/2/22,Yes,,,,,,1681880,1060498,Executive Director,1
58246,NTRS,7982,NORTHERN TRUST CORP,NORTHERN TRUST CORP,CAUCASIAN/WHITE,TMT,Chairman/President/CEO,CEO,Shundrawn Thomas,,1,0,1/23/19,,Yes,5/28/14,1,,0,M,22509,1122917,Executive Director,1
91103,UAL,10795,UNITED AIRLINES HOLDINGS INC,UNITED AIRLINES HOLDINGS INC (United Continental Holdings Inc prior to 07/2019),CAUCASIAN/WHITE,CEO,CEO,CEO,Brett Hart,,1,0,8/29/16,5/20/20,No,10/19/15,0,1,0,M,31575,160071,Executive Director,1
91103,UAL,10795,UNITED AIRLINES HOLDINGS INC,UNITED AIRLINES HOLDINGS INC (United Continental Holdings Inc prior to 07/2019),CAUCASIAN/WHITE,CEO,CEO,CEO,Oscar Munoz,,1,0,8/29/16,5/20/20,No,10/19/15,0,1,0,M,31575,160071,Executive Director,1
,VTR,110179,VENTAS INC,VENTAS INC (Vencor Inc prior to 04/1998),CAUCASIAN/WHITE,,Chairman/CEO,CEO,Debra Cafaro,,,0,11/2/10,,Yes,,,,,,32450,180625,Executive Director,1
,EXPD,4494,EXPEDITORS INTL WASH INC,EXPEDITORS INTERNATIONAL OF WASHINGTON INC,CAUCASIAN/WHITE,,President/CEO,CEO,Jeff Musser,,,0,3/1/14,,Yes,,,,,,11401,452655,Executive Director,1
,EXPE,126296,EXPEDIA GROUP INC,EXPEDIA GROUP INC (Expedia Inc prior to 03/2018),CAUCASIAN/WHITE,,Chairman (Executive),TMT,Barry Diller,,,0,8/9/05,,Yes,,,,,,770141,33328,Executive Director,1
86964,FFIV,121077,F5 INC,F5 INC (F5 Networks Inc prior to 11/2021),BLACK/AFRICAN AMERICAN,CEO,President/CEO,CEO,Fran_ois Locoh-Donou,,1,1,4/3/17,,Yes,1/31/17,0,0,0,M,11468,601275,Executive Director,1
86964,FFIV,121077,F5 INC,F5 INC (F5 Networks Inc prior to 11/2021),BLACK/AFRICAN AMERICAN,CEO,President/CEO,CEO,Francois Locoh-Donou,,1,1,4/3/17,,Yes,1/31/17,0,0,0,M,11468,601275,Executive Director,1
,ADP,1891,AUTOMATIC DATA PROCESSING,AUTOMATIC DATA PROCESSING INC (ADP),HISPANIC/LATIN AMERICAN,,President/CEO,CEO,Carlos Rodriguez,,,1,11/8/11,1/1/22,Yes,,,,,,3101,745222,Executive Director,1
,PEG,8810,PUBLIC SERVICE ENTRP GRP INC,PUBLIC SERVICE ENTERPRISE GROUP INC,CAUCASIAN/WHITE,,Chairman/President/CEO,CEO,Doctor Ralph Izzo,,,0,4/1/07,8/31/22,Yes,,,,,,25378,204007,Executive Director,1
,ESS,30293,ESSEX PROPERTY TRUST,ESSEX PROPERTY TRUST INC (Essex Property Corp prior to 06/1994),CAUCASIAN/WHITE,,President/CEO,CEO,Mike Schall,,,0,1/1/11,3/31/23,Yes,,,,,,11060,182075,Executive Director,1
77274,GILD,24856,GILEAD SCIENCES INC,GILEAD SCIENCES INC,CAUCASIAN/WHITE,CEO,Chairman/CEO,CEO,Daniel OÂ¡Â¯Day,,0,0,3/1/19,,Yes,12/9/18,0,0,0,M,13273,1015485,Executive Director,1
77274,GILD,24856,GILEAD SCIENCES INC,GILEAD SCIENCES INC,CAUCASIAN/WHITE,TMT,Chairman/CEO,CEO,Robin Washington,,1,0,3/1/19,,Yes,4/21/08,0,,1,F,13273,1015485,Executive Director,1
,META,170617,META PLATFORMS INC,META PLATFORMS INC (Facebook Inc prior to 11/2021),CAUCASIAN/WHITE,,Chairman/CEO,CEO,Mark Zuckerberg,,,0,5/18/12,,Yes,,,,,,1820060,646335,Executive Director,1
,META,170617,META PLATFORMS INC,META GROWTH CORP (National Access Cannabis Corp prior to 03/2020) (De-listed 11/2020),CAUCASIAN/WHITE,,CEO,CEO,Mark Goliger,,,0,9/10/18,11/18/20,Yes,,,,,,2429185,2127717,Executive Director,1
,RHI,2312,ROBERT HALF INTL INC,ROBERT HALF INC (Robert Half International Inc prior to 07/2023),CAUCASIAN/WHITE,,Chairman (Executive),TMT,Harold Messmer Jr,,,0,12/15/19,,Yes,,,,,,26429,81557,Executive Director,1
,RHI,2312,ROBERT HALF INTL INC,ROBERT HALF INC (Robert Half International Inc prior to 07/2023),CAUCASIAN/WHITE,,Vice Chairman/CEO/President,CEO,Michael Waddell,,,0,12/15/19,,Yes,,,,,,26429,81587,Executive Director,1
,AIV,30490,APARTMENT INVST & MGMT CO,APARTMENT INVESTMENT & MANAGEMENT CO (AIMCO),CAUCASIAN/WHITE,,Chairman/CEO,CEO,The Hon. Terry Considine,,,0,2/10/09,12/15/20,Yes,,,,,,2310,87112,Executive Director,1
,DVA,61483,DAVITA INC,DAVITA INC (DaVita HealthCare Partners Inc prior to 09/2016),HISPANIC/LATIN AMERICAN,,Chairman (Executive),TMT,Kent Thiry,,,1,6/1/19,6/1/20,Yes,,,,,,8783,71242,Executive Director,1
,DVA,61483,DAVITA INC,DAVITA INC (DaVita HealthCare Partners Inc prior to 09/2016),HISPANIC/LATIN AMERICAN,,CEO,CEO,Javier Rodriguez,,,1,6/1/19,,Yes,,,,,,8783,655130,Executive Director,1
,NEM,7881,NEWMONT CORP,NEWMONT CORP (Newmont Goldcorp Corp prior to 01/2020),CAUCASIAN/WHITE,,President/CEO,CEO,Tom Palmer,,,0,10/1/19,,Yes,,,,,,22069,1378869,Executive Director,1
91461,WU,175263,WESTERN UNION CO,WESTERN UNION CO,CAUCASIAN/WHITE,CEO,President/CEO,CEO,Devin McGranahan,,0,0,9/1/10,12/31/21,Yes,11/15/21,0,0,0,M,840164,502258,Executive Director,1
,CLX,3121,CLOROX CO/DE,CLOROX COMPANY (THE),CAUCASIAN/WHITE,,Chairman/CEO,CEO,Benno Dorer,,,0,8/15/16,9/14/20,Yes,,,,,,7089,750963,Executive Director,1
,ALXN,62263,ALEXION PHARMACEUTICALS INC,ALEXION PHARMACEUTICALS INC (De-listed 07/2021),CAUCASIAN/WHITE,,CEO,CEO,Doctor Ludwig Hantson,,,0,3/27/17,7/21/21,Yes,,,,,,1355,1077323,Executive Director,1
89565,CMCSA,3226,COMCAST CORP,COMCAST CORP (AT&T Comcast Corp prior to 11/2002),CAUCASIAN/WHITE,TMT,Chairman/President/CEO,CEO,Kimberley Harris,,1,0,5/25/04,10/11/22,Yes,7/16/13,1,,1,F,7387,35803,Executive Director,1
89565,CMCSA,3226,COMCAST CORP,COMCAST CORP (AT&T Comcast Corp prior to 11/2002),CAUCASIAN/WHITE,TMT,Chairman/President/CEO,CEO,Brian Roberts,,1,0,5/25/04,10/11/22,Yes,7/16/13,1,,1,F,7387,35803,Executive Director,1
24010,ETR,7366,ENTERGY CORP,ENTERGY CORP,CAUCASIAN/WHITE,TMT,Chairman/CEO,CEO,Marcus Brown,,1,0,2/1/13,11/1/22,Yes,1/31/12,1,,0,M,10750,204855,Executive Director,1
24010,ETR,7366,ENTERGY CORP,ETRUSCUS RESOURCES CORP,CAUCASIAN/WHITE,TMT,Chairman (Executive),TMT,Marcus Brown,,1,0,1/15/19,11/23/21,Yes,1/31/12,1,,0,M,2978540,655507,Executive Director,1
24010,ETR,7366,ENTERGY CORP,ETRUSCUS RESOURCES CORP,CAUCASIAN/WHITE,TMT,Chairman (Executive),TMT,Fiore Aliperti,,1,0,1/15/19,11/23/21,Yes,1/31/12,1,,0,M,2978540,655507,Executive Director,1
24010,ETR,7366,ENTERGY CORP,ETRUSCUS RESOURCES CORP,CAUCASIAN/WHITE,TMT,President/CEO,CEO,Marcus Brown,,1,0,1/15/19,7/1/21,Yes,1/31/12,1,,0,M,2978540,2141493,Executive Director,1
24010,ETR,7366,ENTERGY CORP,ETRUSCUS RESOURCES CORP,CAUCASIAN/WHITE,TMT,President/CEO,CEO,Gordon Lam,,1,0,1/15/19,7/1/21,Yes,1/31/12,1,,0,M,2978540,2141493,Executive Director,1
24010,ETR,7366,ENTERGY CORP,ENTERGY CORP,CAUCASIAN/WHITE,TMT,Chairman/CEO,CEO,Roderick West,,1,0,2/1/13,11/1/22,Yes,6/7/10,1,,0,M,10750,204855,Executive Director,1
24010,ETR,7366,ENTERGY CORP,ETRUSCUS RESOURCES CORP,CAUCASIAN/WHITE,TMT,Chairman (Executive),TMT,Roderick West,,1,0,1/15/19,11/23/21,Yes,6/7/10,1,,0,M,2978540,655507,Executive Director,1
24010,ETR,7366,ENTERGY CORP,ETRUSCUS RESOURCES CORP,CAUCASIAN/WHITE,TMT,Chairman (Executive),TMT,Fiore Aliperti,,1,0,1/15/19,11/23/21,Yes,6/7/10,1,,0,M,2978540,655507,Executive Director,1
24010,ETR,7366,ENTERGY CORP,ETRUSCUS RESOURCES CORP,CAUCASIAN/WHITE,TMT,President/CEO,CEO,Roderick West,,1,0,1/15/19,7/1/21,Yes,6/7/10,1,,0,M,2978540,2141493,Executive Director,1
24010,ETR,7366,ENTERGY CORP,ETRUSCUS RESOURCES CORP,CAUCASIAN/WHITE,TMT,President/CEO,CEO,Gordon Lam,,1,0,1/15/19,7/1/21,Yes,6/7/10,1,,0,M,2978540,2141493,Executive Director,1
,PLD,29984,PROLOGIS INC,PROLOGIS INC (AMB Property Corp prior to 06/2011),MIDDLE-EASTERN/NORTH AFRICAN,,Chairman/CEO,CEO,Hamid Moghadam,,,1,1/1/13,,Yes,,,,,,1710,60091,Executive Director,1
,TWTR,18872,TWITTER INC,TWITTER INC (De-listed 10/2022),CAUCASIAN/WHITE,,Chairman (Executive),TMT,Omid Kordestani,,,0,10/13/15,6/1/20,Yes,,,,,,2006706,334036,Executive Director,1
,TWTR,18872,TWITTER INC,TWITTER INC (De-listed 10/2022),CAUCASIAN/WHITE,,CEO,CEO,Jack Dorsey,,,0,9/30/15,11/29/21,Yes,,,,,,2006706,1132809,Executive Director,1
38703,WFC,8007,WELLS FARGO & CO,WELLS FARGO & CO,CAUCASIAN/WHITE,TMT,President/CEO,CEO,Yvette Hollingsworth Clark,,1,0,10/21/19,,Yes,5/14/12,0,,1,F,33264,33951,Executive Director,1
38703,WFC,8007,WELLS FARGO & CO,WALL FINANCIAL CORP,CAUCASIAN/WHITE,TMT,President/CEO/CFO/Treasurer,CEO,Yvette Hollingsworth Clark,,1,0,7/6/94,,Yes,5/14/12,0,,1,F,817190,1046778,Executive Director,1
38703,WFC,8007,WELLS FARGO & CO,WALL FINANCIAL CORP,CAUCASIAN/WHITE,TMT,President/CEO/CFO/Treasurer,CEO,Bruno Wall,,1,0,7/6/94,,Yes,5/14/12,0,,1,F,817190,1046778,Executive Director,1
38703,WFC,8007,WELLS FARGO & CO,WELLS FARGO & CO,CAUCASIAN/WHITE,TMT,President/CEO,CEO,Michelle Lee,,1,0,10/21/19,,Yes,10/16/14,1,,1,F,33264,33951,Executive Director,1
38703,WFC,8007,WELLS FARGO & CO,WALL FINANCIAL CORP,CAUCASIAN/WHITE,TMT,President/CEO/CFO/Treasurer,CEO,Michelle Lee,,1,0,7/6/94,,Yes,10/16/14,1,,1,F,817190,1046778,Executive Director,1
38703,WFC,8007,WELLS FARGO & CO,WALL FINANCIAL CORP,CAUCASIAN/WHITE,TMT,President/CEO/CFO/Treasurer,CEO,Bruno Wall,,1,0,7/6/94,,Yes,10/16/14,1,,1,F,817190,1046778,Executive Director,1
59176,AXP,1447,AMERICAN EXPRESS CO,ALEXION PHARMACEUTICALS INC (De-listed 07/2021),CAUCASIAN/WHITE,CEO,CEO,CEO,Kenneth Chenault,,1,0,3/27/17,7/21/21,Yes,4/27/99,1,0,0,M,1355,1077323,Executive Director,1
59176,AXP,1447,AMERICAN EXPRESS CO,ALEXION PHARMACEUTICALS INC (De-listed 07/2021),CAUCASIAN/WHITE,CEO,CEO,CEO,Doctor Ludwig Hantson,,1,0,3/27/17,7/21/21,Yes,4/27/99,1,0,0,M,1355,1077323,Executive Director,1
59176,AXP,1447,AMERICAN EXPRESS CO,AMERICAN EXPRESS CO,CAUCASIAN/WHITE,CEO,Chairman/CEO,CEO,Kenneth Chenault,,1,0,2/1/18,,Yes,4/27/99,1,0,0,M,1815,455385,Executive Director,1
59176,AXP,1447,AMERICAN EXPRESS CO,ALEXION PHARMACEUTICALS INC (De-listed 07/2021),CAUCASIAN/WHITE,TMT,CEO,CEO,Kim Goodman,,1,0,3/27/17,7/21/21,Yes,7/12/07,0,,1,F,1355,1077323,Executive Director,1
59176,AXP,1447,AMERICAN EXPRESS CO,ALEXION PHARMACEUTICALS INC (De-listed 07/2021),CAUCASIAN/WHITE,TMT,CEO,CEO,Doctor Ludwig Hantson,,1,0,3/27/17,7/21/21,Yes,7/12/07,0,,1,F,1355,1077323,Executive Director,1
59176,AXP,1447,AMERICAN EXPRESS CO,AMERICAN EXPRESS CO,CAUCASIAN/WHITE,TMT,Chairman/CEO,CEO,Kim Goodman,,1,0,2/1/18,,Yes,7/12/07,0,,1,F,1815,455385,Executive Director,1
59176,AXP,1447,AMERICAN EXPRESS CO,ALEXION PHARMACEUTICALS INC (De-listed 07/2021),CAUCASIAN/WHITE,TMT,CEO,CEO,Anr_ Williams,,1,0,3/27/17,7/21/21,Yes,11/4/11,1,,0,M,1355,1077323,Executive Director,1
59176,AXP,1447,AMERICAN EXPRESS CO,ALEXION PHARMACEUTICALS INC (De-listed 07/2021),CAUCASIAN/WHITE,TMT,CEO,CEO,Doctor Ludwig Hantson,,1,0,3/27/17,7/21/21,Yes,11/4/11,1,,0,M,1355,1077323,Executive Director,1
59176,AXP,1447,AMERICAN EXPRESS CO,AMERICAN EXPRESS CO,CAUCASIAN/WHITE,TMT,Chairman/CEO,CEO,Anr_ Williams,,1,0,2/1/18,,Yes,11/4/11,1,,0,M,1815,455385,Executive Director,1
,BK,2019,BANK OF NEW YORK MELLON CORP,CANADIAN BANC CORP,CAUCASIAN/WHITE,,Chairman/President/CEO,CEO,Steve Finch,,,0,7/15/05,,Yes,,,,,,1987552,735008,Executive Director,1
70519,C,3243,CITIGROUP INC,CITIGROUP INC,CAUCASIAN/WHITE,TMT,CEO,CEO,Mark Mason,,1,0,10/15/12,2/26/21,Yes,9/7/06,1,,0,M,6930,604908,Executive Director,1
70519,C,3243,CITIGROUP INC,CONTACT GOLD CORP (Winwell Ventures Inc prior to 06/2017),CAUCASIAN/WHITE,TMT,President/CEO,CEO,Mark Mason,,1,0,6/7/17,,Yes,9/7/06,1,,0,M,2667306,1480332,Executive Director,1
70519,C,3243,CITIGROUP INC,CONTACT GOLD CORP (Winwell Ventures Inc prior to 06/2017),CAUCASIAN/WHITE,TMT,President/CEO,CEO,Matt Lennox-King,,1,0,6/7/17,,Yes,9/7/06,1,,0,M,2667306,1480332,Executive Director,1
,CL,3170,COLGATE-PALMOLIVE CO,CRESCO LABS INC,CAUCASIAN/WHITE,,CEO,CEO,Charles Bachtell,,,0,12/3/18,,Yes,,,,,,2957858,1374341,Executive Director,1
82642,EL,61567,ESTEE LAUDER COMPANIES INC,ESTEE LAUDER COS INC,CAUCASIAN/WHITE,TMT,Chairman (Executive),TMT,Tracey Travis,,1,0,7/1/09,,Yes,7/18/12,0,,1,F,11074,51266,Executive Director,1
82642,EL,61567,ESTEE LAUDER COMPANIES INC,ESTEE LAUDER COS INC,CAUCASIAN/WHITE,TMT,Chairman (Executive),TMT,William Lauder,,1,0,7/1/09,,Yes,7/18/12,0,,1,F,11074,51266,Executive Director,1
82642,EL,61567,ESTEE LAUDER COMPANIES INC,ESTEE LAUDER COS INC,CAUCASIAN/WHITE,TMT,Chairman Emeritus,TMT,Tracey Travis,,1,0,7/1/09,11/17/23,Yes,7/18/12,0,,1,F,11074,51286,Executive Director,1
82642,EL,61567,ESTEE LAUDER COMPANIES INC,ESTEE LAUDER COS INC,CAUCASIAN/WHITE,TMT,Chairman Emeritus,TMT,Leonard Lauder,,1,0,7/1/09,11/17/23,Yes,7/18/12,0,,1,F,11074,51286,Executive Director,1
82642,EL,61567,ESTEE LAUDER COMPANIES INC,ESTEE LAUDER COS INC,CAUCASIAN/WHITE,TMT,Division Chairman,TMT,Tracey Travis,,1,0,11/11/16,,Yes,7/18/12,0,,1,F,11074,51301,Executive Director,1
82642,EL,61567,ESTEE LAUDER COMPANIES INC,ESTEE LAUDER COS INC,CAUCASIAN/WHITE,TMT,Division Chairman,TMT,The Hon. Ronald Lauder,,1,0,11/11/16,,Yes,7/18/12,0,,1,F,11074,51301,Executive Director,1
82642,EL,61567,ESTEE LAUDER COMPANIES INC,ESTEE LAUDER COS INC,CAUCASIAN/WHITE,TMT,President/CEO,CEO,Tracey Travis,,1,0,7/1/09,,Yes,7/18/12,0,,1,F,11074,590109,Executive Director,1
82642,EL,61567,ESTEE LAUDER COMPANIES INC,ESTEE LAUDER COS INC,CAUCASIAN/WHITE,TMT,President/CEO,CEO,Fabrizio Freda,,1,0,7/1/09,,Yes,7/18/12,0,,1,F,11074,590109,Executive Director,1
82642,EL,61567,ESTEE LAUDER COMPANIES INC,ESTEE LAUDER COS INC,CAUCASIAN/WHITE,TMT,Chairman (Executive),TMT,Tracey Travis,,1,0,7/1/09,,Yes,7/18/12,0,,1,F,11074,51266,Executive Director,1
82642,EL,61567,ESTEE LAUDER COMPANIES INC,ESTEE LAUDER COS INC,CAUCASIAN/WHITE,TMT,Chairman (Executive),TMT,William Lauder,,1,0,7/1/09,,Yes,7/18/12,0,,1,F,11074,51266,Executive Director,1
82642,EL,61567,ESTEE LAUDER COMPANIES INC,ESTEE LAUDER COS INC,CAUCASIAN/WHITE,TMT,Chairman Emeritus,TMT,Tracey Travis,,1,0,7/1/09,11/17/23,Yes,7/18/12,0,,1,F,11074,51286,Executive Director,1
82642,EL,61567,ESTEE LAUDER COMPANIES INC,ESTEE LAUDER COS INC,CAUCASIAN/WHITE,TMT,Chairman Emeritus,TMT,Leonard Lauder,,1,0,7/1/09,11/17/23,Yes,7/18/12,0,,1,F,11074,51286,Executive Director,1
82642,EL,61567,ESTEE LAUDER COMPANIES INC,ESTEE LAUDER COS INC,CAUCASIAN/WHITE,TMT,Division Chairman,TMT,Tracey Travis,,1,0,11/11/16,,Yes,7/18/12,0,,1,F,11074,51301,Executive Director,1
82642,EL,61567,ESTEE LAUDER COMPANIES INC,ESTEE LAUDER COS INC,CAUCASIAN/WHITE,TMT,Division Chairman,TMT,The Hon. Ronald Lauder,,1,0,11/11/16,,Yes,7/18/12,0,,1,F,11074,51301,Executive Director,1
82642,EL,61567,ESTEE LAUDER COMPANIES INC,ESTEE LAUDER COS INC,CAUCASIAN/WHITE,TMT,President/CEO,CEO,Tracey Travis,,1,0,7/1/09,,Yes,7/18/12,0,,1,F,11074,590109,Executive Director,1
82642,EL,61567,ESTEE LAUDER COMPANIES INC,ESTEE LAUDER COS INC,CAUCASIAN/WHITE,TMT,President/CEO,CEO,Fabrizio Freda,,1,0,7/1/09,,Yes,7/18/12,0,,1,F,11074,590109,Executive Director,1
,HES,1380,HESS CORP,HESS CORP (Amerada Hess prior to 05/2006),CAUCASIAN/WHITE,,CEO,CEO,John Hess,,,0,5/16/13,,Yes,,,,,,1970,64947,Executive Director,1
,IFF,6078,INTL FLAVORS & FRAGRANCES,INTERNATIONAL FLAVORS & FRAGRANCES INC,CAUCASIAN/WHITE,,Chairman/CEO,CEO,Andreas Fibig,,,0,12/1/14,2/14/22,Yes,,,,,,16530,548131,Executive Director,1
,IPG,6136,INTERPUBLIC GROUP OF COS,INTERPUBLIC GROUP OF COMPANIES INC,CAUCASIAN/WHITE,,Chairman/CEO,CEO,Michael Roth,,,0,1/19/05,1/1/21,Yes,,,,,,16427,48701,Executive Director,1
,L,6781,LOEWS CORP,LOBLAW COMPANIES LTD,CAUCASIAN/WHITE,,Chairman (Executive),TMT,Galen Weston Jr,,,0,1/1/19,5/6/21,Yes,,,,,,35930,880948,Executive Director,1
,MCO,139665,MOODY'S CORP,MOODYS CORP,CAUCASIAN/WHITE,,President/CEO,CEO,Raymond McDaniel Jr,,,0,4/19/12,12/31/20,Yes,,,,,,21071,49681,Executive Director,1
45751,MMC,7065,MARSH & MCLENNAN COS,MARSH & MCLENNAN COMPANIES INC,CAUCASIAN/WHITE,CEO,President/CEO,CEO,Dean Klisura,,0,0,1/1/13,12/31/22,Yes,11/18/21,0,0,0,M,19713,592845,Executive Director,1
45751,MMC,7065,MARSH & MCLENNAN COS,MARSH & MCLENNAN COMPANIES INC,CAUCASIAN/WHITE,CEO,President/CEO,CEO,Dan Glaser,,0,0,1/1/13,12/31/22,Yes,11/18/21,0,0,0,M,19713,592845,Executive Director,1
,MS,12124,MORGAN STANLEY,MORGAN STANLEY (Morgan Stanley Dean Witter & Co prior to 07/2002),CAUCASIAN/WHITE,,Chairman/CEO,CEO,James Gorman,,,0,1/1/12,1/1/24,Yes,,,,,,21105,34080,Executive Director,1
,NDAQ,149337,NASDAQ INC,NASDAQ INC (NASDAQ OMX Group Inc prior to 09/2015),CAUCASIAN/WHITE,,President/CEO,CEO,Adena Friedman,,,0,1/1/17,1/1/23,Yes,,,,,,42640,483505,Executive Director,1
12542,NLSN,100873,NIELSEN HOLDINGS PLC,NIELSEN HOLDINGS PLC (Nielsen NV prior to 08/2015) (De-listed 10/2022),CAUCASIAN/WHITE,TMT,CEO/Chief Diversity Officer,CEO,Jamere Jackson,,1,0,1/1/19,3/23/21,Yes,2/24/14,1,,0,M,1684303,140602,Executive Director,1
12542,NLSN,100873,NIELSEN HOLDINGS PLC,NIELSEN HOLDINGS PLC (Nielsen NV prior to 08/2015) (De-listed 10/2022),CAUCASIAN/WHITE,TMT,CEO/Chief Diversity Officer,CEO,David Kenny,,1,0,1/1/19,3/23/21,Yes,2/24/14,1,,0,M,1684303,140602,Executive Director,1
75104,PARA,13714,PARAMOUNT GLOBAL,PARAMOUNT GLOBAL (Viacomcbs Inc prior to 02/2022),CAUCASIAN/WHITE,CEO,President/CEO,CEO,Roger King,,0,0,12/4/19,,Yes,1/19/00,0,0,0,M,6098,23537,Executive Director,1
75104,PARA,13714,PARAMOUNT GLOBAL,PARAMOUNT GLOBAL (Viacomcbs Inc prior to 02/2022),CAUCASIAN/WHITE,CEO,President/CEO,CEO,Bob Bakish,,0,0,12/4/19,,Yes,1/19/00,0,0,0,M,6098,23537,Executive Director,1
21936,PFE,8530,PFIZER INC,,CAUCASIAN/WHITE,TMT,,,Freda Lewis-Hall,,1,0,,,,5/4/09,0,,1,F,,,,
,PM,179621,PHILIP MORRIS INTERNATIONAL,PHILIP MORRIS INTERNATIONAL INC,CAUCASIAN/WHITE,,CEO,CEO,Andr___Â© Calantzopoulos,,,0,5/8/13,5/5/21,Yes,,,,,,1060044,36791,Executive Director,1
85072,RL,64891,RALPH LAUREN CORP,RALPH LAUREN CORP,CAUCASIAN/WHITE,TMT,Executive Chairman/Chief Creative Officer,TMT,Tracey Travis,,1,0,11/2/15,,Yes,11/20/04,1,,1,F,24726,220546,Executive Director,1
85072,RL,64891,RALPH LAUREN CORP,RALPH LAUREN CORP,CAUCASIAN/WHITE,TMT,President/CEO,CEO,Tracey Travis,,1,0,7/3/17,,Yes,11/20/04,1,,1,F,24726,884348,Executive Director,1
85072,RL,64891,RALPH LAUREN CORP,RALPH LAUREN CORP,CAUCASIAN/WHITE,TMT,Vice Chairman/Chief Innovation Officer,TMT,Tracey Travis,,1,0,10/7/16,3/1/22,Yes,11/20/04,1,,1,F,24726,1319543,Executive Director,1
,SPGI,7163,S&P GLOBAL INC,S&P GLOBAL INC (McGraw Hill Financial Inc prior to 04/2016),CAUCASIAN/WHITE,,President/CEO,CEO,Doug Peterson,,,0,11/1/13,,Yes,,,,,,19953,604942,Executive Director,1
88661,TPR,140541,TAPESTRY INC,TAPESTRY INC (Coach Inc prior to 10/2017),CAUCASIAN/WHITE,CEO,Chairman/CEO,CEO,Jide Zeitlin,,1,0,9/4/19,7/20/20,Yes,9/4/19,1,0,0,M,7173,271683,Executive Director,1
88661,TPR,140541,TAPESTRY INC,TAPESTRY INC (Coach Inc prior to 10/2017),CAUCASIAN/WHITE,CEO,Chairman/CEO,CEO,Jide Zeitlin,,1,0,9/4/19,7/20/20,Yes,9/4/19,1,0,0,M,7173,271683,Executive Director,1
59459,TRV,62689,TRAVELERS COS INC,THE TRAVELERS COMPANIES INC (St Paul Travelers Companies Inc prior to 02/2007),CAUCASIAN/WHITE,CEO,Chairman/CEO,CEO,Alan Schnitzer,,0,0,8/1/17,,Yes,8/4/15,0,0,0,M,469152,533891,Executive Director,1
59459,TRV,62689,TRAVELERS COS INC,THE TRAVELERS COMPANIES INC (St Paul Travelers Companies Inc prior to 02/2007),CAUCASIAN/WHITE,CEO,Chairman/CEO,CEO,Alan Schnitzer,,0,0,8/1/17,,Yes,8/4/15,0,0,0,M,469152,533891,Executive Director,1
,TTWO,64630,TAKE-TWO INTERACTIVE SFTWR,TAKE TWO INTERACTIVE SOFTWARE INC,CAUCASIAN/WHITE,,Chairman (Executive)/CEO,CEO,Strauss Zelnick,,,0,1/1/11,,Yes,,,,,,29924,333171,Executive Director,1
,BG,144435,BUNGE LTD,BUNGE GLOBAL SA (Bunge Ltd prior to 11/2023),CAUCASIAN/WHITE,,CEO,CEO,Greg Heckman,,,0,4/25/19,,Yes,,,,,,5320,500231,Executive Director,1
12623,HII,186310,HUNTINGTON INGALLS IND INC,HUNTINGTON INGALLS INDUSTRIES INC,CAUCASIAN/WHITE,TMT,President/CEO,CEO,Michael Smith,,1,0,3/31/11,3/1/22,Yes,10/30/15,1,,0,M,1694757,487356,Executive Director,1
12623,HII,186310,HUNTINGTON INGALLS IND INC,HUNTINGTON INGALLS INDUSTRIES INC,CAUCASIAN/WHITE,TMT,President/CEO,CEO,Mike Petters,,1,0,3/31/11,3/1/22,Yes,10/30/15,1,,0,M,1694757,487356,Executive Director,1
12623,HII,186310,HUNTINGTON INGALLS IND INC,HUNTINGTON INGALLS INDUSTRIES INC,CAUCASIAN/WHITE,TMT,President/CEO,CEO,Kellye Walker,,1,0,3/31/11,3/1/22,Yes,12/17/14,1,,1,F,1694757,487356,Executive Director,1
12623,HII,186310,HUNTINGTON INGALLS IND INC,HUNTINGTON INGALLS INDUSTRIES INC,CAUCASIAN/WHITE,TMT,President/CEO,CEO,Mike Petters,,1,0,3/31/11,3/1/22,Yes,12/17/14,1,,1,F,1694757,487356,Executive Director,1