coid,tic,conm_x,gvkey,ceo_name,ceo_ethnicity,ceo_race(black),ceo_minority,ceo_gender,ceo_female,2020_active,2020_active_may26_dec31,2020_two_ceos,2020_co-ceo,2020_ceo_change,2020_ceo_change_date,2020_in_or_out,ethnicity_boardex,BE_from_bermiss,Actual_Bermiss_discrepancy,RoleType_boardex,RoleName_boardex,Interim_boardex,DateStartRole_boardex,DateEndRole_boardex,,,,,
89,CINF,CINCINNATI FINANCIAL CORP,14824,Steve Johnston,Caucasian/White,0,0,M,0,0,0,0,0,0,,,CAUCASIAN/WHITE,,0,CEO,President/CEO,0,5/2/11,5/2/20,,,,,
425,CLX,CLOROX CO/DE,3121,Benno Dorer,Caucasian/White,0,0,M,0,1,1,0,0,0,,,CAUCASIAN/WHITE,,0,CEO,Chairman/CEO,0,8/15/16,9/14/20,,,,,
456,ED,CONSOLIDATED EDISON INC,3413,John McAvoy,Caucasian/White,0,0,M,0,1,1,0,0,0,,,CAUCASIAN/WHITE,,0,CEO,Chairman/President/CEO,0,5/12/14,12/29/20,,,,,
489,DHR,DANAHER CORP,3735,Tom Joyce Jr,Caucasian/White,0,0,M,0,1,1,0,0,0,,,CAUCASIAN/WHITE,,0,CEO,President/CEO,0,9/9/14,9/1/20,,,,,
143,DE,DEERE & CO,3835,John May,Caucasian/White,0,0,M,0,1,0,0,0,0,,,CAUCASIAN/WHITE,,0,CEO,President/CEO,0,11/4/19,5/1/20,,,,,
43,DLTR,DOLLAR TREE INC,31587,Gary Philbin,Caucasian/White,0,0,M,0,1,1,0,0,0,,,CAUCASIAN/WHITE,,0,CEO,CEO,0,12/9/19,7/20/20,,,,,
80,D,DOMINION ENERGY INC,4029,Tom Farrell II,Caucasian/White,0,0,M,0,1,1,0,0,0,,,CAUCASIAN/WHITE,,0,CEO,Chairman/President/CEO,0,4/27/07,10/1/20,,,,,
175,FITB,FIFTH THIRD BANCORP,4640,Greg Carmichael,Caucasian/White,0,0,M,0,1,1,0,0,0,,,CAUCASIAN/WHITE,0,0,CEO,Chairman/President/CEO,0,2/1/18,10/26/20,,,,,
12,HBI,HANESBRANDS INC,175319,Gerald Evans Jr,Caucasian/White,0,0,M,0,1,1,0,0,0,,,CAUCASIAN/WHITE,1,0,CEO,CEO,0,10/1/16,8/3/20,,,,,
14,HD,HOME DEPOT INC,5680,Craig Menear,Caucasian/White,0,0,M,0,1,1,0,0,0,,,CAUCASIAN/WHITE,1,1,CEO,Chairman/President/CEO,0,2/2/15,10/5/20,,,,,
283,KEY,KEYCORP,9783,Beth Mooney,Caucasian/White,0,0,F,1,1,0,0,0,0,,,CAUCASIAN/WHITE,1,1,CEO,Chairman/President/CEO,0,5/1/11,5/1/20,,,,,
6,LH,LABORATORY CP OF AMER HLDGS,14960,Adam Schechter,Caucasian/White,0,0,M,0,0,0,0,0,0,,,CAUCASIAN/WHITE,,0,CEO,President/CEO,0,11/1/19,5/13/20,,,,,
128,LEN,LENNAR CORP,6669,Rick Beckwitt,Caucasian/White,0,0,M,0,1,1,0,0,0,,,CAUCASIAN/WHITE,,0,CEO,CEO,0,4/11/18,11/2/20,,,,,
274,MTCH,MATCH GROUP INC,26061,Joey Levin,Caucasian/White,0,0,M,0,1,1,0,0,0,,,INDIAN/SOUTH ASIAN,,0,CEO,CEO,0,6/24/15,6/30/20,,,,,
366,NTAP,NETAPP INC,61591,George Kurian,Asian/Indian,0,1,M,0,1,1,0,0,0,,,INDIAN/SOUTH ASIAN,,0,CEO,President/CEO,0,5/20/16,7/1/20,,,,,
364,NFLX,NETFLIX INC,147579,Wilmot Hastings Jr,Caucasian/White,0,0,M,0,1,1,0,0,0,,,CAUCASIAN/WHITE,,0,CEO,Chairman/President/CEO,0,7/1/99,7/14/20,,,,,
40,ON,ON SEMICONDUCTOR CORP,134932,Keith Jackson,Caucasian/White,0,0,M,0,1,1,0,0,0,,,CAUCASIAN/WHITE,,0,CEO,President/CEO,0,11/19/02,12/7/20,,,,,
59,ROL,ROLLINS INC,9225,Gary Rollins,Caucasian/White,0,0,M,0,1,1,0,0,0,,,CAUCASIAN/WHITE,,0,CEO,Vice Chairman/CEO,0,1/22/13,8/25/20,,,,,
300,AOS,SMITH (A.O.),9771,Kevin Wheeler,Caucasian/White,0,0,M,0,0,0,0,0,0,,,CAUCASIAN/WHITE,,0,CEO,President/CEO,0,9/1/18,5/1/20,,,,,
83,TFX,TELEFLEX INC,10407,Liam Kelly,Caucasian/White,0,0,M,0,0,0,0,0,0,,,CAUCASIAN/WHITE,,0,CEO,President/CEO,0,5/4/18,5/1/20,,,,,
7,TSN,TYSON FOODS INC -CL A,10793,Noel White,Caucasian/White,0,0,M,0,1,1,0,0,0,,,CAUCASIAN/WHITE,,0,CEO,CEO,0,12/20/19,10/3/20,,,,,
372,VAR,VARIAN MEDICAL SYSTEMS INC,11115,Dow Wilson,Caucasian/White,0,0,M,0,1,1,0,0,0,,,CAUCASIAN/WHITE,,0,CEO,President/CEO,0,9/29/12,10/5/20,,,,,
180,WELL,WELLTOWER INC,5543,Tom DeRosa,Caucasian/White,0,0,M,0,1,1,0,0,0,,,CAUCASIAN/WHITE,,0,CEO,Chairman/CEO,0,4/1/14,10/5/20,,,,,
419,AIV,APARTMENT INVST & MGMT CO,30490,Wes Powell,Caucasian/White,0,0,M,0,1,1,1,0,1,12/15/20,incoming,,,0,CEO,President/CEO,0,12/15/20,,,,,,
419,AIV,APARTMENT INVST & MGMT CO,30490,The Hon. Terry Considine,Caucasian/White,0,0,M,0,1,1,1,0,1,12/15/20,outgoing,CAUCASIAN/WHITE,,0,CEO,Chairman/CEO,0,2/10/09,12/15/20,,,,,
260,BBWI,BATH & BODY WORKS INC,6733,Andrew Meslow,Caucasian/White,0,0,M,0,1,1,1,0,1,5/14/20,incoming,,,0,CEO,CEO,0,5/14/20,,,,,,
260,BBWI,BATH & BODY WORKS INC,6733,Leslie Wexner,Caucasian/White,0,0,M,0,0,0,1,0,1,5/14/20,outgoing,CAUCASIAN/WHITE,,0,CEO,Chairman/CEO,0,1/1/02,5/14/20,,,,,
94,CMS,CMS ENERGY CORP,3439,Patti Poppe,Caucasian/White,0,0,F,1,1,1,1,0,1,12/1/20,incoming,,,0,CEO,President/CEO,0,,,,,,,
94,CMS,CMS ENERGY CORP,3439,Garrick Rochow,Caucasian/White,0,0,M,1,1,1,1,0,1,12/1/20,outgoing,CAUCASIAN/WHITE,1,0,CEO,President/CEO,0,7/1/16,12/1/20,,,,,
92,FISV,FISERV INC,12635,Jeffrey W. Yabuki,Caucasian/White,0,0,M,0,1,1,1,0,1,7/1/20,outgoing,,,0,CEO,President/CEO,0,,,,,,,
92,FISV,FISERV INC,12635,Frank Bisignano,Caucasian/White,0,0,M,0,1,1,1,0,1,7/1/20,incoming,,,0,CEO,Chairman/CEO,0,5/1/12,7/1/20,,,,,
27,ALB,ALBEMARLE CORP,29751,J. Kent Masters,Caucasian/White,0,0,M,0,1,1,0,0,1,Jun-20,incoming,CAUCASIAN/WHITE,,0,CEO,,0,6/17/20,,,,,,
27,ALB,ALBEMARLE CORP,29751,Luther C. Kissam IV,Caucasian/White,0,0,M,0,1,1,0,0,1,Jun-20,outgoing,,,0,CEO,,0,7/3/05,6/17/20,,,,,
482,TPR,TAPESTRY INC,140541,Jide Zeitlin,African American/Black,1,1,M,0,1,0,1,0,1,7/1/20,outgoing,,,0,CEO,CEO,1,,,,,,,
482,TPR,TAPESTRY INC,140541,Joanne Crevoiserat,Caucasian/White,1,1,F,0,1,1,1,0,1,7/1/20,incoming,,1,0,CEO,Chairman/CEO,0,9/4/19,7/20/20,,,,,
67,MO,ALTRIA GROUP INC,8543,Howard A. Willard III,Caucasian/White,0,0,M,0,1,1,0,0,1,Apr-20,outgoing,CAUCASIAN/WHITE,,0,CEO,,0,5/17/18,4/16/20,,,,,
428,PCG,PG&E CORP,8264,Bill Johnson,Caucasian/White,0,0,M,0,1,1,1,0,1,Apr-20,outgoing,,,0,CEO,CEO,0,6/21/19,6/30/20,,,,,
334,MMM,3M CO,7435,Mike Roman,Caucasian/White,0,0,M,0,1,1,0,0,0,,,CAUCASIAN/WHITE,,0,CEO,Chairman/President/CEO,0,6/1/19,,,,,,
220,ABT,ABBOTT LABORATORIES,1078,Miles D. White,Caucasian/White,0,0,M,0,1,1,0,0,1,3/31/20,outgoing,,,0,CEO,,0,6/21/05,3/31/20,,,,,
220,ABT,ABBOTT LABORATORIES,1078,Robert B. Ford,Caucasian/White,0,0,M,0,1,1,0,0,1,3/31/20,incoming,,,0,CEO,,0,3/31/20,,,,,,
219,ABBV,ABBVIE INC,16101,Rick Gonzalez,Hispanic/Latino,0,1,M,0,1,1,0,0,0,,,HISPANIC/LATIN AMERICAN,,0,CEO,Chairman/CEO,0,1/2/13,,,,,,
233,ABMD,ABIOMED INC,13619,Mike Minogue,Caucasian/White,0,0,M,0,1,1,0,0,0,,,CAUCASIAN/WHITE,,0,CEO,Chairman/President/CEO,0,6/15/05,12/22/22,,,,,
327,ATVI,ACTIVISION BLIZZARD INC,180405,Bobby Kotick,Caucasian/White,0,0,M,0,1,1,0,0,0,,,CAUCASIAN/WHITE,,0,CEO,CEO,0,6/26/17,10/13/23,,,,,
347,ADBE,ADOBE INC,12540,Shantanu Narayen,Asian/Indian,0,1,M,0,1,1,0,0,0,,,INDIAN/SOUTH ASIAN,,0,CEO,Chairman/President/CEO,0,1/27/17,1/13/22,,,,,
17,AAP,ADVANCE AUTO PARTS INC,145977,Tom Greco,Caucasian/White,0,0,M,0,1,1,0,0,0,,,CAUCASIAN/WHITE,,0,CEO,President/CEO,0,8/14/16,9/11/23,,,,,
349,AMD,ADVANCED MICRO DEVICES,1161,Doctor Lisa Su,Asian/Taiwanese,0,1,F,1,1,1,0,0,0,,,ASIAN (EXCLUDE INDIAN/SOUTH ASIAN),,0,CEO,President/CEO,0,10/8/14,2/14/22,,,,,
77,AES,AES CORP (THE),24216,Doctor Andres Gluski Weilert,Hispanic/Latino,0,1,M,0,1,1,0,0,0,,,HISPANIC/LATIN AMERICAN,,0,CEO,President/CEO,0,9/30/11,,,,,,
16,AFL,AFLAC INC,1449,Daniel P. Amos,Caucasian/White,0,0,M,0,1,1,0,0,0,,,,,0,CEO,,0,6/12/05,,,,,,
345,A,AGILENT TECHNOLOGIES INC,126554,Mike McMullen,Caucasian/White,0,0,M,0,1,1,0,0,0,,,CAUCASIAN/WHITE,,0,CEO,President/CEO,0,3/18/15,,,,,,
124,APD,AIR PRODUCTS & CHEMICALS INC,1209,Seifi Ghasemi,Middle Eastern/Iranian,0,1,M,0,1,1,0,0,0,,,MIDDLE-EASTERN/NORTH AFRICAN,,0,CEO,Chairman/President/CEO,0,7/1/14,,,,,,
313,AKAM,AKAMAI TECHNOLOGIES INC,125595,Doctor Tom Leighton,Caucasian/White,0,0,M,0,1,1,0,0,0,,,CAUCASIAN/WHITE,,0,CEO,CEO,0,1/1/13,,,,,,
395,ALK,ALASKA AIR GROUP INC,1230,Brad Tilden,Caucasian/White,0,0,M,0,1,1,0,0,0,,,CAUCASIAN/WHITE,,0,CEO,Chairman/President/CEO,0,1/1/14,3/31/21,,,,,
67,MO,ALTRIA GROUP INC,8543,William F. Gifford Jr.,Caucasian/White,0,0,M,0,1,1,0,0,1,Apr-20,incoming,CAUCASIAN/WHITE,,0,CEO,,0,4/16/20,,,,,,
431,AMT,AMERICAN TOWER CORP,105365,James D. Taiclet Jr.,Caucasian/White,0,0,M,0,1,1,0,0,1,Jun-20,outgoing,CAUCASIAN/WHITE,,0,CEO,,0,6/25/05,6/14/20,,,,,
326,ARE,ALEXANDRIA R E EQUITIES INC,64821,Peter Moglia,Caucasian/White,0,0,M,0,1,1,1,1,0,,,CAUCASIAN/WHITE,,0,CEO,CIO/Co-CEO,0,4/1/18,,,,,,
326,ARE,ALEXANDRIA R E EQUITIES INC,64821,Stephen Richardson,Caucasian/White,0,0,M,0,1,1,1,1,0,,,CAUCASIAN/WHITE,,0,CEO,Co-CEO,0,4/1/18,7/1/22,,,,,
430,ALXN,ALEXION PHARMACEUTICALS INC,62263,Doctor Ludwig Hantson,Caucasian/White,0,0,M,0,1,1,0,0,0,,,CAUCASIAN/WHITE,,0,CEO,CEO,0,3/27/17,7/21/21,,,,,
36,ALGN,ALIGN TECHNOLOGY INC,141384,Joe Hogan,Caucasian/White,0,0,M,0,1,1,0,0,0,,,CAUCASIAN/WHITE,,0,CEO,President/CEO,0,6/1/15,,,,,,
406,LNT,ALLIANT ENERGY CORP,11554,John Larsen,Caucasian/White,0,0,M,0,1,1,0,0,0,,,CAUCASIAN/WHITE,,0,CEO,Chair/President/CEO,0,7/1/19,2/27/23,,,,,
377,ALL,ALLSTATE CORP,28349,Tom Wilson II,Caucasian/White,0,0,M,0,1,1,0,0,0,,,CAUCASIAN/WHITE,,0,CEO,Chairman/President/CEO,0,2/23/18,,,,,,
356,GOOGL,ALPHABET INC,160329,Sundar Pichai,Asian/Indian,0,1,M,0,1,1,0,0,0,,,INDIAN/SOUTH ASIAN,,0,CEO,CEO,0,12/3/19,,,,,,
431,AMT,AMERICAN TOWER CORP,179437,Thomas A. Bartlett,Caucasian/White,0,0,M,0,1,1,1,0,1,Jun-20,incoming,,,0,CEO,,0,6/14/20,,,,,,
281,AWK,AMERICAN WATER WORKS CO INC,179437,Susan N. Story,Caucasian/White,0,0,F,1,1,1,0,0,1,Apr-20,outgoing,CAUCASIAN/WHITE,,0,CEO,,0,5/1/14,4/1/20,,,,,
396,AMZN,AMAZON.COM INC,64768,Jeff Bezos,Caucasian/White,0,0,M,0,1,1,0,0,0,,,CAUCASIAN/WHITE,,0,CEO,Chairman/President/CEO,0,10/1/00,7/5/21,,,,,
439,AEE,AMEREN CORP,10860,Warner Baxter,Caucasian/White,0,0,M,0,1,1,0,0,0,,,CAUCASIAN/WHITE,,0,CEO,Chairman/President/CEO,0,7/1/14,1/1/22,,,,,
114,AAL,AMERICAN AIRLINES GROUP INC,1045,Doug Parker Jr,Caucasian/White,0,0,M,0,1,1,0,0,0,,,CAUCASIAN/WHITE,,0,CEO,Chairman/CEO,0,6/4/14,3/31/22,,,,,
259,AEP,AMERICAN ELECTRIC POWER CO,1440,Nick Akins,Caucasian/White,0,0,M,0,1,1,0,0,0,,,CAUCASIAN/WHITE,,0,CEO,Chairman/President/CEO,0,1/1/14,8/10/22,,,,,
450,AXP,AMERICAN EXPRESS CO,1447,Steve Squeri,Caucasian/White,0,0,M,0,1,1,0,0,0,,,CAUCASIAN/WHITE,1,1,CEO,Chairman/CEO,0,2/1/18,,,,,,
448,AIG,AMERICAN INTERNATIONAL GROUP,1487,Brian Duperreault,Caucasian/White,0,0,M,0,1,1,0,0,0,,,CAUCASIAN/WHITE,,0,CEO,,0,5/1/17,3/1/21,,,,,
281,AWK,AMERICAN WATER WORKS CO INC,179437,Walter J. Lynch,Caucasian/White,0,0,M,0,1,1,0,0,1,Apr-20,incoming,CAUCASIAN/WHITE,,0,CEO,,0,4/1/20,,,,,,
181,BDX,BECTON DICKINSON & CO,2111,Vincent A. Forlenza,Caucasian/White,0,0,M,0,1,1,0,0,1,Jan-20,outgoing,CAUCASIAN/WHITE,,0,CEO,,0,10/1/11,1/28/20,,,,,
181,BDX,BECTON DICKINSON & CO,2111,Thomas E. Polen,Caucasian/White,0,0,M,0,1,1,0,0,1,Jan-20,incoming,CAUCASIAN/WHITE,,0,CEO,,0,1/28/20,,,,,,
240,WRB,BERKLEY (W R) CORP,14822,William R. Berkley,Caucasian/White,0,0,M,0,1,0,0,0,1,Jan-20,outgoing,CAUCASIAN/WHITE,,0,CEO,,0,5/20/05,10/31/15,,,,,
304,AMP,AMERIPRISE FINANCIAL INC,164708,Jim Cracchiolo,Caucasian/White,0,0,M,0,1,1,0,0,0,,,CAUCASIAN/WHITE,,0,CEO,Chairman/CEO,0,9/30/05,,,,,,
231,ABC,AMERISOURCEBERGEN CORP,31673,Steven H. Collis,Caucasian/White,0,0,M,0,1,1,0,0,0,,,CAUCASIAN/WHITE,,0,CEO,,0,7/1/11,,,,,,
186,AME,AMETEK INC,1598,David Zapico,Caucasian/White,0,0,M,0,1,1,0,0,0,,,CAUCASIAN/WHITE,,0,CEO,Chairman/CEO,0,7/7/17,,,,,,
197,AMGN,AMGEN INC,1602,Bob Bradway,Caucasian/White,0,0,M,0,1,1,0,0,0,,,CAUCASIAN/WHITE,,0,CEO,Chairman/President/CEO,0,1/1/13,,,,,,
189,APH,AMPHENOL CORP,14282,Richard Norwitt,Caucasian/White,0,0,M,0,1,1,0,0,0,,,CAUCASIAN/WHITE,,0,CEO,President/CEO,0,1/5/09,,,,,,
312,ADI,ANALOG DEVICES INC,1632,Vincent Roche,Caucasian/White,0,0,M,0,1,1,0,0,0,,,CAUCASIAN/WHITE,,0,CEO,President/CEO,0,5/6/13,3/9/22,,,,,
90,ANSS,ANSYS INC,63080,Doctor Ajei Gopal,Asian/Indian,0,1,M,0,1,1,0,0,0,,,INDIAN/SOUTH ASIAN,,0,CEO,President/CEO,0,1/1/17,,,,,,
146,APA,APA CORP,1678,John Christmann IV,Caucasian/White,0,0,M,0,1,1,0,0,0,,,CAUCASIAN/WHITE,,0,CEO,President/CEO,0,1/20/15,1/1/24,,,,,
346,AAPL,APPLE INC,1690,Tim Cook,Caucasian/White,0,0,M,0,1,1,0,0,0,,,CAUCASIAN/WHITE,,0,CEO,CEO,0,8/24/11,,,,,,
348,AMAT,APPLIED MATERIALS INC,1704,Gary Dickerson,Caucasian/White,0,0,M,0,1,1,0,0,0,,,CAUCASIAN/WHITE,,0,CEO,President/CEO,0,9/1/13,,,,,,
375,ADM,ARCHER-DANIELS-MIDLAND CO,1722,Juan Luciano,Hispanic/Latino,0,1,M,0,1,1,0,0,0,,,HISPANIC/LATIN AMERICAN,,0,CEO,Chairman/President/CEO,0,1/1/16,,,,,,
350,ANET,ARISTA NETWORKS INC,20748,Jayshree Ullal,Asian/Indian,0,1,F,1,1,1,0,0,0,,,INDIAN/SOUTH ASIAN,,0,CEO,President/CEO,0,6/6/14,12/1/23,,,,,
376,AJG,ARTHUR J GALLAGHER & CO,4973,Pat Gallagher Jr,Caucasian/White,0,0,M,0,1,1,0,0,0,,,CAUCASIAN/WHITE,,0,CEO,Chairman/President/CEO,0,10/19/06,1/1/24,,,,,
449,AIZ,ASSURANT INC,157057,Alan Colberg,Caucasian/White,0,0,M,0,1,1,0,0,0,,,CAUCASIAN/WHITE,,0,CEO,President/CEO,0,1/1/15,5/18/21,,,,,
276,T,AT&T INC,9899,John Stankey,Caucasian/White,0,0,M,0,1,1,0,0,1,7/1/20,incoming,CAUCASIAN/WHITE,1,1,CEO,Chairman/CEO,0,7/1/20,,,,,,
276,T,AT&T INC,9899,Randall Stephenson Jr,Caucasian/White,0,0,M,0,1,1,0,0,1,6/30/20,outgoing,CAUCASIAN/WHITE,1,1,CEO,Chairman/CEO,0,1/1/07,6/30/20,,,,,
263,ATO,ATMOS ENERGY CORP,4383,John Akers,Caucasian/White,0,0,M,0,1,1,0,0,0,,,CAUCASIAN/WHITE,,0,CEO,President/CEO,0,10/1/19,,,,,,
441,ADSK,AUTODESK INC,1878,Doctor Andrew Anagnost,Caucasian/White,0,0,M,0,1,1,0,0,0,,,CAUCASIAN/WHITE,,0,CEO,President/CEO,0,6/19/17,1/19/21,,,,,
408,ADP,AUTOMATIC DATA PROCESSING,1891,Carlos Rodriguez,Hispanic/Latino,0,1,M,0,1,1,0,0,0,,,HISPANIC/LATIN AMERICAN,,0,CEO,President/CEO,0,11/8/11,1/1/22,,,,,
251,AZO,AUTOZONE INC,23809,Bill Rhodes III,Caucasian/White,0,0,M,0,1,1,0,0,0,,,CAUCASIAN/WHITE,,0,CEO,Chairman/President/CEO,0,6/6/07,1/2/24,,,,,
78,AVB,AVALONBAY COMMUNITIES INC,29875,Tim Naughton,Caucasian/White,0,0,M,0,1,1,0,0,0,,,CAUCASIAN/WHITE,,0,CEO,Chairman/President/CEO,0,5/22/13,2/1/21,,,,,
328,AVY,AVERY DENNISON CORP,1913,Mitch Butier,Caucasian/White,0,0,M,0,1,1,0,0,0,,,CAUCASIAN/WHITE,,0,CEO,Chairman/President/CEO,0,4/25/19,2/28/22,,,,,
147,BKR,BAKER HUGHES CO,32106,Lorenzo Simonelli,Caucasian/White,0,0,M,0,1,1,0,0,0,,,CAUCASIAN/WHITE,,0,CEO,Chairman/President/CEO,0,10/2/17,,,,,,
183,BALL,BALL CORP,1988,John Hayes,Caucasian/White,0,0,M,0,1,1,0,0,0,,,CAUCASIAN/WHITE,,0,CEO,Chairman/President/CEO,0,4/24/13,1/1/21,,,,,
28,BAC,BANK OF AMERICA CORP,7647,Brian Moynihan,Caucasian/White,0,0,M,0,1,1,0,0,0,,,CAUCASIAN/WHITE,,0,CEO,Chair/President/CEO,0,10/1/14,,,,,,
451,BK,BANK OF NEW YORK MELLON CORP,2019,Thomas P. Gibbons,Caucasian/White,0,0,M,0,1,1,0,0,0,,,CAUCASIAN/WHITE,,0,CEO,CEO,0,3/1/20,8/1/22,,,,,
221,BAX,BAXTER INTERNATIONAL INC,2086,Joe Almeida,Hispanic/Latino,0,1,M,0,1,1,0,0,0,,,HISPANIC/LATIN AMERICAN,,0,CEO,Chairman/President/CEO,0,1/1/16,,,,,,
240,WRB,BERKLEY (W R) CORP,14822,W. Robert Berkley Jr.,Caucasian/White,0,0,M,0,1,1,0,0,1,Jan-20,incoming,CAUCASIAN/WHITE,,0,CEO,,0,10/31/15,,,,,,
149,CNP,CENTERPOINT ENERGY INC,5742,Scott M. Prochazka,Caucasian/White,0,0,M,0,1,1,0,0,1,Feb-20,outgoing,CAUCASIAN/WHITE,,0,CEO,,0,1/1/14,2/19/20,,,,,
149,CNP,CENTERPOINT ENERGY INC,5742,John W. Somerhalder II,Caucasian/White,0,0,M,0,1,1,1,0,1,Feb-20,incoming,,,0,CEO,,0,2/19/20,,,,,,
329,DIS,DISNEY (WALT) CO,3980,Robert A. Iger,Caucasian/White,0,0,M,0,1,0,0,0,1,Feb-20,outgoing,CAUCASIAN/WHITE,,0,CEO,,0,10/5/24,2/25/20,,,,,
141,BRK.B,BERKSHIRE HATHAWAY,2176,Warren Buffett,Caucasian/White,0,0,M,0,1,1,0,0,0,,,CAUCASIAN/WHITE,,0,CEO,Chairman/CEO,0,1/1/70,,,,,,
305,BBY,BEST BUY CO INC,2184,Corie Barry,Caucasian/White,0,0,F,1,1,1,0,0,0,,,CAUCASIAN/WHITE,0,0,CEO,CEO,0,6/11/19,,,,,,
338,BIO,BIO-RAD LABORATORIES INC,2220,Norman Schwartz,Caucasian/White,0,0,M,0,1,1,0,0,0,,,CAUCASIAN/WHITE,,0,CEO,Chairman/President/CEO,0,1/1/12,,,,,,
314,BIIB,BIOGEN INC,24468,Michel Vounatsos,Caucasian/White,0,0,M,0,1,1,0,0,0,,,CAUCASIAN/WHITE,,0,CEO,CEO,0,1/6/17,11/14/22,,,,,
452,BLK,BLACKROCK INC,124434,Larry Fink,Caucasian/White,0,0,M,0,1,1,0,0,0,,,CAUCASIAN/WHITE,,0,CEO,Chairman/CEO,0,1/1/98,,,,,,
378,BA,BOEING CO,2285,David L. Calhoun,Caucasian/White,0,0,M,0,1,1,0,0,0,,,CAUCASIAN/WHITE,,0,CEO,CEO,1,,,,,,,
234,BKNG,BOOKING HOLDINGS INC,119314,Glenn Fogel,Caucasian/White,0,0,M,0,1,1,0,0,0,,,CAUCASIAN/WHITE,,0,CEO,President/CEO/Division CEO,0,6/26/19,,,,,,
171,BWA,BORGWARNER INC,28742,Frederic Lissalde,Caucasian/White,0,0,M,0,1,1,0,0,0,,,CAUCASIAN/WHITE,,0,CEO,President/CEO,0,8/1/18,,,,,,
432,BXP,BOSTON PROPERTIES INC,64925,Owen Thomas,Caucasian/White,0,0,M,0,1,1,0,0,0,,,CAUCASIAN/WHITE,,0,CEO,CEO,0,4/2/13,5/19/22,,,,,
315,BSX,BOSTON SCIENTIFIC CORP,25279,Mike Mahoney,Caucasian/White,0,0,M,0,1,1,0,0,0,,,CAUCASIAN/WHITE,,0,CEO,Chairman/President/CEO,0,5/3/16,,,,,,
453,BMY,BRISTOL-MYERS SQUIBB CO,2403,Doctor Giovanni Caforio,Caucasian/White,0,0,M,0,1,1,0,0,0,,,CAUCASIAN/WHITE,,0,CEO,Chairman/CEO,0,5/2/17,11/1/23,,,,,
351,AVGO,BROADCOM INC,180711,Hock Tan,Asian/Malaysian,0,1,M,0,1,1,0,0,0,,,ASIAN (EXCLUDE INDIAN/SOUTH ASIAN),,0,CEO,President/CEO,0,8/6/09,,,,,,
137,BR,BROADRIDGE FINANCIAL SOLUTNS,176928,Timothy C. Gokey,Caucasian/White,0,0,M,0,1,1,0,0,0,,,CAUCASIAN/WHITE,,0,CEO,,0,1/2/19,,,,,,
194,BF.B,BROWN FORMAN CORP,2435,Lawson Whiting,Caucasian/White,0,0,M,0,1,1,0,0,0,,,CAUCASIAN/WHITE,,0,CEO,President/CEO,0,3/28/19,,,,,,
490,BG,BUNGE LTD,144435,Greg Heckman,Caucasian/White,0,0,M,0,1,1,0,0,0,,,CAUCASIAN/WHITE,,0,CEO,CEO,0,4/25/19,,,,,,
306,CHRW,C H ROBINSON WORLDWIDE INC,65609,Bob Biesterfeld Jr,Caucasian/White,0,0,M,0,1,1,0,0,0,,,CAUCASIAN/WHITE,,0,CEO,President/CEO,0,5/9/19,12/31/22,,,,,
352,CDNS,CADENCE DESIGN SYSTEMS INC,13421,Lip-Bu Tan,Asian/Malaysian,0,1,M,0,1,1,0,0,0,,,ASIAN (EXCLUDE INDIAN/SOUTH ASIAN),,0,CEO,CEO,0,11/16/17,12/15/21,,,,,
282,CPB,CAMPBELL SOUP CO,2663,Mark Clouse,Caucasian/White,0,0,M,0,1,1,0,0,0,,,CAUCASIAN/WHITE,,0,CEO,President/CEO,0,1/22/19,,,,,,
69,COF,CAPITAL ONE FINANCIAL CORP,30990,Rich Fairbank,Caucasian/White,0,0,M,0,1,1,0,0,0,,,CAUCASIAN/WHITE,,0,CEO,Chairman/CEO,0,4/24/03,,,,,,
261,CAH,CARDINAL HEALTH INC,2751,Mike Kaufmann,Caucasian/White,0,0,M,0,1,1,0,0,0,,,CAUCASIAN/WHITE,,0,CEO,CEO,0,9/1/19,9/1/22,,,,,
258,KMX,CARMAX INC,64410,Bill Nash,Caucasian/White,0,0,M,0,1,1,0,0,0,,,CAUCASIAN/WHITE,,0,CEO,President/CEO,0,9/1/16,,,,,,
127,CCL,CARNIVAL CORPORATION & PLC,13498,Arnold Donald,African American/Black,1,1,M,0,1,1,0,0,0,,,BLACK/AFRICAN AMERICAN,1,0,CEO,President/CEO,0,7/3/13,1/1/22,,,,,
168,CARR,CARRIER GLOBAL CORP,36191,David L. Gitlin,Caucasian/White,0,0,M,0,1,1,0,0,0,,,CAUCASIAN/WHITE,,0,CEO,,0,3/1/20,,,,,,
204,CTLT,CATALENT INC,20228,John Chiminski,Caucasian/White,0,0,M,0,1,1,0,0,0,,,CAUCASIAN/WHITE,,0,CEO,Chairman/CEO,0,2/13/19,7/1/22,,,,,
222,CAT,CATERPILLAR INC,2817,Jim Umpleby III,Caucasian/White,0,0,M,0,1,1,0,0,0,,,CAUCASIAN/WHITE,,0,CEO,Chairman/CEO,0,12/12/18,,,,,,
380,CBOE,CBOE GLOBAL MARKETS INC,184500,Ed Tilly,Caucasian/White,0,0,M,0,1,1,0,0,0,,,CAUCASIAN/WHITE,,0,CEO,Chairman/President/CEO,0,1/14/19,5/12/22,,,,,
264,CBRE,CBRE GROUP INC,260774,Bob Sulentic,Caucasian/White,0,0,M,0,1,1,0,0,0,,,CAUCASIAN/WHITE,,0,CEO,President/CEO,0,12/1/12,11/17/23,,,,,
223,CDW,CDW CORP,28320,Chris Leahy,Caucasian/White,0,0,M,0,1,1,0,0,0,,,CAUCASIAN/WHITE,,0,CEO,President/CEO,0,1/1/19,1/5/23,,,,,
265,CE,CELANESE CORP,162254,Lori J. Ryerkerk,Caucasian/White,0,0,F,1,1,1,0,0,0,,,CAUCASIAN/WHITE,,0,CEO,,0,5/1/19,,,,,,
491,CNC,CENTENE CORP,145552,Michael Neidorff,Caucasian/White,0,0,M,0,1,1,0,0,0,,,CAUCASIAN/WHITE,,0,CEO,Chairman/President/CEO,0,4/23/19,9/7/21,,,,,
329,DIS,DISNEY (WALT) CO,3980,Bob Chapek,Caucasian/White,0,0,M,0,1,1,0,0,1,Feb-20,incoming,CAUCASIAN/WHITE,,0,CEO,,0,2/25/20,12/21/24,,,,,
354,EBAY,EBAY INC,114524,Devin N. Wenig,Caucasian/White,0,0,M,0,1,0,0,0,1,Sep-19,outgoing,CAUCASIAN/WHITE,,0,CEO,,0,7/15/24,9/25/19,,,,,
84,CERN,CERNER CORP,12850,D Shafer,Caucasian/White,0,0,M,0,1,1,0,0,0,,,PREFER NOT TO DISCLOSE,,0,CEO,Chairman/CEO,0,2/1/18,10/1/21,,,,,
224,CF,CF INDUSTRIES HOLDINGS INC,163946,Tony Will,Caucasian/White,0,0,M,0,1,1,0,0,0,,,CAUCASIAN/WHITE,,0,CEO,President/CEO,0,1/2/14,,,,,,
235,CHTR,CHARTER COMMUNICATIONS INC,126136,Tom Rutledge,Caucasian/White,0,0,M,0,1,1,0,0,0,,,CAUCASIAN/WHITE,,0,CEO,Chairman/CEO,0,7/26/16,11/30/22,,,,,
340,CVX,CHEVRON CORP,2991,Mike Wirth,Caucasian/White,0,0,M,0,1,1,0,0,0,,,CAUCASIAN/WHITE,,0,CEO,Chairman/CEO,0,2/1/18,,,,,,
131,CMG,CHIPOTLE MEXICAN GRILL INC,165914,Brian Niccol,Caucasian/White,0,0,M,0,1,1,0,0,0,,,CAUCASIAN/WHITE,,0,CEO,Chairman/CEO,0,3/1/18,,,,,,
303,CHD,CHURCH & DWIGHT INC,3026,Matthew Farrell,Caucasian/White,0,0,M,0,1,1,0,0,0,,,CAUCASIAN/WHITE,,0,CEO,Chairman/President/CEO,0,5/2/19,,,,,,
242,CI,CIGNA CORP,2547,David Cordani,Caucasian/White,0,0,M,0,1,1,0,0,0,,,CAUCASIAN/WHITE,1,1,CEO,President/CEO,0,12/25/09,1/1/22,,,,,
174,CTAS,CINTAS CORP,3062,Scott Farmer,Caucasian/White,0,0,M,0,1,1,0,0,0,,,CAUCASIAN/WHITE,1,1,CEO,Chairman/CEO,0,9/30/16,5/31/21,,,,,
353,CSCO,CISCO SYSTEMS INC,20779,Chuck Robbins,Caucasian/White,0,0,M,0,1,1,0,0,0,,,CAUCASIAN/WHITE,,0,CEO,Chair/CEO,0,12/11/17,,,,,,
454,C,CITIGROUP INC,3243,Mike Corbat,Caucasian/White,0,0,M,0,1,1,0,0,0,,,CAUCASIAN/WHITE,1,1,CEO,CEO,0,10/15/12,2/26/21,,,,,
212,CFG,CITIZENS FINANCIAL GROUP INC,21825,Bruce van Saun,Caucasian/White,0,0,M,0,1,1,0,0,0,,,CAUCASIAN/WHITE,,0,CEO,Chairman/CEO,0,9/24/14,,,,,,
257,CTXS,CITRIX SYSTEMS INC,61676,David J. Henshall,Caucasian/White,0,0,M,0,1,1,0,0,0,,,CAUCASIAN/WHITE,,0,CEO,,0,7/17/24,10/21/24,,,,,
381,CME,CME GROUP INC,149070,The Hon. Terry Duffy,Caucasian/White,0,0,M,0,1,1,0,0,0,,,CAUCASIAN/WHITE,,0,CEO,Chairman/CEO,0,11/10/16,,,,,,
55,KO,COCA-COLA CO,3144,James Quincey,Caucasian/White,0,0,M,0,0,1,0,0,0,,,CAUCASIAN/WHITE,1,1,CEO,Chairman/CEO,0,4/24/19,,,,,,
182,CTSH,COGNIZANT TECH SOLUTIONS,111864,Brian Humphries,Caucasian/White,0,0,M,0,1,1,0,0,0,,,CAUCASIAN/WHITE,,0,CEO,CEO,0,4/1/19,1/12/23,,,,,
455,CL,COLGATE-PALMOLIVE CO,3170,Noel Wallace,Caucasian/White,0,0,M,0,1,1,0,0,0,,,CAUCASIAN/WHITE,,0,CEO,Chairman/President/CEO,0,4/1/19,,,,,,
437,CMCSA,COMCAST CORP,3226,Brian Roberts,Caucasian/White,0,0,M,0,1,1,0,0,0,,,CAUCASIAN/WHITE,1,1,CEO,Chairman/President/CEO,0,5/25/04,10/11/22,,,,,
266,CMA,COMERICA INC,3231,Curtis C. Farmer,Caucasian/White,0,0,M,0,1,1,0,0,0,,,CAUCASIAN/WHITE,,0,CEO,,0,4/19/24,,,,,,
379,CAG,CONAGRA BRANDS INC,3362,Sean Connolly,Caucasian/White,0,0,M,0,1,1,0,0,0,,,CAUCASIAN/WHITE,,0,CEO,President/CEO,0,4/6/15,,,,,,
150,COP,CONOCOPHILLIPS,8549,Ryan Lance,Caucasian/White,0,0,M,0,1,1,0,0,0,,,CAUCASIAN/WHITE,,0,CEO,Chairman/CEO,0,5/1/12,,,,,,
111,STZ,CONSTELLATION BRANDS,2710,Bill Newlands Jr,Caucasian/White,0,0,M,0,1,1,0,0,0,,,CAUCASIAN/WHITE,,0,CEO,President/CEO,0,3/1/19,,,,,,
44,CEG,CONSTELLATION ENE CORP,40614,Joseph Dominguez,Hispanic/Latino,0,1,M,0,1,1,0,0,0,,,CAUCASIAN/WHITE,,0,CEO,,0,3/22/24,,,,,,
339,COO,COOPER COS INC (THE),3504,Al White III,Caucasian/White,0,0,M,0,1,1,0,0,0,,,CAUCASIAN/WHITE,,0,CEO,President/CEO,0,5/1/18,,,,,,
267,CPRT,COPART INC,29901,Jay Adair,Caucasian/White,0,0,M,0,1,1,0,0,0,,,CAUCASIAN/WHITE,,0,CEO,CEO,0,2/12/10,4/1/22,,,,,
85,GLW,CORNING INC,3532,Wendell P. Weeks,Caucasian/White,0,0,M,0,1,1,0,0,0,,,CAUCASIAN/WHITE,,0,CEO,,0,4/5/24,,,,,,
246,CTVA,CORTEVA INC,35168,Jim Collins Jr,Caucasian/White,0,0,M,0,1,1,0,0,0,,,CAUCASIAN/WHITE,,0,CEO,CEO,0,6/3/19,11/1/21,,,,,
488,CSGP,COSTAR GROUP INC,112111,Andy Florance,Caucasian/White,0,0,M,0,1,1,0,0,0,,,CAUCASIAN/WHITE,,0,CEO,President/CEO,0,1/1/95,,,,,,
397,COST,COSTCO WHOLESALE CORP,29028,W Jelinek,Caucasian/White,0,0,M,0,1,1,0,0,0,,,CAUCASIAN/WHITE,,0,CEO,President/CEO,0,1/1/12,2/2/22,,,,,
151,CTRA,COTERRA ENERGY INC,20548,Dan Dinges,Caucasian/White,0,0,M,0,1,1,0,0,0,,,CAUCASIAN/WHITE,,0,CEO,Chairman/President/CEO,0,5/2/02,10/1/21,,,,,
148,CCI,CROWN CASTLE INC,113490,Jay Brown,Caucasian/White,0,0,M,0,1,1,0,0,0,,,CAUCASIAN/WHITE,,1,CEO,President/CEO,0,6/1/16,1/16/24,,,,,
117,CSX,CSX CORP,2574,Jim Foote,Caucasian/White,0,0,M,0,1,1,0,0,0,,,CAUCASIAN/WHITE,,0,CEO,President/CEO,0,12/22/17,9/26/22,,,,,
86,CMI,CUMMINS INC,3650,Tom Linebarger,Caucasian/White,0,0,M,0,1,1,0,0,0,,,CAUCASIAN/WHITE,,0,CEO,Chairman/CEO,0,1/1/12,8/1/22,,,,,
213,CVS,CVS HEALTH CORP,7241,Larry Merlo,Caucasian/White,0,0,M,0,1,1,0,0,0,,,CAUCASIAN/WHITE,,0,CEO,President/CEO,0,3/1/11,2/1/21,,,,,
115,DHI,D R HORTON INC,25340,David V. Auld,Caucasian/White,0,0,M,0,1,1,0,0,0,,,CAUCASIAN/WHITE,,0,CEO,,0,10/1/14,,,,,,
218,DRI,DARDEN RESTAURANTS INC,31846,Gene Lee Jr,Caucasian/White,0,0,M,0,1,1,0,0,0,,,CAUCASIAN/WHITE,1,1,CEO,President/CEO,0,2/22/15,5/1/22,,,,,
420,DVA,DAVITA INC,61483,Javier Rodriguez,Hispanic/Latino,0,1,M,0,1,1,0,0,0,,,HISPANIC/LATIN AMERICAN,,0,CEO,CEO,0,6/1/19,,,,,,
49,DAL,DELTA AIR LINES INC,3851,Ed Bastian,Caucasian/White,0,0,M,0,1,1,0,0,0,,,CAUCASIAN/WHITE,,0,CEO,CEO,0,5/2/16,,,,,,
35,XRAY,DENTSPLY SIRONA INC,13700,Don Casey Jr,Caucasian/White,0,0,M,0,1,1,0,0,0,,,CAUCASIAN/WHITE,,0,CEO,CEO,0,2/12/18,4/19/22,,,,,
24,DVN,DEVON ENERGY CORP,14934,Dave Hager,Caucasian/White,0,0,M,0,1,1,0,0,0,,,CAUCASIAN/WHITE,,0,CEO,President/CEO,0,6/8/16,1/7/21,,,,,
205,DXCM,DEXCOM INC,162887,Kevin Sayer,Caucasian/White,0,0,M,0,1,1,0,0,0,,,CAUCASIAN/WHITE,,0,CEO,Chairman/President/CEO,0,7/30/18,,,,,,
66,FANG,DIAMONDBACK ENERGY INC,170750,Travis Stice,Caucasian/White,0,0,M,0,1,1,0,0,0,,,CAUCASIAN/WHITE,,0,CEO,CEO,0,1/1/17,2/22/22,,,,,
335,DLR,DIGITAL REALTY TRUST INC,160991,Bill Stein,Caucasian/White,0,0,M,0,1,1,0,0,0,,,CAUCASIAN/WHITE,,0,CEO,CEO,0,5/1/15,12/13/22,,,,,
225,DFS,DISCOVER FINANCIAL SVCS,177376,Roger Hochschild,Caucasian/White,0,0,M,0,1,1,0,0,0,,,CAUCASIAN/WHITE,,0,CEO,President/CEO,0,10/1/18,8/14/23,,,,,
216,DISH,DISH NETWORK CORP,60900,W. Erik Carlson,Caucasian/White,0,0,M,0,1,1,0,0,0,,,CAUCASIAN/WHITE,,0,CEO,,0,12/5/17,,,,,,
354,EBAY,EBAY INC,114524,Scott Schenkel (Interim),Caucasian/White,0,0,M,0,1,1,0,0,1,Apr-20,interim,CAUCASIAN/WHITE,,0,CEO,CEO,1,9/25/19,4/27/20,,,,,
354,EBAY,EBAY INC,114524,Jamie Iannone,Caucasian/White,0,0,M,0,1,1,0,0,1,Apr-20,incoming,CAUCASIAN/WHITE,,0,CEO,,0,4/27/20,,,,,,
255,DG,DOLLAR GENERAL CORP,4016,Todd Vasos,Caucasian/White,0,0,M,0,1,1,0,0,0,,,CAUCASIAN/WHITE,,0,CEO,CEO,0,6/3/15,11/1/22,,,,,
341,DPZ,DOMINO'S PIZZA INC,160211,Ritch Allison Jr,Caucasian/White,0,0,M,0,1,1,0,0,0,,,CAUCASIAN/WHITE,1,1,CEO,CEO,0,7/1/18,4/26/22,,,,,
185,DOV,DOVER CORP,4058,Rich Tobin,Caucasian/White,0,0,M,0,1,1,0,0,0,,,CAUCASIAN/WHITE,,0,CEO,President/CEO,0,5/1/18,2/10/24,,,,,
96,DOW,DOW INC,34443,James R. Fitterling,Caucasian/White,0,0,M,0,1,1,0,0,0,,,CAUCASIAN/WHITE,,0,CEO,,0,7/1/18,,,,,,
296,DTE,DTE ENERGY CO,3897,Jerry Norcia,Caucasian/White,0,0,M,0,1,1,0,0,0,,,CAUCASIAN/WHITE,,0,CEO,President/CEO,0,7/1/19,5/5/22,,,,,
29,DUK,DUKE ENERGY CORP,4093,Lynn Good,Caucasian/White,0,0,M,0,1,1,0,0,0,,,CAUCASIAN/WHITE,,0,CEO,Chairman/President/CEO,0,1/1/16,,,,,,
247,DRE,DUKE REALTY CORP,13510,Jim Connor,Caucasian/White,0,0,M,0,1,1,0,0,0,,,CAUCASIAN/WHITE,,0,CEO,Chairman/CEO,0,4/26/17,10/3/22,,,,,
294,DD,DUPONT DE NEMOURS INC,4060,Edward D. Breen,Caucasian/White,0,0,M,0,1,1,0,0,0,,,CAUCASIAN/WHITE,,0,CEO,,0,2/20/24,,,,,,
65,DXC,DXC TECHNOLOGY CO,3336,Mike Salvino,Caucasian/White,0,0,M,0,1,1,0,0,0,,,CAUCASIAN/WHITE,,0,CEO,President/CEO,0,9/12/19,7/26/22,,,,,
26,EMN,EASTMAN CHEMICAL CO,29392,Mark Costa,Caucasian/White,0,0,M,0,1,1,0,0,0,,,CAUCASIAN/WHITE,,0,CEO,Chair/CEO,0,6/30/14,,,,,,
51,FLT,FLEETCOR TECHNOLOGIES INC,184700,Ron Clarke,Caucasian/White,0,0,M,0,1,1,0,0,0,,,CAUCASIAN/WHITE,,0,CEO,Chairman/President/CEO,0,12/15/10,,,,,,
226,FBHS,FORTUNE BRANDS HOME & SECUR,188255,Christopher J. Klein,Caucasian/White,0,0,M,0,1,0,0,0,1,Jan-20,outgoing,CAUCASIAN/WHITE,,0,CEO,,0,10/11/24,1/6/20,,,,,
333,ECL,ECOLAB INC,4213,Doug Baker Jr,Caucasian/White,0,0,M,0,1,1,0,0,0,,,CAUCASIAN/WHITE,,0,CEO,Chairman/CEO,0,12/2/11,1/1/21,,,,,
330,EIX,EDISON INTERNATIONAL,9846,Pedro Pizarro,Hispanic/Latino,0,1,M,0,1,1,0,0,0,,,HISPANIC/LATIN AMERICAN,,0,CEO,President/CEO,0,9/30/16,,,,,,
132,EW,EDWARDS LIFESCIENCES CORP,133366,Mike Mussallem,Caucasian/White,0,0,M,0,1,1,0,0,0,,,CAUCASIAN/WHITE,,0,CEO,Chairman/CEO,0,3/31/00,5/11/23,,,,,
412,EA,ELECTRONIC ARTS INC,16721,Andrew Wilson,Caucasian/White,0,0,M,0,1,1,0,0,0,,,CAUCASIAN/WHITE,,0,CEO,CEO,0,9/17/13,8/12/21,,,,,
248,ELV,ELEVANCE HEALTH INC,145046,Gail Boudreaux,Caucasian/White,0,0,F,1,1,1,0,0,0,,,CAUCASIAN/WHITE,,0,CEO,President/CEO,0,11/20/17,,,,,,
492,EMR,EMERSON ELECTRIC CO,4321,David Farr,Caucasian/White,0,0,M,0,1,1,0,0,0,,,CAUCASIAN/WHITE,,0,CEO,Chairman/CEO,0,10/5/10,2/5/21,,,,,
426,ENPH,ENPHASE ENERGY INC,187450,Badri Kothandaraman,Asian/Indian,0,1,M,0,1,1,0,0,0,,,INDIAN/SOUTH ASIAN,,0,CEO,President/CEO,0,9/3/17,,,,,,
440,ETR,ENTERGY CORP,7366,Leo Denault,Caucasian/White,0,0,M,0,1,1,0,0,0,,,CAUCASIAN/WHITE,1,1,CEO,Chairman/CEO,0,2/1/13,,,,,,
152,EOG,EOG RESOURCES INC,16478,Bill Thomas,Caucasian/White,0,0,M,0,1,1,0,0,0,,,CAUCASIAN/WHITE,,0,CEO,Chairman/CEO,0,1/1/14,9/30/21,,,,,
121,EPAM,EPAM SYSTEMS INC,187697,Arkadiy Dobkin,Caucasian/White,0,0,M,0,1,1,0,0,0,,,CAUCASIAN/WHITE,,0,CEO,Chairman/President/CEO,0,2/8/12,,,,,,
50,EFX,EQUIFAX INC,4423,Mark Begor,Caucasian/White,0,0,M,0,1,1,0,0,0,,,CAUCASIAN/WHITE,,0,CEO,CEO,0,4/16/18,,,,,,
413,EQIX,EQUINIX INC,138743,Charles Meyers,Caucasian/White,0,0,M,0,1,1,0,0,0,,,CAUCASIAN/WHITE,,0,CEO,President/CEO,0,9/12/18,,,,,,
382,EQR,EQUITY RESIDENTIAL,28733,Mark Parrell,Caucasian/White,0,0,M,0,1,1,0,0,0,,,CAUCASIAN/WHITE,,0,CEO,President/CEO,0,12/31/18,,,,,,
414,ESS,ESSEX PROPERTY TRUST,30293,Mike Schall,Caucasian/White,0,0,M,0,1,1,0,0,0,,,CAUCASIAN/WHITE,,0,CEO,President/CEO,0,1/1/11,3/31/23,,,,,
457,EL,ESTEE LAUDER COMPANIES INC,61567,Fabrizio Freda,Caucasian/White,0,0,M,0,1,1,0,0,0,,,CAUCASIAN/WHITE,1,1,CEO,President/CEO,0,7/1/09,,,,,,
407,ETSY,ETSY INC,23238,Josh Silverman,Caucasian/White,0,0,M,0,1,1,0,0,0,,,CAUCASIAN/WHITE,,0,CEO,President/CEO,0,5/3/17,,,,,,
106,EVRG,EVERGY INC,6338,Terry Bassham,Caucasian/White,0,0,M,0,1,1,0,0,0,,,CAUCASIAN/WHITE,,0,CEO,President/CEO,0,6/5/18,1/4/21,,,,,
173,ES,EVERSOURCE ENERGY,7970,Jim Judge,Caucasian/White,0,0,M,0,1,1,0,0,0,,,CAUCASIAN/WHITE,,0,CEO,Chairman/President/CEO,0,5/3/17,5/5/21,,,,,
383,EXC,EXELON CORP,8539,Chris Crane,Caucasian/White,0,0,M,0,1,1,0,0,0,,,CAUCASIAN/WHITE,1,1,CEO,President/CEO,0,3/12/12,10/17/22,,,,,
399,EXPE,EXPEDIA GROUP INC,126296,Mark Okerstrom,Caucasian/White,0,0,M,0,1,1,0,0,0,,,CAUCASIAN/WHITE,,0,CEO,,0,8/17/24,12/4/19,,,,,
399,EXPE,EXPEDIA GROUP INC,126296,Peter Kern,Caucasian/White,0,0,M,0,1,1,0,0,0,,,CAUCASIAN/WHITE,,0,CEO,,0,4/22/20,,,,,,
398,EXPD,EXPEDITORS INTL WASH INC,4494,Jeff Musser,Caucasian/White,0,0,M,0,1,1,0,0,0,,,CAUCASIAN/WHITE,,0,CEO,President/CEO,0,3/1/14,,,,,,
47,EXR,EXTRA SPACE STORAGE INC,160479,Joe Margolis,Caucasian/White,0,0,M,0,1,1,0,0,0,,,CAUCASIAN/WHITE,,0,CEO,CEO,0,5/18/17,,,,,,
278,XOM,EXXON MOBIL CORP,4503,Darren Woods,Caucasian/White,0,0,M,0,1,1,0,0,0,,,CAUCASIAN/WHITE,,0,CEO,Chairman/CEO,0,1/1/17,,,,,,
400,FFIV,F5 INC,121077,Francois Locoh-Donou,African American/Black,1,1,M,0,1,1,0,0,0,,,BLACK/AFRICAN AMERICAN,1,0,CEO,,0,,,,,,,
113,FAST,FASTENAL CO,14225,Dan Florness,Caucasian/White,0,0,M,0,1,1,0,0,0,,,CAUCASIAN/WHITE,,0,CEO,President/CEO,0,1/1/16,,,,,,
20,FRT,FEDERAL REALTY INVESTMENT TR,4605,Don Wood,Caucasian/White,0,0,M,0,1,1,0,0,0,,,CAUCASIAN/WHITE,,0,CEO,President/CEO,0,1/1/03,3/11/21,,,,,
252,FDX,FEDEX CORP,4598,Fred Smith,Caucasian/White,0,0,M,0,1,1,0,0,0,,,CAUCASIAN/WHITE,,0,CEO,Chairman/CEO,0,2/1/17,5/31/22,,,,,
118,FIS,FIDELITY NATIONAL INFO SVCS,165993,Gary Norcross,Caucasian/White,0,0,M,0,1,1,0,0,0,,,CAUCASIAN/WHITE,,0,CEO,Chairman/President/CEO,0,5/30/18,3/9/21,,,,,
443,FRC,FIRST REPUBLIC BANK,14275,James H. Herbert II,Caucasian/White,0,0,M,0,1,1,0,0,0,,,CAUCASIAN/WHITE,,0,CEO,,0,6/7/05,3/13/22,,,,,
140,FE,FIRSTENERGY CORP,8099,Steven E. Strah,Caucasian/White,0,0,M,0,1,0,1,0,1,10/29/20,incoming,CAUCASIAN/WHITE,,0,CEO,President/CEO,0,10/1/20,,,,,,
140,FE,FIRSTENERGY CORP,8099,Chuck Jones Jr,Caucasian/White,0,0,M,0,1,0,1,0,1,10/29/20,outgoing,CAUCASIAN/WHITE,,0,CEO,President/CEO,0,1/1/15,5/24/20,,,,,
92,FISV,FISERV INC,12635,Frank J. Bisignano,Caucasian/White,0,0,M,0,1,1,0,0,0,,,ASIAN (EXCLUDE INDIAN/SOUTH ASIAN),,0,CEO,,0,7/1/20,,,,,,
226,FBHS,FORTUNE BRANDS HOME & SECUR,188255,Nicholas Fink,Caucasian/White,0,0,M,0,1,1,0,0,1,Jan-20,incoming,CAUCASIAN/WHITE,,0,CEO,,0,1/6/20,,,,,,
411,BEN,FRANKLIN RESOURCES INC,4885,Gregory E. Johnson,Caucasian/White,0,0,M,0,1,0,0,0,1,Feb-20,outgoing,CAUCASIAN/WHITE,,0,CEO,,0,7/5/24,2/11/20,,,,,
139,FLIR,FLIR SYSTEMS INC,28477,Jim Cannon,Caucasian/White,0,0,M,0,1,1,0,0,0,,,CAUCASIAN/WHITE,,0,CEO,President/CEO,0,6/19/17,5/14/21,,,,,
268,FLS,FLOWSERVE CORP,4108,Robert Rowe,Caucasian/White,0,0,M,0,1,1,0,0,0,,,CAUCASIAN/WHITE,,0,CEO,President/CEO,0,4/1/17,,,,,,
438,FMC,FMC CORP,4510,Doctor Pierre Brondeau,Caucasian/White,0,0,M,0,1,1,0,0,0,,,CAUCASIAN/WHITE,,0,CEO,Chairman/CEO,0,6/1/18,5/31/20,,,,,
297,F,FORD MOTOR CO,4839,Jim Hackett,Caucasian/White,0,0,M,0,1,1,0,0,1,10/1/20,outgoing,CAUCASIAN/WHITE,,0,CEO,President/CEO,0,5/22/17,10/1/20,,,,,
297,F,FORD MOTOR CO,4839,James D. Farley Jr.,Caucasian/White,0,0,M,0,1,1,1,0,1,10/1/20,incoming,CAUCASIAN/WHITE,,0,CEO,,0,10/1/20,,,,,,
355,FTNT,FORTINET INC,183377,Ken Xie,Asian/Chinese,0,1,M,0,1,1,0,0,0,,,ASIAN (EXCLUDE INDIAN/SOUTH ASIAN),,0,CEO,Chairman/CEO,0,11/11/13,,,,,,
192,FTV,FORTIVE CORP,26590,Jim Lico,Caucasian/White,0,0,M,0,1,1,0,0,0,,,CAUCASIAN/WHITE,,0,CEO,President/CEO,0,7/2/16,,,,,,
411,BEN,FRANKLIN RESOURCES INC,4885,Jennifer M. Johnson,Caucasian/White,0,0,F,1,1,1,0,0,1,Feb-20,incoming,CAUCASIAN/WHITE,,0,CEO,,0,2/11/20,,,,,,
385,IEX,IDEX CORP,15267,Andrew K. Silvernail,Caucasian/White,0,0,M,0,1,1,0,0,1,Dec-20,outgoing,CAUCASIAN/WHITE,,0,CEO,,0,1/1/11,12/15/20,,,,,
458,FOXA,FOX CORP,34636,Lachlan K. Murdoch,Caucasian/White,0,0,M,0,1,1,0,0,0,,,CAUCASIAN/WHITE,,0,CEO,NA,0,3/19/24,,,,,,
385,IEX,IDEX CORP,15267,Eric D. Ashleman,Caucasian/White,0,0,M,0,1,1,0,0,1,Dec-20,incoming,CAUCASIAN/WHITE,,0,CEO,,0,12/15/20,,,,,,
22,LMT,LOCKHEED MARTIN CORP,6774,Marillyn Hewson,Caucasian/White,0,0,F,1,1,1,1,0,1,6/15/20,outgoing,,,0,CEO,President/CEO,0,,,,,,,
37,FCX,FREEPORT-MCMORAN INC,14590,Richard Adkerson,Caucasian/White,0,0,M,0,1,1,0,0,0,,,CAUCASIAN/WHITE,,0,CEO,Vice Chairman/President/CEO,0,5/31/13,2/2/21,,,,,
444,GPS,GAP INC,4990,Art Peck,Caucasian/White,0,0,M,0,1,1,0,0,0,,,CAUCASIAN/WHITE,,0,CEO,,0,2/15/24,11/19/24,,,,,
236,IT,GARTNER INC,12441,Gene Hall,Caucasian/White,0,0,M,0,1,1,0,0,0,,,CAUCASIAN/WHITE,,0,CEO,CEO,0,8/3/04,,,,,,
384,GEHC,GE HEALTHCARE TECHNOLOGI INC,41818,Kieran Murphy,Caucasian/White,0,0,M,0,1,1,0,0,0,,,CAUCASIAN/WHITE,,0,CEO,,0,6/1/17,1/3/22,,,,,
70,GD,GENERAL DYNAMICS CORP,5046,Phebe Novakovic,Caucasian/White,0,0,F,1,1,1,0,0,0,,,CAUCASIAN/WHITE,,0,CEO,Chairman/CEO,0,1/1/13,,,,,,
433,GE,GENERAL ELECTRIC CO,5047,Larry Culp Jr,Caucasian/White,0,0,M,0,1,1,0,0,0,,,CAUCASIAN/WHITE,,0,CEO,Chairman/CEO,0,9/30/18,,,,,,
307,GIS,GENERAL MILLS INC,5071,Jeffrey Harmening,Caucasian/White,0,0,M,0,1,1,0,0,0,,,CAUCASIAN/WHITE,0,0,CEO,Chairman/CEO,0,1/1/18,,,,,,
298,GM,GENERAL MOTORS CO,5073,Mary Barra,Caucasian/White,0,0,F,1,1,1,0,0,0,,,CAUCASIAN/WHITE,1,1,CEO,Chair/CEO,0,1/4/16,,,,,,
13,GPC,GENUINE PARTS CO,5125,Paul Donahue,Caucasian/White,0,0,M,0,1,1,0,0,0,,,CAUCASIAN/WHITE,,0,CEO,Chairman/CEO,0,4/22/19,,,,,,
415,GILD,GILEAD SCIENCES INC,24856,Daniel O'Day,Caucasian/White,0,0,M,0,1,1,0,0,0,,,CAUCASIAN/WHITE,0,0,CEO,Chairman/CEO,0,3/1/19,,,,,,
52,GPN,GLOBAL PAYMENTS INC,141913,Jeff Sloan,Caucasian/White,0,0,M,0,1,1,0,0,0,,,CAUCASIAN/WHITE,,0,CEO,CEO,0,6/30/14,6/1/23,,,,,
108,GL,GLOBE LIFE INC,10614,Gary Coleman,Caucasian/White,0,0,M,0,1,1,1,1,0,,,CAUCASIAN/WHITE,,0,CEO,Co-Chairman/Co-CEO,0,4/24/14,12/31/22,,,,,
108,GL,GLOBE LIFE INC,10614,Larry Hutchison,Caucasian/White,0,0,M,0,1,1,1,1,0,,,CAUCASIAN/WHITE,,0,CEO,Co-Chairman/Co-CEO,0,4/24/14,12/31/22,,,,,
459,GS,GOLDMAN SACHS GROUP INC,114628,David Solomon,Caucasian/White,0,0,M,0,1,1,0,0,0,,,CAUCASIAN/WHITE,,0,CEO,Chairman/CEO,0,1/1/19,,,,,,
227,GWW,GRAINGER (W W) INC,5256,DG Macpherson,Caucasian/White,0,0,M,0,1,1,0,0,0,,,CAUCASIAN/WHITE,,0,CEO,Chairman/CEO,0,10/1/17,,,,,,
153,HAL,HALLIBURTON CO,5439,Jeff Miller,Caucasian/White,0,0,M,0,1,1,0,0,0,,,CAUCASIAN/WHITE,,0,CEO,Chairman/President/CEO,0,1/1/19,,,,,,
243,HIG,HARTFORD FINANCIAL SERVICES,61739,Chris Swift,Caucasian/White,0,0,M,0,1,1,0,0,0,,,CAUCASIAN/WHITE,,0,CEO,Chairman/CEO,0,1/5/15,,,,,,
214,HAS,HASBRO INC,5518,Brian Goldner,Caucasian/White,0,0,M,0,1,1,0,0,0,,,CAUCASIAN/WHITE,,0,CEO,Chairman/CEO,0,2/6/17,10/12/21,,,,,
256,HCA,HCA HEALTHCARE INC,22260,Sam Hazen,Caucasian/White,0,0,M,0,1,1,0,0,0,,,CAUCASIAN/WHITE,,0,CEO,CEO,0,1/1/19,,,,,,
422,PEAK,HEALTHPEAK PROPERTIES INC,13125,Tom Herzog,Caucasian/White,0,0,M,0,1,1,0,0,0,,,CAUCASIAN/WHITE,,0,CEO,,0,1/1/17,10/6/22,,,,,
63,JKHY,HENRY (JACK) & ASSOCIATES,11811,Dave Foss,Caucasian/White,0,0,M,0,1,1,0,0,0,,,CAUCASIAN/WHITE,,0,CEO,President/CEO,0,7/1/17,7/1/21,,,,,
112,HSIC,HENRY SCHEIN INC,61494,Stan Bergman,Caucasian/White,0,0,M,0,1,1,0,0,0,,,CAUCASIAN/WHITE,,0,CEO,Chairman/CEO,0,5/18/05,,,,,,
134,HSY,HERSHEY CO,5597,Michele Buck,Caucasian/White,0,0,F,1,1,1,0,0,0,,,CAUCASIAN/WHITE,,0,CEO,Chairman/President/CEO,0,10/11/19,,,,,,
460,HES,HESS CORP,1380,John Hess,Caucasian/White,0,0,M,0,1,1,0,0,0,,,CAUCASIAN/WHITE,,0,CEO,CEO,0,5/16/13,,,,,,
154,HPE,HEWLETT PACKARD ENTERPRISE,26156,Antonio Neri,Hispanic/Argentinian,0,1,M,0,1,1,0,0,0,,,HISPANIC/LATIN AMERICAN,,0,CEO,President/CEO,0,2/1/18,,,,,,
71,HLT,HILTON WORLDWIDE HOLDINGS,5643,Chris Nassetta,Caucasian/White,0,0,M,0,1,1,0,0,0,,,CAUCASIAN/WHITE,,0,CEO,President/CEO,0,12/12/13,,,,,,
316,HOLX,HOLOGIC INC,20904,Steve MacMillan,Caucasian/White,0,0,M,0,1,1,0,0,0,,,CAUCASIAN/WHITE,,0,CEO,Chairman/President/CEO,0,6/16/15,,,,,,
30,HON,HONEYWELL INTERNATIONAL INC,1300,Darius Adamczyk,Caucasian/White,0,0,M,0,1,1,0,0,0,,,CAUCASIAN/WHITE,,0,CEO,Chairman/CEO,0,4/23/18,6/1/23,,,,,
217,HRL,HORMEL FOODS CORP,5709,Jim Snee,Caucasian/White,0,0,M,0,1,1,0,0,0,,,CAUCASIAN/WHITE,,0,CEO,Chairman/President/CEO,0,11/20/17,,,,,,
21,HST,HOST HOTELS & RESORTS INC,7063,Jim Risoleo,Caucasian/White,0,0,M,0,1,1,0,0,0,,,CAUCASIAN/WHITE,,0,CEO,President/CEO,0,1/1/17,,,,,,
199,HWM,HOWMET AEROSPACE INC,28192,John C. Plant,Caucasian/White,0,0,M,0,1,1,0,0,0,,,CAUCASIAN/WHITE,,0,CEO,,0,4/1/20,,,,,,
357,HPQ,HP INC,5606,Enrique Lores,Hispanic/Latino,0,1,M,0,1,1,0,0,0,,,HISPANIC/LATIN AMERICAN,,0,CEO,President/CEO,0,11/1/19,,,,,,
195,HUM,HUMANA INC,27914,Bruce Broussard,Caucasian/White,0,0,M,0,1,1,0,0,0,,,CAUCASIAN/WHITE,,0,CEO,President/CEO,0,1/1/13,1/8/24,,,,,
4,JBHT,HUNT (JB) TRANSPRT SVCS INC,5783,John Roberts III,Caucasian/White,0,0,M,0,1,1,0,0,0,,,CAUCASIAN/WHITE,,0,CEO,President/CEO,0,1/1/11,8/1/22,,,,,
262,HBAN,HUNTINGTON BANCSHARES,5786,Steve Steinour,Caucasian/White,0,0,M,0,1,1,0,0,0,,,CAUCASIAN/WHITE,,0,CEO,Chairman/President/CEO,0,1/14/09,,,,,,
493,HII,HUNTINGTON INGALLS IND INC,186310,Mike Petters,Caucasian/White,0,0,M,0,1,1,0,0,0,,,CAUCASIAN/WHITE,1,1,CEO,President/CEO,0,3/31/11,3/1/22,,,,,
22,LMT,LOCKHEED MARTIN CORP,6774,James D. Taiclet,Caucasian/White,0,0,M,1,1,1,1,0,1,6/15/20,incoming,CAUCASIAN/WHITE,1,0,CEO,Chairman/President/CEO,0,1/1/14,6/15/20,,,,,
32,NUE,NUCOR CORP,8030,Leon J. Topalian,Caucasian/White,0,0,M,0,1,1,0,0,1,Jan-20,incoming,CAUCASIAN/WHITE,,0,CEO,,0,1/1/20,,,,,,
280,IDXX,IDEXX LABS INC,24197,Jonathan Mazelsky,Caucasian/White,0,0,M,0,1,1,0,0,0,,,CAUCASIAN/WHITE,,0,CEO,President/CEO,0,10/23/19,,,,,,
386,ITW,ILLINOIS TOOL WORKS,5878,Ernest Santi,Caucasian/White,0,0,M,0,1,1,0,0,0,,,CAUCASIAN/WHITE,,0,CEO,Chairman/CEO,0,5/8/15,1/1/24,,,,,
206,ILMN,ILLUMINA INC,138205,Francis DeSouza,Asian/Indian,0,1,M,0,1,1,0,0,0,,,INDIAN/SOUTH ASIAN,,0,CEO,President/CEO,0,7/5/16,6/11/23,,,,,
295,INCY,INCYTE CORP,29127,Herve Hoppenot,Caucasian/White,0,0,M,0,1,1,0,0,0,,,PREFER NOT TO DISCLOSE,,0,CEO,Chairman/President/CEO,0,5/22/15,6/5/23,,,,,
31,IR,INGERSOLL RAND INC,30098,Vicente Reynal,Hispanic/Latino,0,1,M,0,1,1,0,0,0,,,,,0,CEO,President/CEO,0,5/12/17,11/9/21,,,,,
320,PODD,INSULET CORP,177227,Shacey Petrovic,Caucasian/White,0,0,F,1,1,1,0,0,0,,,CAUCASIAN/WHITE,,0,CEO,President/CEO,0,1/1/19,6/1/22,,,,,
358,INTC,INTEL CORP,6008,Bob Swan,Caucasian/White,0,0,M,0,1,1,0,0,0,,,CAUCASIAN/WHITE,,0,CEO,CEO,0,1/30/19,2/15/21,,,,,
53,ICE,INTERCONTINENTAL EXCHANGE,163610,Jeff Sprecher,Caucasian/White,0,0,M,0,1,1,0,0,0,,,CAUCASIAN/WHITE,,0,CEO,Chairman/CEO,0,11/1/02,,,,,,
462,IPG,INTERPUBLIC GROUP OF COS,6136,Michael Roth,Caucasian/White,0,0,M,0,1,1,0,0,0,,,CAUCASIAN/WHITE,,0,CEO,Chairman/CEO,0,1/19/05,1/1/21,,,,,
289,IBM,INTL BUSINESS MACHINES CORP,6066,Arvind Krishna,Asian/Indian,0,1,M,0,1,1,0,0,0,,,INDIAN/SOUTH ASIAN,,0,CEO,,0,4/6/20,,,,,,
461,IFF,INTL FLAVORS & FRAGRANCES,6078,Andreas Fibig,Caucasian/White,0,0,M,0,1,1,0,0,0,,,CAUCASIAN/WHITE,,0,CEO,Chairman/CEO,0,12/1/14,2/14/22,,,,,
253,IP,INTL PAPER CO,6104,Mark Sutton,Caucasian/White,0,0,M,0,1,1,0,0,0,,,CAUCASIAN/WHITE,,0,CEO,Chairman/CEO,0,1/1/15,,,,,,
253,IP,INTL PAPER CO,6104,Mark Sutton,Caucasian/White,0,0,M,0,1,1,0,0,0,,,CAUCASIAN/WHITE,,0,CEO,Chairman/CEO,0,1/1/15,,,,,,
359,INTU,INTUIT INC,27928,Sasan Goodarzi,Middle Eastern,0,1,M,0,1,1,0,0,0,,,MIDDLE-EASTERN/NORTH AFRICAN,,0,CEO,President/CEO,0,1/1/19,2/1/24,,,,,
360,ISRG,INTUITIVE SURGICAL INC,136725,Doctor Gary Guthart,Caucasian/White,0,0,M,0,1,1,0,0,0,,,CAUCASIAN/WHITE,,0,CEO,President/CEO,0,1/1/10,5/16/23,,,,,
54,IVZ,INVESCO LTD,29804,Marty Flanagan,Caucasian/White,0,0,M,0,1,1,0,0,0,,,CAUCASIAN/WHITE,,0,CEO,President/CEO,0,8/1/05,6/30/23,,,,,
269,INVH,INVITATION HOMES INC,30004,Dallas Tanner,Caucasian/White,0,0,M,0,1,1,0,0,0,,,CAUCASIAN/WHITE,,0,CEO,President/CEO,0,1/16/19,3/1/23,,,,,
178,IPGP,IPG PHOTONICS CORP,175955,Doctor Valentin Gapontsev,Caucasian/White,0,0,M,0,1,1,0,0,0,,,CAUCASIAN/WHITE,,0,CEO,Chairman/CEO,0,1/1/98,5/4/21,,,,,
64,IQV,IQVIA HOLDINGS INC,17928,Ari Bousbib,Caucasian/White,0,0,M,0,1,1,0,0,0,,,CAUCASIAN/WHITE,,0,CEO,Chairman/President/CEO,0,10/3/16,,,,,,
434,IRM,IRON MOUNTAIN INC,62374,Bill Meaney,Caucasian/White,0,0,M,0,1,1,0,0,0,,,CAUCASIAN/WHITE,,0,CEO,President/CEO,0,1/7/13,,,,,,
270,J,JACOBS ENGINEERING GROUP INC,6216,Steve Demetriou,Caucasian/White,0,0,M,0,1,1,0,0,0,,,CAUCASIAN/WHITE,,0,CEO,Chairman/CEO,0,7/28/16,1/24/23,,,,,
211,JNJ,JOHNSON & JOHNSON,6266,Alex Gorsky,Caucasian/White,0,0,M,0,1,1,0,0,0,,,CAUCASIAN/WHITE,,0,CEO,Chairman/CEO,0,12/28/12,1/3/22,,,,,
463,JPM,JPMORGAN CHASE & CO,2968,Jamie Dimon,Caucasian/White,0,0,M,0,1,1,0,0,0,,,CAUCASIAN/WHITE,,0,CEO,Chairman/CEO,0,1/30/18,,,,,,
361,JNPR,JUNIPER NETWORKS INC,121718,Rami Rahim,Middle Eastern,0,1,M,0,1,1,0,0,0,,,ASIAN (EXCLUDE INDIAN/SOUTH ASIAN),,0,CEO,CEO,0,11/10/14,,,,,,
107,KSU,KANSAS CITY SOUTHERN,6335,Pat Ottensmeyer,Caucasian/White,0,0,M,0,1,1,0,0,0,,,CAUCASIAN/WHITE,,0,CEO,President/CEO,0,7/1/16,12/14/21,,,,,
97,K,KELLOGG CO,6375,Steve Cahillane,Caucasian/White,0,0,M,0,1,1,0,0,0,,,CAUCASIAN/WHITE,,0,CEO,Chairman/President/CEO,0,3/16/18,,,,,,
317,KDP,KEURIG DR PEPPER INC,28877,Bob Gamgort Jr,Caucasian/White,0,0,M,0,1,1,0,0,0,,,CAUCASIAN/WHITE,,0,CEO,Chairman/President/CEO,0,1/13/19,7/29/22,,,,,
394,KEYS,KEYSIGHT TECHNOLOGIES INC,20232,Ron Nersesian,Caucasian/White,0,0,M,0,1,1,0,0,0,,,CAUCASIAN/WHITE,,0,CEO,Chairman/President/CEO,0,11/1/19,5/1/22,,,,,
271,KMB,KIMBERLY-CLARK CORP,6435,Michael D. Hsu,Asian/Taiwanese,0,1,M,0,1,1,0,0,0,,,ASIAN (EXCLUDE INDIAN/SOUTH ASIAN),,0,CEO,,0,1/1/19,,,,,,
138,KIM,KIMCO REALTY CORP,24731,Conor Flynn,Caucasian/White,0,0,M,0,1,1,0,0,0,,,CAUCASIAN/WHITE,,0,CEO,CEO,0,2/27/17,,,,,,
155,KMI,KINDER MORGAN INC,6310,Steve Kean,Caucasian/White,0,0,M,0,1,1,0,0,0,,,CAUCASIAN/WHITE,,0,CEO,CEO,0,4/18/18,8/1/23,,,,,
362,KLAC,KLA CORP,6304,Rick Wallace,Caucasian/White,0,0,M,0,1,1,0,0,0,,,CAUCASIAN/WHITE,,0,CEO,President/CEO,0,11/13/08,,,,,,
200,KHC,KRAFT HEINZ CO,5568,Miguel Patricio,Hispanic/Latino,0,1,M,0,1,1,0,0,0,,,,,0,CEO,,0,7/1/19,,,,,,
176,KR,KROGER CO,6502,William McMullen,Caucasian/White,0,0,M,0,1,1,0,0,0,,,CAUCASIAN/WHITE,,0,CEO,Chairman/CEO,0,1/1/15,,,,,,
95,LHX,L3HARRIS TECHNOLOGIES INC,5492,Bill Brown,Caucasian/White,0,0,M,0,1,1,0,0,0,,,CAUCASIAN/WHITE,,0,CEO,Chairman (Executive)/CEO,0,6/29/19,6/29/21,,,,,
427,LRCX,LAM RESEARCH CORP,6565,Tim Archer,Caucasian/White,0,0,M,0,1,1,0,0,0,,,CAUCASIAN/WHITE,,0,CEO,President/CEO,0,12/5/18,,,,,,
104,LW,LAMB WESTON HOLDINGS INC,28790,Tom Werner,Caucasian/White,0,0,M,0,1,1,0,0,0,,,CAUCASIAN/WHITE,,0,CEO,President/CEO,0,11/9/16,,,,,,
135,LVS,LAS VEGAS SANDS CORP,161844,Sheldon Adelson,Caucasian/White,0,0,M,0,1,1,0,0,0,,,CAUCASIAN/WHITE,,0,CEO,Chairman/CEO/Treasurer,0,8/1/04,1/11/21,,,,,
76,LEG,LEGGETT & PLATT INC,6649,Karl G. Glassman,Caucasian/White,0,0,M,0,1,1,0,0,0,,,CAUCASIAN/WHITE,,0,CEO,,0,1/1/16,12/31/21,,,,,
72,LDOS,LEIDOS HOLDINGS INC,165123,Roger Krone,Caucasian/White,0,0,M,0,1,1,0,0,0,,,CAUCASIAN/WHITE,,0,CEO,Chairman/CEO,0,3/20/15,5/3/23,,,,,
249,LLY,LILLY (ELI) & CO,6730,David Ricks,Caucasian/White,0,0,M,0,1,1,0,0,0,,,CAUCASIAN/WHITE,1,1,CEO,Chair/President/CEO,1,6/1/17,,,,,,
187,LNC,LINCOLN NATIONAL CORP,6742,Dennis Glass,Caucasian/White,0,0,M,0,1,1,0,0,0,,,CAUCASIAN/WHITE,,0,CEO,President/CEO,0,7/6/07,5/27/22,,,,,
331,LYV,LIVE NATION ENTERTAINMENT,165746,Michael Rapino,Caucasian/White,0,0,M,0,1,1,0,0,0,,,CAUCASIAN/WHITE,,0,CEO,President/CEO,0,1/1/18,,,,,,
387,LKQ,LKQ CORP,155394,Nick Zarcone,Caucasian/White,0,0,M,0,1,1,0,0,0,,,CAUCASIAN/WHITE,,0,CEO,President/CEO,0,5/31/17,,,,,,
464,L,LOEWS CORP,6781,Jim Tisch,Caucasian/White,0,0,M,0,1,1,0,0,0,,,CAUCASIAN/WHITE,,0,CEO,President/CEO,0,1/1/99,,,,,,
3,LOW,LOWE'S COS INC,6829,Marvin Ellison,African American/Black,1,1,M,0,1,1,0,0,0,,,BLACK/AFRICAN AMERICAN,,0,CEO,President/CEO,0,7/2/18,6/1/21,,,,,
88,LUMN,LUMEN TECHNOLOGIES INC,2884,Jeff Storey,Caucasian/White,0,0,M,0,1,1,0,0,0,,,CAUCASIAN/WHITE,,0,CEO,President/CEO,0,5/23/18,11/7/22,,,,,
156,LYB,LYONDELLBASELL INDUSTRIES NV,294524,Bob Patel,Asian/Indian,0,1,M,0,1,1,0,0,0,,,INDIAN/SOUTH ASIAN,,0,CEO,CEO,0,6/1/18,12/31/21,,,,,
167,MTB,M & T BANK CORP,4699,Rene Jones,African American/Black,1,1,M,0,1,1,0,0,0,,,CAUCASIAN/WHITE,1,0,CEO,Chairman/CEO,0,12/20/17,,,,,,
157,MRO,MARATHON OIL CORP,7017,Lee Tillman,Caucasian/White,0,0,M,0,1,1,0,0,0,,,CAUCASIAN/WHITE,,0,CEO,Chairman/President/CEO,0,2/1/19,,,,,,
81,MPC,MARATHON PETROLEUM CORP,186989,Marvin Haasen,Caucasian/White,0,0,M,0,1,1,0,0,0,,,CAUCASIAN/WHITE,,0,CEO,President/CEO,0,11/1/12,7/17/23,,,,,
467,MKTX,MARKETAXESS HOLDINGS INC,158742,Rick McVey,Caucasian/White,0,0,M,0,1,1,0,0,0,,,CAUCASIAN/WHITE,,0,CEO,Chairman/CEO,0,9/13/06,4/3/23,,,,,
23,MAR,MARRIOTT INTL INC,28930,Arne Sorenson,Caucasian/White,0,0,M,0,1,1,0,0,0,,,CAUCASIAN/WHITE,,0,CEO,President/CEO,0,3/31/12,2/15/21,,,,,
468,MMC,MARSH & MCLENNAN COS,7065,Dan Glaser,Caucasian/White,0,0,M,0,1,1,0,0,0,,,CAUCASIAN/WHITE,0,0,CEO,President/CEO,0,1/1/13,,,,,,
18,MLM,MARTIN MARIETTA MATERIALS,29733,Ward Nye,Caucasian/White,0,0,M,0,1,1,0,0,0,,,CAUCASIAN/WHITE,,0,CEO,Chairman/President/CEO,0,5/22/14,,,,,,
299,MAS,MASCO CORP,7085,Keith Allman,Caucasian/White,0,0,M,0,1,1,0,0,0,,,CAUCASIAN/WHITE,,0,CEO,President/CEO,0,2/14/14,,,,,,
290,MA,MASTERCARD INC,160225,Ajay Banga,Asian/Indian,0,1,M,0,1,1,0,0,0,,,INDIAN/SOUTH ASIAN,,0,CEO,,0,7/1/10,12/31/20,,,,,
363,MXIM,MAXIM INTEGRATED PRODUCTS,14256,Tunc Doluca,Middle Eastern/Turkish,0,1,M,0,1,1,0,0,0,,,MIDDLE-EASTERN/NORTH AFRICAN,,0,CEO,President/CEO,0,1/1/07,8/26/21,,,,,
8,MKC,MCCORMICK & CO INC,7146,Lawrence Kurzius,Caucasian/White,0,0,M,0,1,1,0,0,0,,,CAUCASIAN/WHITE,,0,CEO,Chairman/President/CEO,0,1/31/17,6/1/22,,,,,
388,MCD,MCDONALD'S CORP,7154,Chris Kempczinski,Caucasian/White,0,0,M,0,1,1,0,0,0,,,CAUCASIAN/WHITE,,0,CEO,,0,,,,,,,
273,MCK,MCKESSON CORP,7171,Doctor Brian Tyler,Caucasian/White,0,0,M,0,1,1,0,0,0,,,CAUCASIAN/WHITE,,0,CEO,CEO,0,4/1/19,,,,,,
288,MRK,MERCK & CO,7257,Kenneth Frazier,African American/Black,1,1,F,1,1,1,0,0,0,,,BLACK/AFRICAN AMERICAN,1,0,CEO,Chairman/President/CEO,0,12/1/11,4/1/21,,,,,
416,META,META PLATFORMS INC,170617,Mark Zuckerberg,Caucasian/White,0,0,M,0,1,1,0,0,0,,,CAUCASIAN/WHITE,,0,CEO,Chairman/CEO,0,5/18/12,,,,,,
466,MET,METLIFE INC,133768,Michel Khalaf,Middle Eastern,0,1,M,0,1,1,0,0,0,,,MIDDLE-EASTERN/NORTH AFRICAN,,0,CEO,President/CEO,0,5/1/19,,,,,,
103,MTD,METTLER-TOLEDO INTL INC,65772,Olivier Filliol,Caucasian/White,0,0,M,0,1,1,0,0,0,,,CAUCASIAN/WHITE,0,0,CEO,President/CEO,0,1/1/09,3/31/21,,,,,
38,MCHP,MICROCHIP TECHNOLOGY INC,27965,Steve Sanghi,Asian/Indian,0,1,M,0,1,1,0,0,0,,,INDIAN/SOUTH ASIAN,,0,CEO,Chairman/CEO,0,2/3/16,3/1/21,,,,,
105,MU,MICRON TECHNOLOGY INC,7343,Sanjay Mehrotra,Asian/Indian,0,1,M,0,1,1,0,0,0,,,INDIAN/SOUTH ASIAN,,0,CEO,President/CEO,0,5/8/17,,,,,,
401,MSFT,MICROSOFT CORP,12141,Satya Nadella,Asian/Indian,0,1,M,0,1,1,0,0,0,,,INDIAN/SOUTH ASIAN,,0,CEO,CEO,0,2/4/14,6/16/21,,,,,
254,MAA,MID-AMERICA APT CMNTYS INC,29649,H Bolton Jr,Caucasian/White,0,0,M,0,1,1,0,0,0,,,CAUCASIAN/WHITE,,0,CEO,Chairman/President/CEO,0,10/1/02,,,,,,
318,MRNA,MODERNA INC,34410,Stephane Bancel,Caucasian/White,0,0,M,0,1,1,0,0,0,,,CAUCASIAN/WHITE,,0,CEO,CEO,0,12/7/18,,,,,,
1,MHK,MOHAWK INDUSTRIES INC,25119,Jeff Lorberbaum,Caucasian/White,0,0,M,0,1,1,0,0,0,,,CAUCASIAN/WHITE,,0,CEO,Chairman/CEO,0,11/4/09,,,,,,
184,TAP,MOLSON COORS BEVERAGE CO,3505,Gavin Hattersley,Caucasian/White,0,0,M,0,1,1,0,0,0,,,CAUCASIAN/WHITE,,0,CEO,President/CEO,0,9/28/19,,,,,,
389,MDLZ,MONDELEZ INTERNATIONAL INC,142953,Doctor Dirk van de Put,Caucasian/White,0,0,M,0,1,1,0,0,0,,,CAUCASIAN/WHITE,1,1,CEO,Chairman/CEO,0,4/1/18,,,,,,
123,MNST,MONSTER BEVERAGE CORP,24316,Rodney Sacks,Caucasian/White,0,0,M,0,1,1,0,0,0,,,CAUCASIAN/WHITE,,0,CEO,Chairman/CEO,0,7/1/96,1/13/21,,,,,
465,MCO,MOODY'S CORP,139665,Raymond McDaniel Jr,Caucasian/White,0,0,M,0,1,1,0,0,0,,,CAUCASIAN/WHITE,,0,CEO,President/CEO,0,4/19/12,12/31/20,,,,,
469,MS,MORGAN STANLEY,12124,James Gorman,Caucasian/White,0,0,M,0,1,1,0,0,0,,,CAUCASIAN/WHITE,,0,CEO,Chairman/CEO,0,1/1/12,1/1/24,,,,,
122,MOS,MOSAIC CO,162129,Joc O'Rourke,Caucasian/White,0,0,M,0,1,1,0,0,0,,,CAUCASIAN/WHITE,,0,CEO,President/CEO,0,8/5/15,8/29/23,,,,,
390,MSI,MOTOROLA SOLUTIONS INC,7585,Greg Brown,Caucasian/White,0,0,M,0,1,1,0,0,0,,,CAUCASIAN/WHITE,,0,CEO,Chairman/CEO,0,5/3/11,,,,,,
470,MSCI,MSCI INC,178507,Henry Fernandez,Hispanic/Latino,0,1,M,0,1,1,0,0,0,,,HISPANIC/LATIN AMERICAN,,0,CEO,Chairman/CEO,0,10/31/17,,,,,,
471,NDAQ,NASDAQ INC,149337,Adena Friedman,Caucasian/White,0,0,F,1,1,1,0,0,0,,,CAUCASIAN/WHITE,,0,CEO,President/CEO,0,1/1/17,1/1/23,,,,,
57,NWL,NEWELL BRANDS INC,7875,Ravi Saligram,Asian/Indian,0,1,M,0,1,1,0,0,0,,,INDIAN/SOUTH ASIAN,,0,CEO,President/CEO,0,10/2/19,5/5/22,,,,,
421,NEM,NEWMONT CORP,7881,Tom Palmer,Caucasian/White,0,0,M,0,1,1,0,0,0,,,CAUCASIAN/WHITE,,0,CEO,President/CEO,0,10/1/19,,,,,,
473,NWSA,NEWS CORP,18043,Robert Thomson,Caucasian/White,0,0,M,0,1,1,0,0,0,,,CAUCASIAN/WHITE,,0,CEO,CEO,0,6/28/13,,,,,,
169,NEE,NEXTERA ENERGY INC,4517,Jim Robo,Caucasian/White,0,0,M,0,1,1,0,0,0,,,CAUCASIAN/WHITE,,0,CEO,Chairman/President/CEO,0,12/13/13,3/1/22,,,,,
472,NLSN,NIELSEN HOLDINGS PLC,100873,David Kenny,Caucasian/White,0,0,M,0,1,1,0,0,0,,,CAUCASIAN/WHITE,1,1,CEO,CEO/Chief Diversity Officer,0,1/1/19,3/23/21,,,,,
279,NKE,NIKE INC -CL B,7906,John Donahoe,Caucasian/White,0,0,M,0,1,1,0,0,0,,,CAUCASIAN/WHITE,,0,CEO,,0,1/13/20,,,,,,
172,NI,NISOURCE INC,7974,Joe Hamrock,Caucasian/White,0,0,M,0,1,1,0,0,0,,,CAUCASIAN/WHITE,1,1,CEO,President/CEO,0,7/1/15,2/14/22,,,,,
56,NSC,NORFOLK SOUTHERN CORP,7923,Jim Squires,Caucasian/White,0,0,M,0,1,1,0,0,0,,,CAUCASIAN/WHITE,,0,CEO,Chairman/President/CEO,0,10/1/15,12/1/21,,,,,
391,NTRS,NORTHERN TRUST CORP,7982,Mike O'Grady,Caucasian/White,0,0,M,0,1,1,0,0,0,,,CAUCASIAN/WHITE,1,1,CEO,Chairman/President/CEO,0,1/23/19,,,,,,
73,NOC,NORTHROP GRUMMAN CORP,7985,Kathy Warden,Caucasian/White,0,0,F,1,1,1,0,0,0,,,CAUCASIAN/WHITE,,0,CEO,Chair/President/CEO,0,8/1/19,,,,,,
39,NLOK,NORTONLIFELOCK INC (Pre Symantec),15855,Vincent Pilette,Caucasian/White,0,0,M,0,1,1,0,0,0,,,CAUCASIAN/WHITE,,1,CEO,NA,0,4/14/99,,,,,,
129,NCLH,NORWEGIAN CRUISE LINE HLDGS,104432,Frank Del Rio,Hispanic/Latino,0,1,M,0,1,1,0,0,0,,,HISPANIC/LATIN AMERICAN,,0,CEO,President/CEO,0,8/4/15,6/30/23,,,,,
158,NOV,NOV INC,63892,Clay Williams,Caucasian/White,0,0,M,0,1,1,0,0,0,,,CAUCASIAN/WHITE,,0,CEO,Chairman/President/CEO,0,5/30/14,,,,,,
159,NRG,NRG ENERGY INC,135990,Mauricio Gutierrez,Hispanic/Mexican,0,1,M,0,1,1,0,0,0,,,HISPANIC/LATIN AMERICAN,,0,CEO,President/CEO,0,1/4/16,,,,,,
32,NUE,NUCOR CORP,8030,John J. Ferriola,Caucasian/White,0,0,M,0,1,0,0,0,1,Jan-20,outgoing,CAUCASIAN/WHITE,,0,CEO,,0,1/1/13,12/31/19,,,,,
428,PCG,PG&E CORP,8264,Bill Smith,Caucasian/White,0,0,M,0,1,1,1,0,1,6/30/20,outgoing,CAUCASIAN/WHITE,,0,CEO,Interim CEO,1,,,,,,,
367,NVDA,NVIDIA CORP,117768,Jensen Huang,Asian/Taiwanese,0,1,M,0,1,1,0,0,0,,,ASIAN (EXCLUDE INDIAN/SOUTH ASIAN),,0,CEO,President/CEO,0,4/1/93,,,,,,
93,ORLY,O'REILLY AUTOMOTIVE INC,28180,Gregory D. Johnson,Caucasian/White,0,0,M,0,1,1,0,0,0,,,CAUCASIAN/WHITE,,0,CEO,,0,1/8/18,,,,,,
160,OXY,OCCIDENTAL PETROLEUM CORP,8068,Vicki Hollub,Caucasian/White,0,0,F,1,1,1,0,0,0,,,CAUCASIAN/WHITE,,0,CEO,President/CEO,0,4/29/16,,,,,,
2,ODFL,OLD DOMINION FREIGHT,24617,Greg Gantt,Caucasian/White,0,0,M,0,1,1,0,0,0,,,CAUCASIAN/WHITE,,0,CEO,President/CEO,0,5/16/18,6/30/23,,,,,
474,OMC,OMNICOM GROUP INC,4066,John Wren III,Caucasian/White,0,0,M,0,1,1,0,0,0,,,CAUCASIAN/WHITE,,0,CEO,Chairman/CEO,0,5/22/18,,,,,,
9,OKE,ONEOK INC,8151,Terry Spencer,Caucasian/White,0,0,M,0,1,1,1,0,0,,,CAUCASIAN/WHITE,0,0,CEO,President/CEO,0,1/31/14,6/28/21,,,,,
336,ORCL,ORACLE CORP,12142,Safra Catz,Caucasian/White,0,0,F,1,1,1,0,0,0,,,CAUCASIAN/WHITE,1,1,CEO,CEO,0,10/18/19,,,,,,
343,OGN,ORGANON & CO,38821,Kevin Ali,Caucasian/White,0,0,M,0,0,0,0,0,0,,,CAUCASIAN/WHITE,,0,CEO,CEO,0,6/1/21,,,,,,
244,OTIS,OTIS WORLDWIDE CORP,36190,Judy Marks,Caucasian/White,0,0,F,1,1,1,0,0,0,,,CAUCASIAN/WHITE,,0,CEO,,0,4/3/20,,,,,,
402,PCAR,PACCAR INC,8253,R Feight,Caucasian/White,0,0,M,0,1,1,0,0,0,,,CAUCASIAN/WHITE,,0,CEO,CEO,0,7/1/19,,,,,,
228,PKG,PACKAGING CORP OF AMERICA,128978,Mark Kowlzan,Caucasian/White,0,0,M,0,1,1,0,0,0,,,CAUCASIAN/WHITE,,0,CEO,Chairman/CEO,0,1/1/16,,,,,,
475,PARA,PARAMOUNT GLOBAL,13714,George Cheeks,Caucasian/White,0,0,M,0,1,1,0,0,1,3/23/20,incoming,CAUCASIAN/WHITE,0,0,CEO,President/CEO,0,12/4/19,,,,,,
475,PARA,PARAMOUNT GLOBAL,13714,Joseph Ianniello,Caucasian/White,0,0,M,0,1,0,1,0,1,3/23/20,outgoing,CAUCASIAN/WHITE,,0,CEO,,0,,3/23/20,,,,,
285,PH,PARKER-HANNIFIN CORP,8358,Tom Williams,Caucasian/White,0,0,M,0,1,1,0,0,0,,,CAUCASIAN/WHITE,,0,CEO,Chairman/CEO,0,1/1/16,1/1/23,,,,,
193,PAYX,PAYCHEX INC,8402,Martin Mucci,Caucasian/White,0,0,M,0,1,1,0,0,0,,,CAUCASIAN/WHITE,,0,CEO,President/CEO,0,10/14/10,12/1/21,,,,,
25,PAYC,PAYCOM SOFTWARE INC,20116,Chad Richison,Caucasian/White,0,0,M,0,1,1,0,0,0,,,CAUCASIAN/WHITE,,0,CEO,Chairman/President/CEO,0,8/1/16,2/7/24,,,,,
368,PYPL,PAYPAL HOLDINGS INC,24616,Dan Schulman,Caucasian/White,0,0,M,0,1,1,0,0,0,,,CAUCASIAN/WHITE,,0,CEO,President/CEO,0,7/17/15,9/27/23,,,,,
237,PBCT,PEOPLE'S UNITED FINL INC,16245,Jack Barnes,Caucasian/White,0,0,M,0,1,1,0,0,0,,,CAUCASIAN/WHITE,,0,CEO,Chairman/CEO,0,6/26/18,4/4/22,,,,,
291,PEP,PEPSICO INC,8479,Ramon Laguarta,Hispanic/Latino,0,1,M,0,1,1,0,0,0,,,HISPANIC/LATIN AMERICAN,,0,CEO,Chairman/President/CEO,0,2/1/19,,,,,,
319,PKI,PERKINELMER INC,4145,Prahlad Singh,Asian/Indian,0,1,M,0,1,1,0,0,0,,,INDIAN/SOUTH ASIAN,,0,CEO,President/CEO,0,12/1/19,,,,,,
476,PFE,PFIZER INC,8530,Albert Bourla,Caucasian/White,0,0,M,0,1,1,0,0,0,,,CAUCASIAN/WHITE,,0,CEO,,0,1/1/19,,,,,,
477,PM,PHILIP MORRIS INTERNATIONAL,179621,Andre Calantzopoulos,Caucasian/White,0,0,M,0,1,1,0,0,0,,,CAUCASIAN/WHITE,,0,CEO,CEO,0,5/8/13,5/5/21,,,,,
161,PSX,PHILLIPS 66,170841,Greg Garland,Caucasian/White,0,0,M,0,1,1,0,0,0,,,CAUCASIAN/WHITE,,0,CEO,Chairman/CEO,0,6/1/14,7/1/22,,,,,
41,PNW,PINNACLE WEST CAPITAL CORP,1075,Jeff Guldner,Caucasian/White,0,0,M,0,1,1,0,0,0,,,CAUCASIAN/WHITE,,0,CEO,Chairman/President/CEO,0,11/15/19,,,,,,
275,PXD,PIONEER NATURAL RESOURCES CO,14359,Scott Sheffield,Caucasian/White,0,0,M,0,1,1,0,0,0,,,CAUCASIAN/WHITE,,0,CEO,President/CEO,0,2/21/19,1/1/21,,,,,
201,PNC,PNC FINANCIAL SVCS GROUP INC,8245,William Demchak,Caucasian/White,0,0,M,0,1,1,0,0,0,,,CAUCASIAN/WHITE,,0,CEO,Chairman/President/CEO,0,4/22/14,2/20/24,,,,,
79,POOL,POOL CORP,61420,Pete Arvan,Caucasian/White,0,0,M,0,1,1,0,0,0,,,CAUCASIAN/WHITE,,0,CEO,President/CEO,0,7/31/19,,,,,,
202,PPG,PPG INDUSTRIES INC,8247,Michael McGarry,Caucasian/White,0,0,M,0,1,1,0,0,0,,,CAUCASIAN/WHITE,,0,CEO,Chairman/CEO,0,9/1/16,1/1/23,,,,,
125,PPL,PPL CORP,8455,Bill Spence,Caucasian/White,0,0,M,0,1,1,0,0,1,6/1/20,outgoing,CAUCASIAN/WHITE,,0,CEO,Chairman/CEO,0,7/1/19,5/31/20,,,,,
125,PPL,PPL CORP,8455,Vincent Sorgi,Caucasian/White,0,0,M,0,1,1,0,0,1,6/1/20,incoming,CAUCASIAN/WHITE,,0,CEO,Chairman/CEO,0,6/1/20,,,,,,
45,TROW,PRICE (T. ROWE) GROUP,12138,William Stromberg,Caucasian/White,0,0,M,0,1,1,0,0,0,,,CAUCASIAN/WHITE,0,0,CEO,Chairman/President/CEO,0,4/25/19,2/11/21,,,,,
68,PFG,PRINCIPAL FINANCIAL GRP INC,145701,Dan Houston,Caucasian/White,0,0,M,0,1,1,0,0,0,,,CAUCASIAN/WHITE,,0,CEO,Chairman/President/CEO,0,5/17/16,,,,,,
177,PG,PROCTER & GAMBLE CO,8762,David Taylor,Caucasian/White,0,0,M,0,1,1,0,0,0,,,CAUCASIAN/WHITE,,0,CEO,Chairman/President/CEO,0,7/1/16,11/1/21,,,,,
284,PGR,PROGRESSIVE CORP-OHIO,13341,Tricia Griffith,Caucasian/White,0,0,F,1,1,1,0,0,0,,,CAUCASIAN/WHITE,,0,CEO,President/CEO,0,7/1/16,,,,,,
445,PLD,PROLOGIS INC,29984,Hamid Moghadam,Middle Eastern,0,1,M,0,1,1,0,0,0,,,MIDDLE-EASTERN/NORTH AFRICAN,,0,CEO,Chairman/CEO,0,1/1/13,,,,,,
410,PRU,PRUDENTIAL FINANCIAL INC,143356,Charlie Lowrey Jr,Caucasian/White,0,0,M,0,1,1,0,0,0,,,CAUCASIAN/WHITE,,0,CEO,Chairman/President/CEO,0,4/5/19,,,,,,
409,PEG,PUBLIC SERVICE ENTRP GRP INC,8810,Doctor Ralph Izzo,Caucasian/White,0,0,M,0,1,1,0,0,0,,,CAUCASIAN/WHITE,,0,CEO,Chairman/President/CEO,0,4/1/07,8/31/22,,,,,
332,PSA,PUBLIC STORAGE,10096,Joe Russell Jr,Caucasian/White,0,0,M,0,1,1,0,0,0,,,CAUCASIAN/WHITE,,0,CEO,President/CEO,0,1/1/19,,,,,,
58,PHM,PULTEGROUP INC,8823,Ryan Marshall,Caucasian/White,0,0,M,0,1,1,0,0,0,,,CAUCASIAN/WHITE,,0,CEO,President/CEO,0,9/8/16,,,,,,
478,PVH,PVH CORP,8551,Manny Chirico,Caucasian/White,0,0,M,0,1,1,0,0,0,,,CAUCASIAN/WHITE,,0,CEO,Chairman/CEO,0,6/19/07,2/1/21,,,,,
15,QRVO,QORVO INC,64853,Bob Bruggeworth,Caucasian/White,0,0,M,0,1,1,0,0,0,,,CAUCASIAN/WHITE,,0,CEO,President/CEO,0,1/2/15,,,,,,
208,QCOM,QUALCOMM INC,24800,Steve Mollenkopf,Caucasian/White,0,0,M,0,1,1,1,0,0,,,CAUCASIAN/WHITE,,0,CEO,CEO,0,3/4/14,6/30/21,,,,,
162,PWR,QUANTA SERVICES INC,66446,Duke Austin Jr,Caucasian/White,0,0,M,0,1,1,0,0,0,,,CAUCASIAN/WHITE,,0,CEO,President/CEO/COO,0,3/14/16,1/26/22,,,,,
342,DGX,QUEST DIAGNOSTICS INC,64166,Steve Rusckowski,Caucasian/White,0,0,M,0,1,1,0,0,0,,,CAUCASIAN/WHITE,,0,CEO,Chairman/President/CEO,0,1/1/17,11/1/22,,,,,
479,RL,RALPH LAUREN CORP,64891,Patrice Louvet,Caucasian/White,0,0,M,0,1,1,0,0,0,,,CAUCASIAN/WHITE,1,1,CEO,President/CEO,0,7/3/17,,,,,,
116,RJF,RAYMOND JAMES FINANCIAL INC,8898,Paul Reilly,Caucasian/White,0,0,M,0,1,1,0,0,0,,,CAUCASIAN/WHITE,,0,CEO,Chairman/CEO,0,2/16/17,,,,,,
321,RTN,RAYTHEON CO,8972,Gregory J. Hayes,Caucasian/White,0,0,M,0,0,1,0,0,1,4/1/20,incoming,CAUCASIAN/WHITE,1,1,CEO,NA,0,4/1/20,,,,,,
321,RTN,RAYTHEON CO,8972,Thomas A. Kennedy,Caucasian/White,0,0,M,0,0,0,0,0,1,4/1/20,outgoing,CAUCASIAN/WHITE,1,0,CEO,NA,0,3/1/14,4/1/20,,,,,
322,RTX,RAYTHEON TECHNOLOGIES CORP,10983,Gregory J. Hayes,Caucasian/White,0,0,M,0,1,1,0,0,0,,,CAUCASIAN/WHITE,,0,CEO,,0,4/3/20,,,,,,
207,O,REALTY INCOME CORP,30822,Sumit Roy,Asian/Indian,0,1,M,0,1,1,0,0,0,,,INDIAN/SOUTH ASIAN,,0,CEO,President/CEO,0,10/16/18,,,,,,
19,RHT,RED HAT INC,122841,Paul Cormier,Caucasian/White,0,0,F,1,1,1,0,0,0,,,CAUCASIAN/WHITE,,0,CEO,President/CEO,0,4/1/20,7/1/22,,,,,
119,REG,REGENCY CENTERS CORP,29099,Lisa Palmer,Caucasian/White,0,0,M,0,1,1,0,0,0,,,CAUCASIAN/WHITE,,0,CEO,President/CEO,0,1/1/20,,,,,,
292,REGN,REGENERON PHARMACEUTICALS,23812,Doctor Len Schleifer,Caucasian/White,0,0,M,0,1,1,0,0,0,,,CAUCASIAN/WHITE,,0,CEO,President/CEO,0,1/1/94,6/9/23,,,,,
144,RF,REGIONS FINANCIAL CORP,4674,John Turner Jr,Caucasian/White,0,0,M,0,1,1,0,0,0,,,CAUCASIAN/WHITE,,0,CEO,President/CEO,0,7/2/18,,,,,,
42,RSG,REPUBLIC SERVICES INC,112168,Don Slager,Caucasian/White,0,0,M,0,1,1,0,0,0,,,CAUCASIAN/WHITE,,0,CEO,CEO,0,5/1/19,5/21/21,,,,,
209,RMD,RESMED INC,31887,Mick Farrell,Caucasian/White,0,0,M,0,1,1,0,0,0,,,OTHER,,0,CEO,CEO,0,3/1/13,1/25/23,,,,,
417,RHI,ROBERT HALF INTL INC,2312,Michael Waddell,Caucasian/White,0,0,M,0,1,1,0,0,0,,,CAUCASIAN/WHITE,,0,CEO,Vice Chairman/CEO/President,0,12/15/19,,,,,,
301,ROK,ROCKWELL AUTOMATION,9203,Blake Moret,Caucasian/White,0,0,M,0,1,1,0,0,0,,,CAUCASIAN/WHITE,,0,CEO,Chairman/President/CEO,0,1/1/18,,,,,,
99,ROP,ROPER TECHNOLOGIES INC,24925,Laurence Hunn,Caucasian/White,0,0,M,0,1,1,0,0,0,,,CAUCASIAN/WHITE,,0,CEO,President/CEO,0,9/19/18,,,,,,
429,ROST,ROSS STORES INC,9248,Barbara Rentler,Caucasian/White,0,0,F,1,1,1,0,0,0,,,CAUCASIAN/WHITE,,0,CEO,CEO,0,6/1/14,5/19/21,,,,,
130,RCL,ROYAL CARIBBEAN GROUP,28191,Richard Fain,Caucasian/White,0,0,M,0,1,1,0,0,0,,,CAUCASIAN/WHITE,,0,CEO,Chairman/CEO,0,4/1/88,1/3/22,,,,,
481,SPGI,S&P GLOBAL INC,7163,Doug Peterson,Caucasian/White,0,0,M,0,1,1,0,0,0,,,CAUCASIAN/WHITE,,0,CEO,President/CEO,0,11/1/13,,,,,,
442,CRM,SALESFORCE INC,157855,Marc Benioff,Caucasian/White,0,0,M,0,1,1,0,0,0,,,CAUCASIAN/WHITE,,0,CEO,,0,6/21/05,,,,,,
170,SBAC,SBA COMMUNICATIONS CORP,121382,Jeff Stoops,Caucasian/White,0,0,M,0,1,1,0,0,0,,,CAUCASIAN/WHITE,,0,CEO,President/CEO,0,1/1/02,12/31/23,,,,,
163,SLB,SCHLUMBERGER LTD,9465,Olivier Le Peuch,Caucasian/White,0,0,M,0,1,1,0,0,0,,,CAUCASIAN/WHITE,,0,CEO,CEO,0,8/1/19,,,,,,
100,SCHW,SCHWAB (CHARLES) CORP,13988,Walt Bettinger II,Caucasian/White,0,0,M,0,1,1,0,0,0,,,CAUCASIAN/WHITE,,0,CEO,President/CEO,0,10/1/08,10/15/21,,,,,
33,SEE,SEALED AIR CORP,9555,Ted Doheny II,Caucasian/White,0,0,M,0,1,1,0,0,0,,,CAUCASIAN/WHITE,,0,CEO,President/CEO,0,1/1/18,10/23/23,,,,,
210,SRE,SEMPRA ENERGY,8272,Jeffrey W. Martin,Caucasian/White,0,0,M,0,1,1,0,0,0,,,CAUCASIAN/WHITE,0,0,CEO,NA,0,,,,,,,
365,NOW,SERVICENOW INC,171007,Bill McDermott,Caucasian/White,0,0,M,0,1,1,0,0,0,,,CAUCASIAN/WHITE,,0,CEO,President/CEO,0,11/18/19,10/25/22,,,,,
286,SHW,SHERWIN-WILLIAMS CO,9667,John Morikis,Caucasian/White,0,0,M,0,1,1,0,0,0,,,CAUCASIAN/WHITE,,0,CEO,Chairman/CEO,0,3/1/19,3/12/21,,,,,
250,SPG,SIMON PROPERTY GROUP INC,29389,David Simon,Caucasian/White,0,0,M,0,1,1,0,0,0,,,CAUCASIAN/WHITE,,0,CEO,Chairman/President/CEO,0,2/15/19,,,,,,
133,SWKS,SKYWORKS SOLUTIONS INC,1327,Liam Griffin,Caucasian/White,0,0,M,0,1,1,0,0,0,,,CAUCASIAN/WHITE,,0,CEO,President/CEO,0,5/11/16,5/13/21,,,,,
480,SLG,SL GREEN REALTY CORP,65290,Marc Holliday,Caucasian/White,0,0,M,0,1,1,0,0,0,,,CAUCASIAN/WHITE,,0,CEO,Chairman/CEO,0,1/1/19,12/31/23,,,,,
82,SJM,SMUCKER (JM) CO,9777,Mark Smucker,Caucasian/White,0,0,M,0,1,1,0,0,0,,,CAUCASIAN/WHITE,,0,CEO,President/CEO,0,5/1/16,8/17/22,,,,,
110,SNA,SNAP-ON INC,9778,Nick Pinchuk,Caucasian/White,0,0,M,0,1,1,0,0,0,,,CAUCASIAN/WHITE,,0,CEO,Chairman/President/CEO,0,4/23/09,,,,,,
60,SO,SOUTHERN CO,9850,Tom Fanning,Caucasian/White,0,0,M,0,1,1,0,0,0,,,CAUCASIAN/WHITE,1,0,CEO,Chairman/President/CEO,0,12/1/10,3/31/23,,,,,
272,LUV,SOUTHWEST AIRLINES,9882,Gary Kelly,Caucasian/White,0,0,M,0,1,1,0,0,0,,,CAUCASIAN/WHITE,,0,CEO,Chairman/CEO,0,1/10/17,2/1/22,,,,,
245,SWK,STANLEY BLACK & DECKER INC,10016,Jim Loree,Caucasian/White,0,0,M,0,1,1,0,0,0,,,CAUCASIAN/WHITE,,0,CEO,President/CEO,0,8/1/16,2/23/21,,,,,
403,SBUX,STARBUCKS CORP,25434,Kevin Johnson,Caucasian/White,0,0,M,0,1,1,0,0,0,,,CAUCASIAN/WHITE,,0,CEO,President/CEO,0,4/3/17,4/4/22,,,,,
435,STT,STATE STREET CORP,10035,Ronald P. O'Hanley,Caucasian/White,0,0,M,0,1,1,0,0,0,,,CAUCASIAN/WHITE,,0,CEO,,0,1/1/19,,,,,,
191,SYK,STRYKER CORP,10115,Kevin Lobo,Asian/Indian,0,1,M,0,1,1,0,0,0,,,INDIAN/SOUTH ASIAN,,0,CEO,Chair/CEO,0,8/1/18,10/1/21,,,,,
369,SIVB,SVB FINANCIAL GROUP,17120,Gregory W. Becker,Caucasian/White,0,0,M,0,1,1,0,0,0,,,CAUCASIAN/WHITE,,0,CEO,,0,4/1/11,3/10/23,,,,,
238,SYF,SYNCHRONY FINANCIAL,20686,Margaret Keane,Caucasian/White,0,0,F,1,1,1,0,0,0,,,CAUCASIAN/WHITE,,0,CEO,CEO,0,5/2/19,4/1/21,,,,,
370,SNPS,SYNOPSYS INC,24975,Doctor Aart De Geus,Caucasian/White,0,0,M,0,1,1,1,1,0,,,CAUCASIAN/WHITE,,0,CEO,Chairman/Co-CEO,0,1/1/86,,,,,,
370,SNPS,SYNOPSYS INC,24975,Doctor Chi-Foon Chan,Asian/Chinese,0,1,M,0,1,1,1,1,0,,,,,0,CEO,President/Co-CEO,0,5/21/12,4/30/22,,,,,
164,SYY,SYSCO CORP,10247,Kevin Hourican,Caucasian/White,0,0,M,0,1,1,0,0,0,,,CAUCASIAN/WHITE,,0,CEO,,0,2/1/20,,,,,,
404,TMUS,T-MOBILE US INC,17874,John Legere,Caucasian/White,0,0,M,0,1,0,0,0,1,Apr-20,outgoing,CAUCASIAN/WHITE,,0,CEO,,0,9/1/12,4/1/20,,,,,
404,TMUS,T-MOBILE US INC,17874,Mike Sievert,Caucasian/White,0,0,M,0,1,1,0,0,1,Apr-20,incoming,CAUCASIAN/WHITE,,0,CEO,,0,4/1/20,,,,,,
484,TTWO,TAKE-TWO INTERACTIVE SFTWR,64630,Strauss Zelnick,Caucasian/White,0,0,M,0,1,1,0,0,0,,,CAUCASIAN/WHITE,,0,CEO,Chairman (Executive)/CEO,0,1/1/11,,,,,,
482,TPR,TAPESTRY INC,140541,Joanne Crevoiserat,Caucasian/White,0,0,F,1,1,1,0,0,0,,,CAUCASIAN/WHITE,1,1,CEO,Chairman/CEO,0,7/20/20,,,,,,
165,TRGP,TARGA RESOURCES CORP,185532,Joe Bob Perkins,Caucasian/White,0,0,M,0,1,0,0,0,1,Mar-20,outgoing,CAUCASIAN/WHITE,,0,CEO,,0,1/1/12,3/1/20,,,,,
165,TRGP,TARGA RESOURCES CORP,185532,Matthew J. Meloy,Caucasian/White,0,0,M,0,1,1,0,0,1,Mar-20,incoming,CAUCASIAN/WHITE,,0,CEO,,0,3/1/20,,,,,,
308,TGT,TARGET CORP,3813,Brian Cornell,Caucasian/White,0,0,M,0,1,1,0,0,0,,,CAUCASIAN/WHITE,1,1,CEO,Chair/CEO,0,8/12/14,,,,,,
198,TDY,TELEDYNE TECHNOLOGIES INC,126721,Robert Mehrabian,Middle Eastern,0,1,M,0,1,1,0,0,0,,,CAUCASIAN/WHITE,,0,CEO,,0,11/15/18,,,,,,
323,TER,TERADYNE INC,10453,Mark Jagiela,Caucasian/White,0,0,M,0,1,1,0,0,0,,,CAUCASIAN/WHITE,,0,CEO,President/CEO,0,2/1/14,7/1/22,,,,,
337,TSLA,TESLA INC,184996,Elon Musk,Caucasian/White,0,0,M,0,1,1,0,0,0,,,CAUCASIAN/WHITE,,0,CEO,CEO,0,11/7/18,,,,,,
277,TXN,TEXAS INSTRUMENTS INC,10499,Rich Templeton,Caucasian/White,0,0,M,0,1,1,0,0,0,,,CAUCASIAN/WHITE,,0,CEO,Chairman/President/CEO,0,7/17/18,4/1/23,,,,,
215,TXT,TEXTRON INC,10519,Scott Donnelly,Caucasian/White,0,0,M,0,1,1,0,0,0,,,CAUCASIAN/WHITE,,0,CEO,Chairman/President/CEO,0,9/1/10,,,,,,
325,TMO,THERMO FISHER SCIENTIFIC INC,10530,Marc N. Casper,Caucasian/White,0,0,M,0,1,1,0,0,0,,,CAUCASIAN/WHITE,,0,CEO,,0,10/1/09,,,,,,
324,TJX,TJX COS INC (THE),11672,Ernie Herrman,Caucasian/White,0,0,M,0,1,1,0,0,0,,,CAUCASIAN/WHITE,,0,CEO,President/CEO,0,1/31/16,,,,,,
87,TSCO,TRACTOR SUPPLY CO,29736,Hal Lawton,Caucasian/White,0,0,M,0,1,1,0,0,0,,,CAUCASIAN/WHITE,,0,CEO,,0,1/13/20,,,,,,
287,TDG,TRANSDIGM GROUP INC,148349,Doctor Kevin Stein,Caucasian/White,0,0,M,0,1,1,0,0,0,,,CAUCASIAN/WHITE,,0,CEO,President/CEO,0,4/26/18,,,,,,
483,TRV,TRAVELERS COS INC,62689,Alan Schnitzer,Caucasian/White,0,0,M,0,1,1,0,0,0,,,CAUCASIAN/WHITE,0,0,CEO,Chairman/CEO,0,8/1/17,,,,,,
371,TRMB,TRIMBLE INC,22815,Steven W. Berglund,Caucasian/White,0,0,M,0,1,0,0,0,1,Jan-20,outgoing,CAUCASIAN/WHITE,,0,CEO,,0,3/1/99,1/4/20,,,,,
371,TRMB,TRIMBLE INC,22815,Robert G. Painter,Caucasian/White,0,0,M,0,1,1,0,0,1,Jan-20,incoming,CAUCASIAN/WHITE,,0,CEO,,0,1/4/20,,,,,,
34,TFC,TRUIST FINANCIAL CORP,11856,Kelly King,Caucasian/White,0,0,M,0,1,1,0,0,0,,,CAUCASIAN/WHITE,,0,CEO,Chairman/CEO,0,12/20/16,9/12/21,,,,,
446,TWTR,TWITTER INC,18872,Jack Dorsey,Caucasian/White,0,0,M,0,1,1,0,0,0,,,CAUCASIAN/WHITE,,0,CEO,CEO,0,9/30/15,11/29/21,,,,,
109,TYL,TYLER TECHNOLOGIES INC,10789,H Moore Jr,Caucasian/White,0,0,M,0,1,1,0,0,0,,,CAUCASIAN/WHITE,,0,CEO,President/CEO,0,5/10/18,,,,,,
101,UDR,UDR INC,10894,Tom Toomey,Caucasian/White,0,0,M,0,1,1,0,0,0,,,CAUCASIAN/WHITE,,0,CEO,Chairman/CEO,0,1/1/19,,,,,,
126,ULTA,ULTA BEAUTY INC,178704,Mary Dillon,Caucasian/White,0,0,F,1,1,1,0,0,0,,,CAUCASIAN/WHITE,,0,CEO,CEO,0,7/1/13,6/2/21,,,,,
46,UAA,UNDER ARMOUR INC,165052,Patrik Frisk,Caucasian/White,0,0,M,0,1,1,0,0,0,,,CAUCASIAN/WHITE,,0,CEO,,0,1/1/20,6/1/22,,,,,
142,UNP,UNION PACIFIC CORP,10867,Lance Fritz,Caucasian/White,0,0,M,0,1,1,0,0,0,,,CAUCASIAN/WHITE,1,1,CEO,Chairman/President/CEO,0,10/1/15,8/14/23,,,,,
392,UAL,UNITED AIRLINES HOLDINGS INC,10795,Oscar Munoz,Hispanic/Latino,0,1,M,0,1,0,0,0,1,5/1/20,outgoing,CAUCASIAN/WHITE,1,1,CEO,CEO,1,5/20/20,5/1/20,,,,,
61,UPS,UNITED PARCEL SERVICE INC,10920,Carol Tome,Caucasian/White,0,0,F,1,1,1,0,0,1,6/1/20,incoming,CAUCASIAN/WHITE,0,0,CEO,Chairman/CEO,0,6/1/20,,,,,,
61,UPS,UNITED PARCEL SERVICE INC,10920,David Abney,Caucasian/White,0,0,M,0,1,1,0,0,1,5/31/20,outgoing,CAUCASIAN/WHITE,0,0,CEO,Chairman/CEO,0,2/10/16,5/31/20,,,,,
239,URI,UNITED RENTALS INC,66065,Matt Flannery,Caucasian/White,0,0,M,0,1,1,0,0,0,,,CAUCASIAN/WHITE,1,1,CEO,President/CEO,0,5/8/19,,,,,,
309,UNH,UNITEDHEALTH GROUP INC,10903,Dave Wichmann,Caucasian/White,0,0,M,0,1,1,0,0,0,,,CAUCASIAN/WHITE,1,1,CEO,CEO,0,9/1/17,2/4/21,,,,,
232,UHS,UNIVERSAL HEALTH SVCS INC,11032,Alan Miller,Caucasian/White,0,0,M,0,1,1,0,0,0,,,CAUCASIAN/WHITE,,0,CEO,Chairman/CEO,0,5/20/09,1/1/21,,,,,
98,UNM,UNUM GROUP,12726,Rick McKenney,Caucasian/White,0,0,M,0,1,1,0,0,0,,,CAUCASIAN/WHITE,,0,CEO,President/CEO,0,5/21/15,,,,,,
310,USB,US BANCORP,4723,Andy Cecere,Caucasian/White,0,0,M,0,1,1,0,0,0,,,CAUCASIAN/WHITE,,0,CEO,Chairman/President/CEO,0,4/17/18,,,,,,
190,VLO,VALERO ENERGY CORP,15247,Joseph W. Gorder,Caucasian/White,0,0,M,0,1,1,0,0,0,,,CAUCASIAN/WHITE,,0,CEO,,0,5/1/14,,,,,,
393,VTR,VENTAS INC,110179,Debra Cafaro,Caucasian/White,0,0,F,1,1,1,0,0,0,,,CAUCASIAN/WHITE,,0,CEO,Chairman/CEO,0,11/2/10,,,,,,
74,VRSN,VERISIGN INC,66368,D. James Bidzos,Caucasian/White,0,0,M,0,1,1,0,0,0,,,CAUCASIAN/WHITE,,0,CEO,,0,8/1/11,,,,,,
344,VRSK,VERISK ANALYTICS INC,180652,Scott Stephenson,Caucasian/White,0,0,M,0,1,1,0,0,0,,,CAUCASIAN/WHITE,,0,CEO,Chairman/President/CEO,0,4/1/16,5/5/22,,,,,
487,VZ,VERIZON COMMUNICATIONS INC,2136,Hans Vestberg,Caucasian/White,0,0,M,0,1,1,0,0,0,,,CAUCASIAN/WHITE,,0,CEO,Chairman/CEO,0,3/8/19,,,,,,
436,VRTX,VERTEX PHARMACEUTICALS INC,24344,Jeffrey M. Leiden,Caucasian/White,0,0,M,0,1,0,0,0,1,Apr-20,outgoing,CAUCASIAN/WHITE,,0,CEO,,0,2/1/12,4/1/20,,,,,
436,VRTX,VERTEX PHARMACEUTICALS INC,24344,Reshma Kewalramani,Asian/Indian,0,1,F,1,1,1,0,0,1,Apr-20,incoming,INDIAN/SOUTH ASIAN,,0,CEO,,0,4/1/20,,,,,,
423,VFC,VF CORP,11060,Steve Rendle,Caucasian/White,0,0,M,0,1,1,0,0,0,,,CAUCASIAN/WHITE,,0,CEO,Chairman (Executive)/President/CEO,0,10/28/17,12/2/22,,,,,
91,VTRS,VIATRIS INC,7637,Michael Goettler,Caucasian/White,0,0,M,0,1,1,0,0,0,,,CAUCASIAN/WHITE,,0,CEO,,0,11/16/20,,,,,,
485,VICI,VICI PROPERTIES INC,32580,Ed Pitoniak,Caucasian/White,0,0,M,0,1,1,0,0,0,,,CAUCASIAN/WHITE,,0,CEO,CEO,0,2/1/18,,,,,,
418,V,VISA INC,179534,Al Kelly Jr,Caucasian/White,0,0,M,0,1,1,0,0,0,,,CAUCASIAN/WHITE,,0,CEO,Chairman/CEO,0,4/16/19,2/1/23,,,,,
486,VNO,VORNADO REALTY TRUST,11220,Steve Roth,Caucasian/White,0,0,M,0,1,1,0,0,0,,,CAUCASIAN/WHITE,,0,CEO,Chairman/CEO,0,4/15/13,,,,,,
145,VMC,VULCAN MATERIALS CO,11228,Tom Hill,Caucasian/White,0,0,M,0,1,1,0,0,0,,,CAUCASIAN/WHITE,,0,CEO,Chairman/President/CEO,0,1/1/16,9/20/23,,,,,
145,VMC,VULCAN MATERIALS CO,11228,Tom Hill,Caucasian/White,0,0,M,0,1,1,0,0,0,,,CAUCASIAN/WHITE,,0,CEO,Chairman/President/CEO,0,1/1/16,9/20/23,,,,,
203,WAB,WABTEC CORP,60979,Rafael Santana,Hispanic/Latino,0,1,M,0,1,1,0,0,0,,,HISPANIC/LATIN AMERICAN,,0,CEO,President/CEO,0,7/1/19,,,,,,
229,WBA,WALGREENS BOOTS ALLIANCE INC,11264,Stefano Pessina,Caucasian/White,0,0,M,0,1,1,0,0,0,,,CAUCASIAN/WHITE,1,1,CEO,Executive Vice Chairman/CEO,0,7/9/15,3/15/21,,,,,
5,WMT,WALMART INC,11259,Doug McMillon,Caucasian/White,0,0,M,0,1,1,0,0,0,,,CAUCASIAN/WHITE,0,0,CEO,President/CEO,0,2/1/14,,,,,,
10,TWX,WarnerMedia,164296,Jason Kilar,Caucasian/White,0,0,M,0,1,1,0,0,0,,,CAUCASIAN/WHITE,,0,CEO,,0,5/1/20,4/8/22,,,,,
166,WM,WASTE MANAGEMENT INC,14477,Jim Fish Jr,Caucasian/White,0,0,M,0,1,1,0,0,0,,,CAUCASIAN/WHITE,,0,CEO,President/CEO,0,11/11/16,,,,,,
179,WAT,WATERS CORP,61574,Christopher J. O'Connell,Caucasian/White,0,0,M,0,1,1,0,0,0,,,CAUCASIAN/WHITE,,0,CEO,,0,9/1/15,,,,,,
302,WEC,WEC ENERGY GROUP INC,11550,Kevin Fletcher,Caucasian/White,0,0,M,0,1,1,0,0,0,,,CAUCASIAN/WHITE,,0,CEO,President/CEO,0,2/1/19,2/1/22,,,,,
447,WFC,WELLS FARGO & CO,8007,Charlie Scharf,Caucasian/White,0,0,M,0,1,1,0,0,0,,,CAUCASIAN/WHITE,1,1,CEO,President/CEO,0,10/21/19,,,,,,
188,WST,WEST PHARMACEUTICAL SVSC INC,11376,Eric Green,Caucasian/White,0,0,M,0,1,1,0,0,0,,,CAUCASIAN/WHITE,,0,CEO,President/CEO,0,12/17/15,5/24/22,,,,,
373,WDC,WESTERN DIGITAL CORP,11399,David Goeckeler,Caucasian/White,0,0,M,0,1,1,0,0,0,,,CAUCASIAN/WHITE,,0,CEO,,0,3/9/20,,,,,,
424,WU,WESTERN UNION CO,175263,Hikmet Ersek,Caucasian/White,0,0,M,0,1,1,0,0,0,,,CAUCASIAN/WHITE,0,0,CEO,President/CEO,0,9/1/10,12/31/21,,,,,
62,WRK,WESTROCK CO,29830,Steve Voorhees,Caucasian/White,0,0,M,0,1,1,0,0,0,,,CAUCASIAN/WHITE,,0,CEO,President/CEO,0,7/1/15,3/15/21,,,,,
405,WY,WEYERHAEUSER CO,11456,Devin Stockfish,Caucasian/White,0,0,M,0,1,1,0,0,0,,,CAUCASIAN/WHITE,,0,CEO,President/CEO,0,1/1/19,,,,,,
102,WHR,WHIRLPOOL CORP,11465,Doctor Marc Bitzer,Caucasian/White,0,0,M,0,1,1,0,0,0,,,CAUCASIAN/WHITE,1,1,CEO,Chairman/President/CEO,0,1/1/19,9/1/21,,,,,
11,WMB,WILLIAMS COS INC,11506,Alan Armstrong,Caucasian/White,0,0,M,0,1,1,0,0,0,,,CAUCASIAN/WHITE,,0,CEO,President/CEO,0,1/3/11,,,,,,
136,WYNN,WYNN RESORTS LTD,149318,Matt Maddox,Caucasian/White,0,0,M,0,1,1,0,0,0,,,CAUCASIAN/WHITE,,0,CEO,CEO,0,5/29/19,1/31/22,,,,,
311,XEL,XCEL ENERGY INC,7977,Benjamin G.S. Fowke III,Caucasian/White,0,0,M,0,1,1,0,0,0,,,CAUCASIAN/WHITE,,0,CEO,,0,8/24/11,8/18/21,,,,,
241,XRX,XEROX HOLDINGS CORP,11636,John Visentin,Caucasian/White,0,0,M,0,1,1,0,0,0,,,CAUCASIAN/WHITE,1,1,CEO,Vice Chairman/CEO,0,5/14/18,6/28/22,,,,,
374,XLNX,XILINX INC,22325,Victor Peng,Asian/Chinese,0,1,M,0,1,1,0,0,0,,,ASIAN (EXCLUDE INDIAN/SOUTH ASIAN),,0,CEO,President/CEO,0,1/29/18,2/14/22,,,,,
293,XYL,XYLEM INC,189491,Patrick Decker,Caucasian/White,0,0,M,0,1,1,0,0,0,,,CAUCASIAN/WHITE,,0,CEO,President/CEO,0,3/17/14,12/31/23,,,,,
196,YUM,YUM BRANDS INC,65417,David W. Gibbs,Caucasian/White,0,0,M,0,1,1,0,0,0,,,CAUCASIAN/WHITE,,0,CEO,,0,1/1/20,,,,,,
230,ZBRA,ZEBRA TECHNOLOGIES CP -CL A,24405,Anders Gustafsson,Caucasian/White,0,0,M,0,1,1,0,0,0,,,CAUCASIAN/WHITE,,0,CEO,CEO,0,9/4/07,3/1/23,,,,,
75,ZBH,ZIMMER BIOMET HOLDINGS INC,144559,Bryan Hanson,Caucasian/White,0,0,M,0,1,1,0,0,0,,,CAUCASIAN/WHITE,,0,CEO,President/CEO,0,12/19/17,5/14/21,,,,,
48,ZION,ZIONS BANCORPORATION NA,11687,Harris Simmons,Caucasian/White,0,0,M,0,1,1,0,0,0,,,CAUCASIAN/WHITE,,0,CEO,Chairman/CEO,0,3/4/14,,,,,,
120,ZTS,ZOETIS INC,13721,Kristin Peck,Caucasian/White,0,0,F,1,1,1,0,0,0,,,CAUCASIAN/WHITE,,0,CEO,,0,1/1/20,,,,,,