"X1num","tic","X1conm_x","gvkey","X1ceo_minority","X1ethnicity..from.boardex.","X1ceo_name","X1ceo_race.black.","X3num","X3CompanyID","X3DirectorID","X3DirectorName","X3CompanyName","X3RoleName","X3DateStartRole","X3DateEndRole","X3Seniority","Active2020_May26_Dec31","RoleType","X3FirstName","X3LastName"
1,"MHK","MOHAWK INDUSTRIES INC",25119,0,"CAUCASIAN/WHITE",NA,NA,309,20964,64542,"Jeff Lorberbaum","MOHAWK INDUSTRIES INC","Chairman/CEO","11/4/09","","Executive Director","Yes","CEO","Jeff","Lorberbaum"
2,"ODFL","OLD DOMINION FREIGHT",24617,0,"CAUCASIAN/WHITE",NA,NA,359,23040,896206,"Greg Gantt","OLD DOMINION FREIGHT LINE INC","President/CEO","5/16/18","6/30/23","Executive Director","Yes","CEO","Greg","Gantt"
3,"LOW","LOWE'S COS INC",6829,1,"BLACK/AFRICAN AMERICAN",NA,NA,285,19193,489833,"Marvin Ellison","LOWE'S COS INC","President/CEO","7/2/18","6/1/21","Executive Director","Yes","CEO","Marvin","Ellison"
4,"JBHT","HUNT (JB) TRANSPRT SVCS INC",5783,0,"CAUCASIAN/WHITE",NA,NA,254,15223,497950,"John Roberts III","HUNT(J.B.)TRANSPORT SERVICES INC","President/CEO","1/1/11","8/1/22","Executive Director","Yes","CEO","John","Roberts III"
5,"WMT","WALMART INC",11259,0,"CAUCASIAN/WHITE",NA,NA,506,33046,32097,"Doug McMillon","WALMART INC (Wal-Mart Stores Inc prior to 02/2018)","President/CEO","2/1/14","","Executive Director","Yes","CEO","Doug","McMillon"
6,"LH","LABORATORY CP OF AMER HLDGS",14960,0,"CAUCASIAN/WHITE",NA,NA,277,18319,495421,"Adam Schechter","LABORATORY CORP OF AMERICA HLDGS (LABCORP)","President/CEO","11/1/19","5/13/20","Executive Director","No","CEO","Adam","Schechter"
7,"TSN","TYSON FOODS INC -CL A",10793,0,"CAUCASIAN/WHITE",NA,NA,465,31563,453851,"Noel White","TYSON FOODS INC","CEO","12/20/19","10/3/20","Executive Director","Yes","CEO","Noel","White"
8,"MKC","MCCORMICK & CO INC",7146,0,"CAUCASIAN/WHITE",NA,NA,311,19939,481697,"Lawrence Kurzius","MCCORMICK & CO INC","Chairman/President/CEO","1/31/17","6/1/22","Executive Director","Yes","CEO","Lawrence","Kurzius"
9,"OKE","ONEOK INC",8151,0,"CAUCASIAN/WHITE",NA,NA,361,23165,620137,"Terry Spencer","ONEOK INC (WAI Inc prior to 11/1997)","President/CEO","1/31/14","6/28/21","Executive Director","Yes","CEO","Terry","Spencer"
10,"TWX","WarnerMedia",164296,0,"CAUCASIAN/WHITE",NA,NA,NA,NA,NA,NA,NA,NA,NA,NA,NA,NA,NA,NA,NA
11,"WMB","WILLIAMS COS INC",11506,0,"CAUCASIAN/WHITE",NA,NA,505,33512,443291,"Alan Armstrong","WILLIAMS COMPANIES INC","President/CEO","1/3/11","","Executive Director","Yes","CEO","Alan","Armstrong"
12,"HBI","HANESBRANDS INC",175319,0,"CAUCASIAN/WHITE",NA,NA,212,882407,514830,"Gerald Evans Jr","HANESBRANDS INC","CEO","10/1/16","8/3/20","Executive Director","Yes","CEO","Gerald","Evans Jr"
13,"GPC","GENUINE PARTS CO",5125,0,"CAUCASIAN/WHITE",NA,NA,205,13110,547628,"Paul Donahue","GENUINE PARTS CO","Chairman/CEO","4/22/19","","Executive Director","Yes","CEO","Paul","Donahue"
14,"HD","HOME DEPOT INC",5680,0,"CAUCASIAN/WHITE",NA,NA,214,14982,536170,"Craig Menear","HOME DEPOT INC","Chairman/President/CEO","2/2/15","10/5/20","Executive Director","Yes","CEO","Craig","Menear"
15,"QRVO","QORVO INC",64853,0,"CAUCASIAN/WHITE",NA,NA,409,2204149,181113,"Bob Bruggeworth","QORVO INC","President/CEO","1/2/15","","Executive Director","Yes","CEO","Bob","Bruggeworth"
16,"AFL","AFLAC INC",1449,0,"CAUCASIAN/WHITE",NA,NA,NA,NA,NA,NA,NA,NA,NA,NA,NA,NA,NA,NA,NA
17,"AAP","ADVANCE AUTO PARTS INC",145977,0,"CAUCASIAN/WHITE",NA,NA,4,95856,1013356,"Tom Greco","ADVANCE AUTO PARTS INC","President/CEO","8/14/16","9/11/23","Executive Director","Yes","CEO","Tom","Greco"
18,"MLM","MARTIN MARIETTA MATERIALS",29733,0,"CAUCASIAN/WHITE",NA,NA,313,19739,841525,"Ward Nye","MARTIN MARIETTA MATERIALS INC","Chairman/President/CEO","5/22/14","","Executive Director","Yes","CEO","Ward","Nye"
19,"RHT","RED HAT INC",122841,0,"",NA,NA,416,1243400,1664864,"Doctor Lisa Crossley","RELIQ HEALTH TECHNOLOGIES INC (Moseda Technologies Inc prior to 05/2016)","CEO","1/18/16","12/11/23","Executive Director","Yes","CEO","Lisa","Crossley"
20,"FRT","FEDERAL REALTY INVESTMENT TR",4605,0,"CAUCASIAN/WHITE",NA,NA,192,11649,332472,"Don Wood","FEDERAL REALTY INVESTMENT TRUST","President/CEO","1/1/03","3/11/21","Executive Director","Yes","CEO","Don","Wood"
21,"HST","HOST HOTELS & RESORTS INC",7063,0,"CAUCASIAN/WHITE",NA,NA,226,15093,205949,"Jim Risoleo","HOST HOTELS & RESORTS INC","President/CEO","1/1/17","","Executive Director","Yes","CEO","Jim","Risoleo"
22,"LMT","LOCKHEED MARTIN CORP",6774,0,"CAUCASIAN/WHITE",NA,NA,281,19048,202548,"Marillyn Hewson","LOCKHEED MARTIN CORP","Chairman/President/CEO","1/1/14","6/15/20","Executive Director","Yes","CEO","Marillyn","Hewson"
23,"MAR","MARRIOTT INTL INC",28930,0,"CAUCASIAN/WHITE",NA,NA,297,19706,38571,"Arne Sorenson","MARRIOTT INTERNATIONAL INC","President/CEO","3/31/12","2/15/21","Executive Director","Yes","CEO","Arne","Sorenson"
24,"DVN","DEVON ENERGY CORP",14934,0,"CAUCASIAN/WHITE",NA,NA,140,9103,62347,"Dave Hager","DEVON ENERGY CORP","President/CEO","6/8/16","1/7/21","Executive Director","Yes","CEO","Dave","Hager"
25,"PAYC","PAYCOM SOFTWARE INC",20116,0,"CAUCASIAN/WHITE",NA,NA,369,2061294,1388163,"Chad Richison","PAYCOM SOFTWARE INC","Chairman/President/CEO","8/1/16","2/7/24","Executive Director","Yes","CEO","Chad","Richison"
26,"EMN","EASTMAN CHEMICAL CO",29392,0,"CAUCASIAN/WHITE",NA,NA,155,9940,534777,"Mark Costa","EASTMAN CHEMICAL CO","Chair/CEO","6/30/14","","Executive Director","Yes","CEO","Mark","Costa"
27,"ALB","ALBEMARLE CORP",29751,0,"CAUCASIAN/WHITE",NA,NA,NA,NA,NA,NA,NA,NA,NA,NA,NA,NA,NA,NA,NA
28,"BAC","BANK OF AMERICA CORP",7647,0,"CAUCASIAN/WHITE",NA,NA,44,4504,35043,"Brian Moynihan","BANK OF AMERICA CORP","Chair/President/CEO","10/1/14","","Executive Director","Yes","CEO","Brian","Moynihan"
29,"DUK","DUKE ENERGY CORP",4093,0,"CAUCASIAN/WHITE",NA,NA,138,867887,204347,"Lynn Good","DUKE ENERGY CORP","Chairman/President/CEO","1/1/16","","Executive Director","Yes","CEO","Lynn","Good"
30,"HON","HONEYWELL INTERNATIONAL INC",1300,0,"CAUCASIAN/WHITE",NA,NA,221,15029,1205682,"Darius Adamczyk","HONEYWELL INTERNATIONAL INC (AlliedSignal Inc prior to 01/2000)","Chairman/CEO","4/23/18","6/1/23","Executive Director","Yes","CEO","Darius","Adamczyk"
31,"IR","INGERSOLL RAND INC",30098,0,"CAUCASIAN/WHITE",NA,NA,247,2656398,1912562,"Vicente Reynal","INGERSOLL RAND INC (Gardner Denver Holdings Inc prior to 03/2020)","President/CEO","5/12/17","11/9/21","Executive Director","Yes","CEO","Vicente","Reynal"
32,"NUE","NUCOR CORP",8030,0,"CAUCASIAN/WHITE",NA,NA,NA,NA,NA,NA,NA,NA,NA,NA,NA,NA,NA,NA,NA
33,"SEE","SEALED AIR CORP",9555,0,"CAUCASIAN/WHITE",NA,NA,432,27418,516421,"Ted Doheny II","SEALED AIR CORP","President/CEO","1/1/18","10/23/23","Executive Director","Yes","CEO","Ted","Doheny II"
34,"TFC","TRUIST FINANCIAL CORP",11856,0,"CAUCASIAN/WHITE",NA,NA,456,3718,39271,"Kelly King","TRUIST FINANCIAL CORP (BB&T Corp prior to 12/2019)","Chairman/CEO","12/20/16","9/12/21","Executive Director","Yes","CEO","Kelly","King"
35,"XRAY","DENTSPLY SIRONA INC",13700,0,"CAUCASIAN/WHITE",NA,NA,515,9023,590656,"Don Casey Jr","DENTSPLY SIRONA INC (DENTSPLY International Inc prior to 02/2016)","CEO","2/12/18","4/19/22","Executive Director","Yes","CEO","Don","Casey Jr"
36,"ALGN","ALIGN TECHNOLOGY INC",141384,0,"CAUCASIAN/WHITE",NA,NA,20,1384,32461,"Joe Hogan","ALIGN TECHNOLOGY INC","President/CEO","6/1/15","","Executive Director","Yes","CEO","Joe","Hogan"
37,"FCX","FREEPORT-MCMORAN INC",14590,0,"CAUCASIAN/WHITE",NA,NA,180,12493,206065,"Richard Adkerson","FREEPORT-MCMORAN INC (Freeport-McMoRan Copper & Gold Inc prior to 07/2014)","Vice Chairman/President/CEO","5/31/13","2/2/21","Executive Director","Yes","CEO","Richard","Adkerson"
38,"MCHP","MICROCHIP TECHNOLOGY INC",27965,1,"INDIAN/SOUTH ASIAN",NA,NA,300,20566,61502,"Steve Sanghi","MICROCHIP TECHNOLOGY INC","Chairman/CEO","2/3/16","3/1/21","Executive Director","Yes","CEO","Steve","Sanghi"
39,"NLOK","NORTONLIFELOCK INC",15855,0,"CAUCASIAN/WHITE",NA,NA,NA,NA,NA,NA,NA,NA,NA,NA,NA,NA,NA,NA,NA
40,"ON","ON SEMICONDUCTOR CORP",134932,0,"CAUCASIAN/WHITE",NA,NA,363,23134,200418,"Keith Jackson","ON SEMICONDUCTOR CORP","President/CEO","11/19/02","12/7/20","Executive Director","Yes","CEO","Keith","Jackson"
41,"PNW","PINNACLE WEST CAPITAL CORP",1075,0,"CAUCASIAN/WHITE",NA,NA,391,24493,891832,"Jeff Guldner","PINNACLE WEST CAPITAL CORP","Chairman/President/CEO","11/15/19","","Executive Director","Yes","CEO","Jeff","Guldner"
42,"RSG","REPUBLIC SERVICES INC",112168,0,"CAUCASIAN/WHITE",NA,NA,424,26097,205673,"Don Slager","REPUBLIC SERVICES INC","CEO","5/1/19","5/21/21","Executive Director","Yes","CEO","Don","Slager"
43,"DLTR","DOLLAR TREE INC",31587,0,"CAUCASIAN/WHITE",NA,NA,130,9474,452406,"Gary Philbin","DOLLAR TREE INC","CEO","12/9/19","7/20/20","Executive Director","Yes","CEO","Gary","Philbin"
44,"CEG","CONSTELLATION ENE CORP",40614,0,"CAUCASIAN/WHITE",NA,NA,NA,NA,NA,NA,NA,NA,NA,NA,NA,NA,NA,NA,NA
45,"TROW","PRICE (T. ROWE) GROUP",12138,0,"CAUCASIAN/WHITE",NA,NA,462,25020,489855,"Bill Stromberg","T ROWE PRICE GROUP INC","Chairman/President/CEO","4/25/19","2/11/21","Executive Director","Yes","CEO","Bill","Stromberg"
46,"UAA","UNDER ARMOUR INC",165052,0,"CAUCASIAN/WHITE",NA,NA,NA,NA,NA,NA,NA,NA,NA,NA,NA,NA,NA,NA,NA
47,"EXR","EXTRA SPACE STORAGE INC",160479,0,"CAUCASIAN/WHITE",NA,NA,175,600874,375394,"Joe Margolis","EXTRA SPACE STORAGE INC","CEO","5/18/17","","Executive Director","Yes","CEO","Joe","Margolis"
48,"ZION","ZIONS BANCORPORATION NA",11687,0,"CAUCASIAN/WHITE",NA,NA,522,34139,57861,"Harris Simmons","ZIONS BANCORPORATION NA (Zions Bancorporation prior to 10/2018)","Chairman/CEO","3/4/14","","Executive Director","Yes","CEO","Harris","Simmons"
49,"DAL","DELTA AIR LINES INC",3851,0,"CAUCASIAN/WHITE",NA,NA,119,8946,333894,"Ed Bastian","DELTA AIR LINES INC","CEO","5/2/16","","Executive Director","Yes","CEO","Ed","Bastian"
50,"EFX","EQUIFAX INC",4423,0,"CAUCASIAN/WHITE",NA,NA,150,10896,202312,"Mark Begor","EQUIFAX INC","CEO","4/16/18","","Executive Director","Yes","CEO","Mark","Begor"
51,"FLT","FLEETCOR TECHNOLOGIES INC",184700,0,"CAUCASIAN/WHITE",NA,NA,188,1677118,1058760,"Ron Clarke","FLEETCOR TECHNOLOGIES INC","Chairman/President/CEO","12/15/10","","Executive Director","Yes","CEO","Ron","Clarke"
52,"GPN","GLOBAL PAYMENTS INC",141913,0,"CAUCASIAN/WHITE",NA,NA,206,13417,1076347,"Jeff Sloan","GLOBAL PAYMENTS INC","CEO","6/30/14","6/1/23","Executive Director","Yes","CEO","Jeff","Sloan"
53,"ICE","INTERCONTINENTAL EXCHANGE",163610,0,"CAUCASIAN/WHITE",NA,NA,231,815224,489174,"Jeff Sprecher","INTERCONTINENTAL EXCHANGE INC (IntercontinentalExchange Group Inc prior to 05/2014)","Chairman/CEO","11/1/02","","Executive Director","Yes","CEO","Jeff","Sprecher"
54,"IVZ","INVESCO LTD",29804,0,"CAUCASIAN/WHITE",NA,NA,252,2129,36584,"Marty Flanagan","INVESCO LTD (Invesco PLC prior to 12/2007)","President/CEO","8/1/05","6/30/23","Executive Director","Yes","CEO","Marty","Flanagan"
55,"KO","COCA-COLA CO",3144,0,"CAUCASIAN/WHITE",NA,NA,270,7204,877797,"James Quincey","COCA-COLA CO","Chairman/CEO","4/24/19","","Executive Director","Yes","CEO","James","Quincey"
56,"NSC","NORFOLK SOUTHERN CORP",7923,0,"CAUCASIAN/WHITE",NA,NA,346,22412,534106,"Jim Squires","NORFOLK SOUTHERN CORP","Chairman/President/CEO","10/1/15","12/1/21","Executive Director","Yes","CEO","Jim","Squires"
57,"NWL","NEWELL BRANDS INC",7875,1,"INDIAN/SOUTH ASIAN",NA,NA,354,22048,447647,"Ravi Saligram","NEWELL BRANDS INC (Newell Rubbermaid Inc prior to 04/2016)","President/CEO","10/2/19","5/5/22","Executive Director","Yes","CEO","Ravi","Saligram"
58,"PHM","PULTEGROUP INC",8823,0,"CAUCASIAN/WHITE",NA,NA,383,25407,1308442,"Ryan Marshall","PULTEGROUP INC","President/CEO","9/8/16","","Executive Director","Yes","CEO","Ryan","Marshall"
59,"ROL","ROLLINS INC",9225,0,"CAUCASIAN/WHITE",NA,NA,421,26519,141669,"Gary Rollins","ROLLINS INC","Vice Chairman/CEO","1/22/13","8/25/20","Executive Director","Yes","CEO","Gary","Rollins"
60,"SO","SOUTHERN CO",9850,0,"CAUCASIAN/WHITE",NA,NA,440,28665,325858,"Tom Fanning","SOUTHERN CO","Chairman/President/CEO","12/1/10","3/31/23","Executive Director","Yes","CEO","Tom","Fanning"
61,"UPS","UNITED PARCEL SERVICE INC",10920,0,"CAUCASIAN/WHITE",NA,NA,479,32137,41806,"David Abney","UNITED PARCEL SERVICE (UPS) INC","Chairman/CEO","2/10/16","6/1/20","Executive Director","Yes","CEO","David","Abney"
62,"WRK","WESTROCK CO",29830,0,"CAUCASIAN/WHITE",NA,NA,507,2302775,325766,"Steve Voorhees","WESTROCK CO","President/CEO","7/1/15","3/15/21","Executive Director","Yes","CEO","Steve","Voorhees"
63,"JKHY","HENRY (JACK) & ASSOCIATES",11811,0,"CAUCASIAN/WHITE",NA,NA,255,14668,836736,"Dave Foss","JACK HENRY & ASSOCIATES INC","President/CEO","7/1/17","7/1/21","Executive Director","Yes","CEO","Dave","Foss"
64,"IQV","IQVIA HOLDINGS INC",17928,0,"CAUCASIAN/WHITE",NA,NA,246,1951118,33049,"Ari Bousbib","IQVIA HOLDINGS INC (Quintiles IMS Holdings Inc prior to 11/2017)","Chairman/President/CEO","10/3/16","","Executive Director","Yes","CEO","Ari","Bousbib"
65,"DXC","DXC TECHNOLOGY CO",3336,0,"CAUCASIAN/WHITE",NA,NA,141,7584,205612,"Mike Salvino","DXC TECHNOLOGY CO (Computer Sciences Corp prior to 04/2017)","President/CEO","9/12/19","7/26/22","Executive Director","Yes","CEO","Mike","Salvino"
66,"FANG","DIAMONDBACK ENERGY INC",170750,0,"CAUCASIAN/WHITE",NA,NA,178,1895607,1277021,"Travis Stice","DIAMONDBACK ENERGY INC","CEO","1/1/17","2/22/22","Executive Director","Yes","CEO","Travis","Stice"
67,"MO","ALTRIA GROUP INC",8543,0,"CAUCASIAN/WHITE",NA,NA,NA,NA,NA,NA,NA,NA,NA,NA,NA,NA,NA,NA,NA
68,"PFG","PRINCIPAL FINANCIAL GRP INC",145701,0,"CAUCASIAN/WHITE",NA,NA,378,25087,333969,"Dan Houston","PRINCIPAL FINANCIAL GROUP INC","Chairman/President/CEO","5/17/16","","Executive Director","Yes","CEO","Dan","Houston"
69,"COF","CAPITAL ONE FINANCIAL CORP",30990,0,"CAUCASIAN/WHITE",NA,NA,95,5734,48786,"Rich Fairbank","CAPITAL ONE FINANCIAL CORP","Chairman/CEO","4/24/03","","Executive Director","Yes","CEO","Rich","Fairbank"
70,"GD","GENERAL DYNAMICS CORP",5046,0,"CAUCASIAN/WHITE",NA,NA,195,12984,45561,"Phebe Novakovic","GENERAL DYNAMICS CORP","Chairman/CEO","1/1/13","","Executive Director","Yes","CEO","Phebe","Novakovic"
71,"HLT","HILTON WORLDWIDE HOLDINGS",5643,0,"CAUCASIAN/WHITE",NA,NA,218,2022926,180239,"Chris Nassetta","HILTON WORLDWIDE HOLDINGS INC","President/CEO","12/12/13","","Executive Director","Yes","CEO","Chris","Nassetta"
72,"LDOS","LEIDOS HOLDINGS INC",165123,0,"CAUCASIAN/WHITE",NA,NA,275,660090,881227,"Roger Krone","LEIDOS HOLDINGS INC (SAIC Inc prior to 09/2013)","Chairman/CEO","3/20/15","5/3/23","Executive Director","Yes","CEO","Roger","Krone"
73,"NOC","NORTHROP GRUMMAN CORP",7985,0,"CAUCASIAN/WHITE",NA,NA,342,22521,1255302,"Kathy Warden","NORTHROP GRUMMAN CORP","Chair/President/CEO","8/1/19","","Executive Director","Yes","CEO","Kathy","Warden"
74,"VRSN","VERISIGN INC",66368,0,"CAUCASIAN/WHITE",NA,NA,NA,NA,NA,NA,NA,NA,NA,NA,NA,NA,NA,NA,NA
75,"ZBH","ZIMMER BIOMET HOLDINGS INC",144559,0,"CAUCASIAN/WHITE",NA,NA,520,34134,1119554,"Bryan Hanson","ZIMMER BIOMET HOLDINGS INC (Zimmer Holdings Inc prior to 06/2015)","President/CEO","12/19/17","5/14/21","Executive Director","Yes","CEO","Bryan","Hanson"
76,"LEG","LEGGETT & PLATT INC",6649,0,"CAUCASIAN/WHITE",NA,NA,NA,NA,NA,NA,NA,NA,NA,NA,NA,NA,NA,NA,NA
77,"AES","AES CORP (THE)",24216,1,"HISPANIC/LATIN AMERICAN",NA,NA,15,979,452889,"Doctor Andres Gluski Weilert","AES CORP","President/CEO","9/30/11","","Executive Director","Yes","CEO","Andres","Weilert"
78,"AVB","AVALONBAY COMMUNITIES INC",29875,0,"CAUCASIAN/WHITE",NA,NA,39,3169,204883,"Tim Naughton","AVALONBAY COMMUNITIES INC","Chairman/President/CEO","5/22/13","2/1/21","Executive Director","Yes","CEO","Tim","Naughton"
79,"POOL","POOL CORP",61420,0,"CAUCASIAN/WHITE",NA,NA,393,27358,1351667,"Pete Arvan","POOL CORP (SCP Pool prior to 05/2006)","President/CEO","7/31/19","","Executive Director","Yes","CEO","Pete","Arvan"
80,"D","DOMINION ENERGY INC",4029,0,"CAUCASIAN/WHITE",NA,NA,118,9491,36934,"Tom Farrell II","DOMINION ENERGY INC (Dominion Resources Inc (Virginia) prior to 05/2017)","Chairman/President/CEO","4/27/07","10/1/20","Executive Director","Yes","CEO","Tom","Farrell II"
81,"MPC","MARATHON PETROLEUM CORP",186989,0,"CAUCASIAN/WHITE",NA,NA,318,1604377,2121957,"Marvin Haasen","MADISON PACIFIC PROPERTIES INC","President/CEO","11/1/12","7/17/23","Executive Director","Yes","CEO","Marvin","Haasen"
82,"SJM","SMUCKER (JM) CO",9777,0,"CAUCASIAN/WHITE",NA,NA,434,28325,548682,"Mark Smucker","J. M. SMUCKER CO (THE)","President/CEO","5/1/16","8/17/22","Executive Director","Yes","CEO","Mark","Smucker"
83,"TFX","TELEFLEX INC",10407,0,"CAUCASIAN/WHITE",NA,NA,457,30265,1115309,"Liam Kelly","TELEFLEX INC","President/CEO","5/4/18","5/1/20","Executive Director","No","CEO","Liam","Kelly"
84,"CERN","CERNER CORP",12850,0,"PREFER NOT TO DISCLOSE",NA,NA,77,6375,1370253,"D Shafer","CERNER CORP (De-listed 06/2022)","Chairman/CEO","2/1/18","10/1/21","Executive Director","Yes","CEO","D","Shafer"
85,"GLW","CORNING INC",3532,0,"CAUCASIAN/WHITE",NA,NA,NA,NA,NA,NA,NA,NA,NA,NA,NA,NA,NA,NA,NA
86,"CMI","CUMMINS INC",3650,0,"CAUCASIAN/WHITE",NA,NA,92,8426,203776,"Tom Linebarger","CUMMINS INC","Chairman/CEO","1/1/12","8/1/22","Executive Director","Yes","CEO","Tom","Linebarger"
87,"TSCO","TRACTOR SUPPLY CO",29736,0,"CAUCASIAN/WHITE",NA,NA,NA,NA,NA,NA,NA,NA,NA,NA,NA,NA,NA,NA,NA
88,"LUMN","LUMEN TECHNOLOGIES INC",2884,0,"CAUCASIAN/WHITE",NA,NA,288,6353,730057,"Jeff Storey","LUMEN TECHNOLOGIES INC (CenturyLink Inc prior to 09/2020)","President/CEO","5/23/18","11/7/22","Executive Director","Yes","CEO","Jeff","Storey"
89,"CINF","CINCINNATI FINANCIAL CORP",14824,0,"CAUCASIAN/WHITE",NA,NA,84,6863,270963,"Steve Johnston","CINCINNATI FINANCIAL CORP","President/CEO","5/2/11","5/2/20","Executive Director","No","CEO","Steve","Johnston"
90,"ANSS","ANSYS INC",63080,1,"INDIAN/SOUTH ASIAN",NA,NA,31,2257,545851,"Doctor Ajei Gopal","ANSYS INC","President/CEO","1/1/17","","Executive Director","Yes","CEO","Ajei","Gopal"
91,"VTRS","VIATRIS INC",7637,0,"CAUCASIAN/WHITE",NA,NA,NA,NA,NA,NA,NA,NA,NA,NA,NA,NA,NA,NA,NA
92,"FISV","FISERV INC",12635,1,"ASIAN (EXCLUDE INDIAN/SOUTH ASIAN)",NA,NA,NA,NA,NA,NA,NA,NA,NA,NA,NA,NA,NA,NA,NA
93,"ORLY","O'REILLY AUTOMOTIVE INC",28180,0,"CAUCASIAN/WHITE",NA,NA,NA,NA,NA,NA,NA,NA,NA,NA,NA,NA,NA,NA,NA
94,"CMS","CMS ENERGY CORP",3439,0,"CAUCASIAN/WHITE",NA,NA,93,7147,1094129,"Patti Poppe","CMS ENERGY CORP","President/CEO","7/1/16","12/1/20","Executive Director","Yes","CEO","Patti","Poppe"
95,"LHX","L3HARRIS TECHNOLOGIES INC",5492,0,"CAUCASIAN/WHITE",NA,NA,278,14355,484620,"Bill Brown","L3HARRIS TECHNOLOGIES INC (Harris Corp prior to 07/2019)","Chairman (Executive)/CEO","6/29/19","6/29/21","Executive Director","Yes","CEO","Bill","Brown"
96,"DOW","DOW INC",34443,0,"CAUCASIAN/WHITE",NA,NA,NA,NA,NA,NA,NA,NA,NA,NA,NA,NA,NA,NA,NA
97,"K","KELLOGG CO",6375,0,"CAUCASIAN/WHITE",NA,NA,260,17777,455061,"Steve Cahillane","KELLANOVA CO (Kellogg Co prior to 10/2023)","Chairman/President/CEO","3/16/18","","Executive Director","Yes","CEO","Steve","Cahillane"
98,"UNM","UNUM GROUP",12726,0,"CAUCASIAN/WHITE",NA,NA,477,31898,340641,"Rick McKenney","UNUM GROUP (UnumProvident Corp prior to 03/2007)","President/CEO","5/21/15","","Executive Director","Yes","CEO","Rick","McKenney"
99,"ROP","ROPER TECHNOLOGIES INC",24925,0,"CAUCASIAN/WHITE",NA,NA,422,26544,796522,"Laurence Hunn","ROPER TECHNOLOGIES INC (Roper Industries Inc prior to 04/2015)","President/CEO","9/19/18","","Executive Director","Yes","CEO","Laurence","Hunn"
100,"SCHW","SCHWAB (CHARLES) CORP",13988,0,"CAUCASIAN/WHITE",NA,NA,429,27292,486476,"Walt Bettinger II","CHARLES SCHWAB CORP","President/CEO","10/1/08","10/15/21","Executive Director","Yes","CEO","Walt","Bettinger II"
101,"UDR","UDR INC",10894,0,"CAUCASIAN/WHITE",NA,NA,473,32094,181650,"Tom Toomey","UDR INC (United Dominion Realty Trust Inc prior to 03/2007)","Chairman/CEO","1/1/19","","Executive Director","Yes","CEO","Tom","Toomey"
102,"WHR","WHIRLPOOL CORP",11465,0,"CAUCASIAN/WHITE",NA,NA,503,33437,485987,"Doctor Marc Bitzer","WHIRLPOOL CORP","Chairman/President/CEO","1/1/19","9/1/21","Executive Director","Yes","CEO","Marc ","Bitzer"
103,"MTD","METTLER-TOLEDO INTL INC",65772,0,"CAUCASIAN/WHITE",NA,NA,330,20478,205031,"Olivier Filliol","METTLER TOLEDO INTERNATIONAL INC","President/CEO","1/1/09","3/31/21","Executive Director","Yes","CEO","Olivier","Filliol"
104,"LW","LAMB WESTON HOLDINGS INC",28790,0,"CAUCASIAN/WHITE",NA,NA,291,2558653,1595178,"Tom Werner","LAMB WESTON HOLDINGS INC","President/CEO","11/9/16","","Executive Director","Yes","CEO","Tom","Werner"
105,"MU","MICRON TECHNOLOGY INC",7343,1,"INDIAN/SOUTH ASIAN",NA,NA,331,20589,205405,"Sanjay Mehrotra","MICRON TECHNOLOGY INC","President/CEO","5/8/17","","Executive Director","Yes","CEO","Sanjay","Mehrotra"
106,"EVRG","EVERGY INC",6338,0,"CAUCASIAN/WHITE",NA,NA,168,2824528,345671,"Terry Bassham","EVERGY INC","President/CEO","6/5/18","1/4/21","Executive Director","Yes","CEO","Terry","Bassham"
107,"KSU","KANSAS CITY SOUTHERN",6335,0,"CAUCASIAN/WHITE",NA,NA,272,17690,489655,"Pat Ottensmeyer","KANSAS CITY SOUTHERN (De-listed 12/2021)","President/CEO","7/1/16","12/14/21","Executive Director","Yes","CEO","Pat","Ottensmeyer"
108,"GL","GLOBE LIFE INC",10614,0,"CAUCASIAN/WHITE",NA,NA,200,30937,58941,"Gary Coleman","GLOBE LIFE INC (Torchmark Corp prior to 08/2019)","Co-Chairman/Co-CEO","4/24/14","12/31/22","Executive Director","Yes","CEO","Gary","Coleman"
108,"GL","GLOBE LIFE INC",10614,0,"CAUCASIAN/WHITE",NA,NA,201,30937,58946,"Larry Hutchison","GLOBE LIFE INC (Torchmark Corp prior to 08/2019)","Co-Chairman/Co-CEO","4/24/14","12/31/22","Executive Director","Yes","CEO","Larry","Hutchison"
109,"TYL","TYLER TECHNOLOGIES INC",10789,0,"CAUCASIAN/WHITE",NA,NA,471,31558,325238,"H Moore Jr","TYLER TECHNOLOGIES INC","President/CEO","5/10/18","","Executive Director","Yes","CEO","H","Moore Jr"
110,"SNA","SNAP-ON INC",9778,0,"CAUCASIAN/WHITE",NA,NA,437,28335,206568,"Nick Pinchuk","SNAP-ON INC","Chairman/President/CEO","4/23/09","","Executive Director","Yes","CEO","Nick","Pinchuk"
111,"STZ","CONSTELLATION BRANDS",2710,0,"CAUCASIAN/WHITE",NA,NA,444,7753,1130665,"Bill Newlands Jr","CONSTELLATION BRANDS INC","President/CEO","3/1/19","","Executive Director","Yes","CEO","Bill","Newlands Jr"
112,"HSIC","HENRY SCHEIN INC",61494,0,"CAUCASIAN/WHITE",NA,NA,225,14669,85377,"Stan Bergman","HENRY SCHEIN INC","Chairman/CEO","5/18/05","","Executive Director","Yes","CEO","Stan","Bergman"
113,"FAST","FASTENAL CO",14225,0,"CAUCASIAN/WHITE",NA,NA,179,11608,70422,"Dan Florness","FASTENAL CO","President/CEO","1/1/16","","Executive Director","Yes","CEO","Dan","Florness"
114,"AAL","AMERICAN AIRLINES GROUP INC",1045,0,"CAUCASIAN/WHITE",NA,NA,3,2021732,273457,"Doug Parker Jr","AMERICAN AIRLINES GROUP INC (AMR Corp prior to 12/2013)","Chairman/CEO","6/4/14","3/31/22","Executive Director","Yes","CEO","Doug","Parker Jr"
115,"DHI","D R HORTON INC",25340,0,"CAUCASIAN/WHITE",NA,NA,NA,NA,NA,NA,NA,NA,NA,NA,NA,NA,NA,NA,NA
116,"RJF","RAYMOND JAMES FINANCIAL INC",8898,0,"CAUCASIAN/WHITE",NA,NA,417,25808,275776,"Paul Reilly","RAYMOND JAMES FINANCIAL INC","Chairman/CEO","2/16/17","","Executive Director","Yes","CEO","Paul","Reilly"
117,"CSX","CSX CORP",2574,0,"CAUCASIAN/WHITE",NA,NA,104,8383,331094,"Jim Foote","CSX CORP","President/CEO","12/22/17","9/26/22","Executive Director","Yes","CEO","Jim","Foote"
118,"FIS","FIDELITY NATIONAL INFO SVCS",165993,0,"CAUCASIAN/WHITE",NA,NA,184,6382,516521,"Gary Norcross","FIDELITY NATIONAL INFORMATION SERVICES INC (Certegy Inc prior to 02/2006)","Chairman/President/CEO","5/30/18","3/9/21","Executive Director","Yes","CEO","Gary","Norcross"
119,"REG","REGENCY CENTERS CORP",29099,0,"CAUCASIAN/WHITE",NA,NA,411,1792078,1061422,"John Black","REGULUS RESOURCES INC","CEO","9/30/14","","Executive Director","Yes","CEO","John","Black"
120,"ZTS","ZOETIS INC",13721,0,"CAUCASIAN/WHITE",NA,NA,NA,NA,NA,NA,NA,NA,NA,NA,NA,NA,NA,NA,NA
121,"EPAM","EPAM SYSTEMS INC",187697,0,"CAUCASIAN/WHITE",NA,NA,160,1796199,1059890,"Arkadiy Dobkin","EPAM SYSTEMS INC","Chairman/President/CEO","2/8/12","","Executive Director","Yes","CEO","Arkadiy","Dobkin"
122,"MOS","MOSAIC CO",162129,0,"CAUCASIAN/WHITE",NA,NA,317,550358,549793,"Joc O'Rourke","MOSAIC CO","President/CEO","8/5/15","8/29/23","Executive Director","Yes","CEO","Joc","O'Rourke"
123,"MNST","MONSTER BEVERAGE CORP",24316,0,"CAUCASIAN/WHITE",NA,NA,316,14301,343707,"Rodney Sacks","MONSTER BEVERAGE CORP (Hansen Natural Corp prior to 12/2011)","Chairman/CEO","7/1/96","1/13/21","Executive Director","Yes","CEO","Rodney","Sacks"
124,"APD","AIR PRODUCTS & CHEMICALS INC",1209,1,"MIDDLE-EASTERN/NORTH AFRICAN",NA,NA,34,1173,24391,"Seifi Ghasemi","AIR PRODUCTS & CHEMICALS INC","Chairman/President/CEO","7/1/14","","Executive Director","Yes","CEO","Seifi","Ghasemi"
125,"PPL","PPL CORP",8455,0,"CAUCASIAN/WHITE",NA,NA,395,24890,333782,"Bill Spence","PPL CORP","Chairman/CEO","7/1/19","5/31/20","Executive Director","Yes","CEO","Bill","Spence"
126,"ULTA","ULTA BEAUTY INC",178704,0,"CAUCASIAN/WHITE",NA,NA,475,465379,487099,"Mary Dillon","ULTA BEAUTY INC (Ulta Salon Cosmetics & Fragrance Inc prior to 01/2017)","CEO","7/1/13","6/2/21","Executive Director","Yes","CEO","Mary","Dillon"
127,"CCL","CARNIVAL CORPORATION & PLC",13498,1,"BLACK/AFRICAN AMERICAN",NA,NA,72,5867,35264,"Arnold Donald","CARNIVAL CORP","President/CEO","7/3/13","1/1/22","Executive Director","Yes","CEO","Arnold","Donald"
128,"LEN","LENNAR CORP",6669,0,"CAUCASIAN/WHITE",NA,NA,276,18703,67887,"Rick Beckwitt","LENNAR CORP","CEO","4/11/18","11/2/20","Executive Director","Yes","CEO","Rick","Beckwitt"
129,"NCLH","NORWEGIAN CRUISE LINE HLDGS",104432,1,"HISPANIC/LATIN AMERICAN",NA,NA,334,1925428,1451131,"Frank Del Rio","NORWEGIAN CRUISE LINE HOLDINGS LTD","President/CEO","8/4/15","6/30/23","Executive Director","Yes","CEO","Frank","Del Rio"
130,"RCL","ROYAL CARIBBEAN GROUP",28191,0,"CAUCASIAN/WHITE",NA,NA,410,26625,13413,"Richard Fain","ROYAL CARIBBEAN CRUISES LTD (ROYAL CARIBBEAN GROUP)","Chairman/CEO","4/1/88","1/3/22","Executive Director","Yes","CEO","Richard","Fain"
131,"CMG","CHIPOTLE MEXICAN GRILL INC",165914,0,"CAUCASIAN/WHITE",NA,NA,91,598752,1457763,"Ryan Schneider","COMPUTER MODELLING GROUP LTD","President/CEO","7/12/18","5/10/22","Executive Director","Yes","CEO","Ryan","Schneider"
132,"EW","EDWARDS LIFESCIENCES CORP",133366,0,"CAUCASIAN/WHITE",NA,NA,169,10156,90062,"Mike Mussallem","EDWARDS LIFESCIENCES CORP","Chairman/CEO","3/31/00","5/11/23","Executive Director","Yes","CEO","Mike","Mussallem"
133,"SWKS","SKYWORKS SOLUTIONS INC",1327,0,"CAUCASIAN/WHITE",NA,NA,447,1573,327486,"Liam Griffin","SKYWORKS SOLUTIONS INC (Alpha Industries prior to 6/2002)","President/CEO","5/11/16","5/13/21","Executive Director","Yes","CEO","Liam","Griffin"
134,"HSY","HERSHEY CO",5597,0,"CAUCASIAN/WHITE",NA,NA,227,14714,485170,"Michele Buck","HERSHEY CO (THE)","Chairman/President/CEO","10/11/19","","Executive Director","Yes","CEO","Michele","Buck"
135,"LVS","LAS VEGAS SANDS CORP",161844,0,"CAUCASIAN/WHITE",NA,NA,290,603630,373289,"Sheldon Adelson","LAS VEGAS SANDS CORP","Chairman/CEO/Treasurer","8/1/04","1/11/21","Executive Director","Yes","CEO","Sheldon","Adelson"
136,"WYNN","WYNN RESORTS LTD",149318,0,"CAUCASIAN/WHITE",NA,NA,511,136226,488858,"Matt Maddox","WYNN RESORTS LTD","CEO","5/29/19","1/31/22","Executive Director","Yes","CEO","Matt","Maddox"
137,"BR","BROADRIDGE FINANCIAL SOLUTNS",176928,0,"CAUCASIAN/WHITE",NA,NA,NA,NA,NA,NA,NA,NA,NA,NA,NA,NA,NA,NA,NA
138,"KIM","KIMCO REALTY CORP",24731,0,"CAUCASIAN/WHITE",NA,NA,265,17915,888666,"Conor Flynn","KIMCO REALTY CORP","CEO","2/27/17","","Executive Director","Yes","CEO","Conor","Flynn"
139,"FLIR","FLIR SYSTEMS INC",28477,0,"CAUCASIAN/WHITE",NA,NA,186,12112,1301933,"Jim Cannon","FLIR SYSTEMS INC (De-listed 05/2021)","President/CEO","6/19/17","5/14/21","Executive Director","Yes","CEO","Jim","Cannon"
140,"FE","FIRSTENERGY CORP",8099,0,"CAUCASIAN/WHITE",NA,NA,182,11964,621318,"Chuck Jones Jr","FIRSTENERGY CORP","President/CEO","1/1/15","5/24/20","Executive Director","No","CEO","Chuck","Jones Jr"
140,"FE","FIRSTENERGY CORP",8099,0,"CAUCASIAN/WHITE",NA,NA,183,11964,621318,"Steven E. Strah","FIRSTENERGY CORP","President/CEO","10/1/20","","Executive Director","No","CEO","Chuck","Jones Jr"
141,"BRK.B","BERKSHIRE HATHAWAY",2176,0,"CAUCASIAN/WHITE",NA,NA,60,4080,32543,"Warren Buffett","BERKSHIRE HATHAWAY INC","Chairman/CEO","1/1/70","","Executive Director","No","CEO","Warren","Buffett"
142,"UNP","UNION PACIFIC CORP",10867,0,"CAUCASIAN/WHITE",NA,NA,478,31786,603672,"Lance Fritz","UNION PACIFIC CORP","Chairman/President/CEO","10/1/15","8/14/23","Executive Director","Yes","CEO","Lance","Fritz"
143,"DE","DEERE & CO",3835,0,"CAUCASIAN/WHITE",NA,NA,122,8886,1070838,"John May","DEERE & CO","President/CEO","11/4/19","5/1/20","Executive Director","No","CEO","John","May"
144,"RF","REGIONS FINANCIAL CORP",4674,0,"CAUCASIAN/WHITE",NA,NA,413,550049,488345,"John Turner Jr","REGIONS FINANCIAL CORP","President/CEO","7/2/18","","Executive Director","Yes","CEO","John","Turner Jr"
145,"VMC","VULCAN MATERIALS CO",11228,0,"CAUCASIAN/WHITE",NA,NA,491,32979,1085549,"Tom Hill","VULCAN MATERIALS CO","Chairman/President/CEO","1/1/16","9/20/23","Executive Director","Yes","CEO","Tom","Hill"
146,"APA","APA CORP",1678,0,"CAUCASIAN/WHITE",NA,NA,33,2307,535064,"John Christmann IV","APA CORP (Apache Corp prior to 03/2021)","President/CEO","1/20/15","1/1/24","Executive Director","Yes","CEO","John","Christmann IV"
147,"BKR","BAKER HUGHES CO",32106,0,"CAUCASIAN/WHITE",NA,NA,57,3415,641184,"Lorenzo Simonelli","BAKER HUGHES CO (Baker Hughes a GE Co prior to 10/2019)","Chairman/President/CEO","10/2/17","","Executive Director","Yes","CEO","Lorenzo","Simonelli"
148,"CCI","CROWN CASTLE INC",113490,0,"CAUCASIAN/WHITE",NA,NA,71,8304,620002,"Jay Brown","CROWN CASTLE INC (Crown Castle International Corp prior to 08/2022)","President/CEO","6/1/16","1/16/24","Executive Director","Yes","CEO","Jay","Brown"
149,"CNP","CENTERPOINT ENERGY INC",5742,0,"CAUCASIAN/WHITE",NA,NA,NA,NA,NA,NA,NA,NA,NA,NA,NA,NA,NA,NA,NA
150,"COP","CONOCOPHILLIPS",8549,0,"CAUCASIAN/WHITE",NA,NA,97,24355,486834,"Ryan Lance","CONOCOPHILLIPS COMPANY","Chairman/CEO","5/1/12","","Executive Director","Yes","CEO","Ryan","Lance"
151,"CTRA","COTERRA ENERGY INC",20548,0,"CAUCASIAN/WHITE",NA,NA,108,5465,202913,"Dan Dinges","COTERRA ENERGY INC (Cabot Oil & Gas Corp prior to 10/2021)","Chairman/President/CEO","5/2/02","10/1/21","Executive Director","Yes","CEO","Dan","Dinges"
152,"EOG","EOG RESOURCES INC",16478,0,"CAUCASIAN/WHITE",NA,NA,159,10844,534761,"Bill Thomas","EOG RESOURCES INC (Enron Oil & Gas Co prior to 09/1999)","Chairman/CEO","1/1/14","9/30/21","Executive Director","Yes","CEO","Bill","Thomas"
153,"HAL","HALLIBURTON CO",5439,0,"CAUCASIAN/WHITE",NA,NA,209,14212,1269010,"Jeff Miller","HALLIBURTON CO","Chairman/President/CEO","1/1/19","","Executive Director","Yes","CEO","Jeff","Miller"
154,"HPE","HEWLETT PACKARD ENTERPRISE",26156,1,"HISPANIC/LATIN AMERICAN",NA,NA,222,2358912,1192124,"Antonio Neri","HEWLETT PACKARD ENTERPRISE CO","President/CEO","2/1/18","","Executive Director","Yes","CEO","Antonio","Neri"
155,"KMI","KINDER MORGAN INC",6310,0,"CAUCASIAN/WHITE",NA,NA,268,1687673,480557,"Steve Kean","KINDER MORGAN INC (Kinder Morgan Holdco LLC prior to 02/2011)","CEO","4/18/18","8/1/23","Executive Director","Yes","CEO","Steve","Kean"
156,"LYB","LYONDELLBASELL INDUSTRIES NV",294524,1,"INDIAN/SOUTH ASIAN",NA,NA,293,1667126,1092110,"Bob Patel","LYONDELLBASELL INDUSTRIES NV","CEO","6/1/18","12/31/21","Executive Director","Yes","CEO","Bob","Patel"
157,"MRO","MARATHON OIL CORP",7017,0,"CAUCASIAN/WHITE",NA,NA,321,32067,1314672,"Lee Tillman","MARATHON OIL CORP (USX Marathon Group prior to 01/2002)","Chairman/President/CEO","2/1/19","","Executive Director","Yes","CEO","Lee","Tillman"
158,"NOV","NOV INC",63892,0,"CAUCASIAN/WHITE",NA,NA,343,21553,207048,"Clay Williams","NOV INC (National Oilwell Varco Inc prior to 01/2021)","Chairman/President/CEO","5/30/14","","Executive Director","Yes","CEO","Clay","Williams"
159,"NRG","NRG ENERGY INC",135990,1,"HISPANIC/LATIN AMERICAN",NA,NA,345,22626,598675,"Mauricio Gutierrez","NRG ENERGY INC","President/CEO","1/4/16","11/17/23","Executive Director","Yes","CEO","Mauricio","Gutierrez"
160,"OXY","OCCIDENTAL PETROLEUM CORP",8068,0,"CAUCASIAN/WHITE",NA,NA,367,22899,1304382,"Vicki Hollub","OCCIDENTAL PETROLEUM CORP","President/CEO","4/29/16","","Executive Director","Yes","CEO","Vicki","Hollub"
161,"PSX","PHILLIPS 66",170841,0,"CAUCASIAN/WHITE",NA,NA,399,1813482,1089975,"Greg Garland","PHILLIPS 66","Chairman/CEO","6/1/14","7/1/22","Executive Director","Yes","CEO","Greg","Garland"
162,"PWR","QUANTA SERVICES INC",66446,0,"CAUCASIAN/WHITE",NA,NA,403,25544,1048547,"Duke Austin Jr","QUANTA SERVICES INC","President/CEO/COO","3/14/16","1/26/22","Executive Director","Yes","CEO","Duke","Austin Jr"
163,"SLB","SCHLUMBERGER LTD",9465,0,"CAUCASIAN/WHITE",NA,NA,435,27242,484858,"Olivier Le Peuch","SCHLUMBERGER LIMITED","CEO","8/1/19","","Executive Director","Yes","CEO","Olivier","Le Peuch"
164,"SYY","SYSCO CORP",10247,0,"CAUCASIAN/WHITE",NA,NA,NA,NA,NA,NA,NA,NA,NA,NA,NA,NA,NA,NA,NA
165,"TRGP","TARGA RESOURCES CORP",185532,0,"CAUCASIAN/WHITE",NA,NA,NA,NA,NA,NA,NA,NA,NA,NA,NA,NA,NA,NA,NA
166,"WM","WASTE MANAGEMENT INC",14477,0,"CAUCASIAN/WHITE",NA,NA,504,33114,1119364,"Jim Fish Jr","WASTE MANAGEMENT INC","President/CEO","11/10/16","","Executive Director","Yes","CEO","Jim","Fish Jr"
167,"MTB","M & T BANK CORP",4699,0,"CAUCASIAN/WHITE",NA,NA,328,19327,484476,"Rene Jones","M&T BANK CORP","Chairman/CEO","12/20/17","","Executive Director","Yes","CEO","Rene","Jones"
168,"CARR","CARRIER GLOBAL CORP",36191,0,"CAUCASIAN/WHITE",NA,NA,NA,NA,NA,NA,NA,NA,NA,NA,NA,NA,NA,NA,NA
169,"NEE","NEXTERA ENERGY INC",4517,0,"CAUCASIAN/WHITE",NA,NA,336,12407,39031,"Jim Robo","NEXTERA ENERGY INC (FPL Group Inc prior to 05/2010)","Chairman/President/CEO","12/13/13","3/1/22","Executive Director","Yes","CEO","Jim","Robo"
170,"SBAC","SBA COMMUNICATIONS CORP",121382,0,"CAUCASIAN/WHITE",NA,NA,427,27160,346056,"Jeff Stoops","SBA COMMUNICATIONS CORP","President/CEO","1/1/02","12/31/23","Executive Director","Yes","CEO","Jeff","Stoops"
171,"BWA","BORGWARNER INC",28742,0,"CAUCASIAN/WHITE",NA,NA,62,4839,1195691,"Frederic Lissalde","BORGWARNER INC","President/CEO","8/1/18","","Executive Director","Yes","CEO","Frederic","Lissalde"
172,"NI","NISOURCE INC",7974,0,"CAUCASIAN/WHITE",NA,NA,339,22260,594908,"Joe Hamrock","NISOURCE INC (NIPSCO Industries Inc prior to 04/1999)","President/CEO","7/1/15","2/14/22","Executive Director","Yes","CEO","Joe","Hamrock"
173,"ES","EVERSOURCE ENERGY",7970,0,"CAUCASIAN/WHITE",NA,NA,164,22660,206005,"Jim Judge","EVERSOURCE ENERGY (Northeast Utilities prior to 02/2015)","Chairman/President/CEO","5/3/17","5/5/21","Executive Director","Yes","CEO","Jim","Judge"
174,"CTAS","CINTAS CORP",3062,0,"CAUCASIAN/WHITE",NA,NA,105,6877,38311,"Scott Farmer","CINTAS CORP","Chairman/CEO","9/30/16","5/31/21","Executive Director","Yes","CEO","Scott","Farmer"
175,"FITB","FIFTH THIRD BANCORP",4640,0,"CAUCASIAN/WHITE",NA,NA,185,324,203638,"Greg Carmichael","FIFTH THIRD BANCORP","Chairman/President/CEO","2/1/18","10/26/20","Executive Director","Yes","CEO","Greg","Carmichael"
176,"KR","KROGER CO",6502,0,"CAUCASIAN/WHITE",NA,NA,271,18195,35937,"William McMullen","KROGER CO","Chairman/CEO","1/1/15","","Executive Director","Yes","CEO","William","McMullen"
177,"PG","PROCTER & GAMBLE CO",8762,0,"CAUCASIAN/WHITE",NA,NA,379,25150,549272,"David Taylor","PROCTER & GAMBLE CO","Chairman/President/CEO","7/1/16","11/1/21","Executive Director","Yes","CEO","David","Taylor"
178,"IPGP","IPG PHOTONICS CORP",175955,0,"CAUCASIAN/WHITE",NA,NA,245,16949,552050,"Doctor Valentin Gapontsev","IPG PHOTONICS CORP","Chairman/CEO","1/1/98","5/4/21","Executive Director","Yes","CEO","Valentin","Gapontsev"
179,"WAT","WATERS CORP",61574,0,"CAUCASIAN/WHITE",NA,NA,NA,NA,NA,NA,NA,NA,NA,NA,NA,NA,NA,NA,NA
180,"WELL","WELLTOWER INC",5543,0,"CAUCASIAN/WHITE",NA,NA,500,14484,183802,"Tom DeRosa","WELLTOWER INC (Health Care REIT Inc prior to 09/2015)","Chairman/CEO","5/2/19","10/5/20","Executive Director","Yes","CEO","Tom","DeRosa"
181,"BDX","BECTON DICKINSON & CO",2111,0,"CAUCASIAN/WHITE",NA,NA,NA,NA,NA,NA,NA,NA,NA,NA,NA,NA,NA,NA,NA
182,"CTSH","COGNIZANT TECH SOLUTIONS",111864,0,"CAUCASIAN/WHITE",NA,NA,109,7256,515842,"Brian Humphries","COGNIZANT TECHNOLOGY SOLUTIONS CORP","CEO","4/1/19","1/12/23","Executive Director","Yes","CEO","Brian","Humphries"
183,"BALL","BALL CORP",1988,0,"CAUCASIAN/WHITE",NA,NA,45,3439,456592,"John Hayes","BALL CORP","Chairman/President/CEO","4/24/13","1/1/21","Executive Director","Yes","CEO","John","Hayes"
184,"TAP","MOLSON COORS BEVERAGE CO",3505,0,"CAUCASIAN/WHITE",NA,NA,451,7847,1202080,"Gavin Hattersley","MOLSON COORS BEVERAGE CO (Molson Coors Brewing Co prior to 01/2020)","President/CEO","9/28/19","","Executive Director","Yes","CEO","Gavin","Hattersley"
185,"DOV","DOVER CORP",4058,0,"CAUCASIAN/WHITE",NA,NA,132,9555,480780,"Rich Tobin","DOVER CORP","President/CEO","5/1/18","2/10/24","Executive Director","Yes","CEO","Rich","Tobin"
186,"AME","AMETEK INC",1598,0,"CAUCASIAN/WHITE",NA,NA,26,2058,205055,"David Zapico","AMETEK INC","Chairman/CEO","7/7/17","","Executive Director","Yes","CEO","David","Zapico"
187,"LNC","LINCOLN NATIONAL CORP",6742,0,"CAUCASIAN/WHITE",NA,NA,282,18908,54612,"Dennis Glass","LINCOLN NATIONAL CORP","President/CEO","7/6/07","5/27/22","Executive Director","Yes","CEO","Dennis","Glass"
188,"WST","WEST PHARMACEUTICAL SVSC INC",11376,0,"CAUCASIAN/WHITE",NA,NA,508,33314,1194462,"Eric Green","WEST PHARMACEUTICAL SERVICES INC","President/CEO","12/17/15","5/24/22","Executive Director","Yes","CEO","Eric","Green"
189,"APH","AMPHENOL CORP",14282,0,"CAUCASIAN/WHITE",NA,NA,35,2100,496788,"Richard Norwitt","AMPHENOL CORP","President/CEO","1/5/09","","Executive Director","Yes","CEO","Richard","Norwitt"
190,"VLO","VALERO ENERGY CORP",15247,0,"CAUCASIAN/WHITE",NA,NA,NA,NA,NA,NA,NA,NA,NA,NA,NA,NA,NA,NA,NA
191,"SYK","STRYKER CORP",10115,1,"INDIAN/SOUTH ASIAN",NA,NA,449,29405,1117420,"Kevin Lobo","STRYKER CORP","Chair/CEO","8/1/18","10/1/21","Executive Director","Yes","CEO","Kevin","Lobo"
192,"FTV","FORTIVE CORP",26590,0,"CAUCASIAN/WHITE",NA,NA,194,2482889,372492,"Jim Lico","FORTIVE CORP","President/CEO","7/2/16","","Executive Director","Yes","CEO","Jim","Lico"
193,"PAYX","PAYCHEX INC",8402,0,"CAUCASIAN/WHITE",NA,NA,370,23945,39151,"Martin Mucci","PAYCHEX INC","President/CEO","10/14/10","12/1/21","Executive Director","Yes","CEO","Martin","Mucci"
194,"BF.B","BROWN FORMAN CORP",2435,0,"CAUCASIAN/WHITE",NA,NA,51,5210,1113025,"Lawson Whiting","BROWN FORMAN CORP","President/CEO","3/28/19","","Executive Director","Yes","CEO","Lawson","Whiting"
195,"HUM","HUMANA INC",27914,0,"CAUCASIAN/WHITE",NA,NA,229,15207,272234,"Bruce Broussard","HUMANA INC","President/CEO","1/1/13","1/8/24","Executive Director","Yes","CEO","Bruce","Broussard"
196,"YUM","YUM BRANDS INC",65417,0,"CAUCASIAN/WHITE",NA,NA,NA,NA,NA,NA,NA,NA,NA,NA,NA,NA,NA,NA,NA
197,"AMGN","AMGEN INC",1602,0,"CAUCASIAN/WHITE",NA,NA,27,2068,534543,"Bob Bradway","AMGEN INC","Chairman/President/CEO","1/1/13","","Executive Director","Yes","CEO","Bob","Bradway"
198,"TDY","TELEDYNE TECHNOLOGIES INC",126721,0,"CAUCASIAN/WHITE",NA,NA,NA,NA,NA,NA,NA,NA,NA,NA,NA,NA,NA,NA,NA
199,"HWM","HOWMET AEROSPACE INC",28192,0,"CAUCASIAN/WHITE",NA,NA,NA,NA,NA,NA,NA,NA,NA,NA,NA,NA,NA,NA,NA
200,"KHC","KRAFT HEINZ CO",5568,0,"CAUCASIAN/WHITE",NA,NA,NA,NA,NA,NA,NA,NA,NA,NA,NA,NA,NA,NA,NA
201,"PNC","PNC FINANCIAL SVCS GROUP INC",8245,0,"CAUCASIAN/WHITE",NA,NA,388,24669,44576,"William Demchak","PNC FINANCIAL SERVICES GROUP INC","Chairman/President/CEO","4/22/14","2/20/24","Executive Director","Yes","CEO","William","Demchak"
202,"PPG","PPG INDUSTRIES INC",8247,0,"CAUCASIAN/WHITE",NA,NA,394,24887,624113,"Michael McGarry","PPG INDUSTRIES INC","Chairman/CEO","9/1/16","1/1/23","Executive Director","Yes","CEO","Michael","McGarry"
203,"WAB","WABTEC CORP",60979,1,"HISPANIC/LATIN AMERICAN",NA,NA,497,33000,1188120,"Rafael Santana","WESTINGHOUSE AIR BRAKE TECHNOLOGIES CORP","President/CEO","7/1/19","","Executive Director","Yes","CEO","Rafael","Santana"
204,"CTLT","CATALENT INC",20228,0,"CAUCASIAN/WHITE",NA,NA,106,2129696,1047323,"John Chiminski","CATALENT INC","Chairman/CEO","2/13/19","7/1/22","Executive Director","Yes","CEO","John","Chiminski"
205,"DXCM","DEXCOM INC",162887,0,"CAUCASIAN/WHITE",NA,NA,142,373917,346517,"Kevin Sayer","DEXCOM INC","Chairman/President/CEO","7/30/18","","Executive Director","Yes","CEO","Kevin","Sayer"
206,"ILMN","ILLUMINA INC",138205,1,"INDIAN/SOUTH ASIAN",NA,NA,234,15581,647025,"Francis DeSouza","ILLUMINA INC","President/CEO","7/5/16","6/11/23","Executive Director","Yes","CEO","Francis","DeSouza"
207,"O","REALTY INCOME CORP",30822,1,"INDIAN/SOUTH ASIAN",NA,NA,358,25864,1128307,"Sumit Roy","REALTY INCOME CORP","President/CEO","10/16/18","","Executive Director","Yes","CEO","Sumit","Roy"
208,"QCOM","QUALCOMM INC",24800,0,"CAUCASIAN/WHITE",NA,NA,406,25529,34486,"Doctor Irwin Jacobs","QUALCOMM INC","Chairman/CEO Emeritus","3/6/12","","Executive Director","Yes","CEO","Irwin ","Jacobs"
208,"QCOM","QUALCOMM INC",24800,0,"CAUCASIAN/WHITE",NA,NA,407,25529,640531,"Steve Mollenkopf","QUALCOMM INC","CEO","3/4/14","6/30/21","Executive Director","Yes","CEO","Steve","Mollenkopf"
209,"RMD","RESMED INC",31887,1,"OTHER",NA,NA,419,26113,1089889,"Mick Farrell","RESMED INC","CEO","3/1/13","1/25/23","Executive Director","Yes","CEO","Mick","Farrell"
210,"SRE","SEMPRA ENERGY",8272,0,"CAUCASIAN/WHITE",NA,NA,NA,NA,NA,NA,NA,NA,NA,NA,NA,NA,NA,NA,NA
211,"JNJ","JOHNSON & JOHNSON",6266,0,"CAUCASIAN/WHITE",NA,NA,256,17478,747756,"Alex Gorsky","JOHNSON & JOHNSON","Chairman/CEO","12/28/12","1/3/22","Executive Director","Yes","CEO","Alex","Gorsky"
212,"CFG","CITIZENS FINANCIAL GROUP INC",21825,0,"CAUCASIAN/WHITE",NA,NA,79,2150201,35815,"Bruce van Saun","CITIZENS FINANCIAL GROUP INC","Chairman/CEO","9/24/14","","Executive Director","Yes","CEO","Bruce","van Saun"
213,"CVS","CVS HEALTH CORP",7241,0,"CAUCASIAN/WHITE",NA,NA,113,8468,45626,"Larry Merlo","CVS HEALTH CORP (CVS Caremark Corp prior to 09/2014)","President/CEO","3/1/11","2/1/21","Executive Director","Yes","CEO","Larry","Merlo"
214,"HAS","HASBRO INC",5518,0,"CAUCASIAN/WHITE",NA,NA,210,14399,205487,"Brian Goldner","HASBRO INC","Chairman/CEO","2/6/17","10/12/21","Executive Director","Yes","CEO","Brian","Goldner"
215,"TXT","TEXTRON INC",10519,0,"CAUCASIAN/WHITE",NA,NA,470,30529,32459,"Scott Donnelly","TEXTRON INC","Chairman/President/CEO","9/1/10","","Executive Director","Yes","CEO","Scott","Donnelly"
216,"DISH","DISH NETWORK CORP",60900,0,"CAUCASIAN/WHITE",NA,NA,NA,NA,NA,NA,NA,NA,NA,NA,NA,NA,NA,NA,NA
217,"HRL","HORMEL FOODS CORP",5709,0,"CAUCASIAN/WHITE",NA,NA,224,15070,806078,"Jim Snee","HORMEL FOODS CORP","Chairman/President/CEO","11/20/17","","Executive Director","Yes","CEO","Jim","Snee"
218,"DRI","DARDEN RESTAURANTS INC",31846,0,"CAUCASIAN/WHITE",NA,NA,135,8697,200799,"Gene Lee Jr","DARDEN RESTAURANTS INC","President/CEO","2/22/15","1/4/21","Executive Director","Yes","CEO","Gene","Lee Jr"
219,"ABBV","ABBVIE INC",16101,1,"HISPANIC/LATIN AMERICAN",NA,NA,6,1921326,33494,"Rick Gonzalez","ABBVIE INC","Chairman/CEO","1/2/13","","Executive Director","Yes","CEO","Rick","Gonzalez"
220,"ABT","ABBOTT LABORATORIES",1078,1,"HISPANIC/LATIN AMERICAN",NA,NA,NA,NA,NA,NA,NA,NA,NA,NA,NA,NA,NA,NA,NA
221,"BAX","BAXTER INTERNATIONAL INC",2086,1,"HISPANIC/LATIN AMERICAN",NA,NA,46,3684,327852,"Joe Almeida","BAXTER INTERNATIONAL INC","Chairman/President/CEO","1/1/16","","Executive Director","Yes","CEO","Joe","Almeida"
222,"CAT","CATERPILLAR INC",2817,0,"CAUCASIAN/WHITE",NA,NA,68,6052,1079119,"Jim Umpleby III","CATERPILLAR INC","Chairman/CEO","12/12/18","","Executive Director","Yes","CEO","Jim","Umpleby III"
223,"CDW","CDW CORP",28320,0,"CAUCASIAN/WHITE",NA,NA,76,1961452,452866,"Chris Leahy","CDW CORP","President/CEO","1/1/19","1/5/23","Executive Director","Yes","CEO","Chris","Leahy"
224,"CF","CF INDUSTRIES HOLDINGS INC",163946,0,"CAUCASIAN/WHITE",NA,NA,78,665753,534187,"Tony Will","CF INDUSTRIES HLDGS INC","President/CEO","1/2/14","","Executive Director","Yes","CEO","Tony","Will"
225,"DFS","DISCOVER FINANCIAL SVCS",177376,0,"CAUCASIAN/WHITE",NA,NA,124,78171,33852,"Roger Hochschild","DISCOVER FINANCIAL SERVICES INC","President/CEO","10/1/18","8/14/23","Executive Director","Yes","CEO","Roger","Hochschild"
226,"FBHS","FORTUNE BRANDS HOME & SECUR",188255,0,"CAUCASIAN/WHITE",NA,NA,NA,NA,NA,NA,NA,NA,NA,NA,NA,NA,NA,NA,NA
227,"GWW","GRAINGER (W W) INC",5256,0,"CAUCASIAN/WHITE",NA,NA,208,13725,881638,"DG Macpherson","WW GRAINGER INC","Chairman/CEO","10/1/17","","Executive Director","Yes","CEO","DG","Macpherson"
228,"PKG","PACKAGING CORP OF AMERICA",128978,0,"CAUCASIAN/WHITE",NA,NA,384,23635,205273,"Mark Kowlzan","PACKAGING CORP OF AMERICA","Chairman/CEO","1/1/16","","Executive Director","Yes","CEO","Mark","Kowlzan"
229,"WBA","WALGREENS BOOTS ALLIANCE INC",11264,0,"CAUCASIAN/WHITE",NA,NA,498,33026,3997,"Stefano Pessina","WALGREENS BOOTS ALLIANCE INC (Walgreen Co prior to 12/2014)","Executive Vice Chairman/CEO","7/9/15","3/15/21","Executive Director","Yes","CEO","Stefano","Pessina"
230,"ZBRA","ZEBRA TECHNOLOGIES CP -CL A",24405,0,"CAUCASIAN/WHITE",NA,NA,521,34075,204453,"Anders Gustafsson","ZEBRA TECHNOLOGIES CORP","CEO","9/4/07","3/1/23","Executive Director","Yes","CEO","Anders","Gustafsson"
231,"ABC","AMERISOURCEBERGEN CORP",31673,0,"CAUCASIAN/WHITE",NA,NA,NA,NA,NA,NA,NA,NA,NA,NA,NA,NA,NA,NA,NA
232,"UHS","UNIVERSAL HEALTH SVCS INC",11032,0,"CAUCASIAN/WHITE",NA,NA,474,31865,81852,"Alan Miller","UNIVERSAL HEALTH SERVICES INC","Chairman/CEO","5/20/09","1/1/21","Executive Director","Yes","CEO","Alan","Miller"
233,"ABMD","ABIOMED INC",13619,0,"CAUCASIAN/WHITE",NA,NA,7,481,336173,"Mike Minogue","ABIOMED INC (De-listed 12/2022)","Chairman/President/CEO","6/15/05","12/22/22","Executive Director","Yes","CEO","Mike","Minogue"
234,"BKNG","BOOKING HOLDINGS INC",119314,0,"CAUCASIAN/WHITE",NA,NA,56,25022,549248,"Glenn Fogel","BOOKING HOLDINGS INC (Priceline Group Inc (The) prior to 02/2018)","President/CEO/Division CEO","6/26/19","","Executive Director","Yes","CEO","Glenn","Fogel"
235,"CHTR","CHARTER COMMUNICATIONS INC",126136,0,"CAUCASIAN/WHITE",NA,NA,82,1661731,334487,"Tom Rutledge","CHARTER COMMUNICATIONS INC (Spectrum)","Chairman/CEO","7/26/16","11/30/22","Executive Director","Yes","CEO","Tom","Rutledge"
236,"IT","GARTNER INC",12441,0,"CAUCASIAN/WHITE",NA,NA,250,12862,35090,"Gene Hall","GARTNER INC (Gartner Group Inc prior to 08/2001)","CEO","8/3/04","","Executive Director","Yes","CEO","Gene","Hall"
237,"PBCT","PEOPLE'S UNITED FINL INC",16245,0,"CAUCASIAN/WHITE",NA,NA,371,1013530,204547,"Jack Barnes","PEOPLE'S UNITED FINANCIAL INC (De-listed 04/2022)","Chairman/CEO","6/26/18","4/4/22","Executive Director","Yes","CEO","Jack","Barnes"
238,"SYF","SYNCHRONY FINANCIAL",20686,0,"CAUCASIAN/WHITE",NA,NA,448,2129744,1111132,"Margaret Keane","SYNCHRONY FINANCIAL","CEO","5/2/19","4/1/21","Executive Director","Yes","CEO","Margaret","Keane"
239,"URI","UNITED RENTALS INC",66065,0,"CAUCASIAN/WHITE",NA,NA,480,32144,628081,"Matt Flannery","UNITED RENTALS INC","President/CEO","5/8/19","","Executive Director","Yes","CEO","Matt","Flannery"
240,"WRB","BERKLEY (W R) CORP",14822,0,"CAUCASIAN/WHITE",NA,NA,NA,NA,NA,NA,NA,NA,NA,NA,NA,NA,NA,NA,NA
241,"XRX","XEROX HOLDINGS CORP",11636,0,"CAUCASIAN/WHITE",NA,NA,516,33850,1117881,"John Visentin","XEROX HOLDINGS CORP (Xerox Corp prior to 08/2019)","Vice Chairman/CEO","5/14/18","6/28/22","Executive Director","Yes","CEO","John","Visentin"
242,"CI","CIGNA CORP",2547,0,"CAUCASIAN/WHITE",NA,NA,83,6837,486024,"David Cordani","THE CIGNA GROUP (Cigna Corp prior to 02/2023)","President/CEO","12/25/09","1/1/22","Executive Director","Yes","CEO","David","Cordani"
243,"HIG","HARTFORD FINANCIAL SERVICES",61739,0,"CAUCASIAN/WHITE",NA,NA,216,14372,1073631,"Chris Swift","HARTFORD FINANCIAL SERVICES GROUP INC","Chairman/CEO","1/5/15","","Executive Director","Yes","CEO","Chris","Swift"
244,"OTIS","OTIS WORLDWIDE CORP",36190,0,"CAUCASIAN/WHITE",NA,NA,NA,NA,NA,NA,NA,NA,NA,NA,NA,NA,NA,NA,NA
245,"SWK","STANLEY BLACK & DECKER INC",10016,0,"CAUCASIAN/WHITE",NA,NA,446,29065,204774,"Jim Loree","STANLEY BLACK & DECKER INC","President/CEO","8/1/16","2/23/21","Executive Director","Yes","CEO","Jim","Loree"
246,"CTVA","CORTEVA INC",35168,0,"CAUCASIAN/WHITE",NA,NA,110,3039776,1010737,"Jim Collins Jr","CORTEVA INC","CEO","6/3/19","11/1/21","Executive Director","Yes","CEO","Jim","Collins Jr"
247,"DRE","DUKE REALTY CORP",13510,0,"CAUCASIAN/WHITE",NA,NA,134,9730,333005,"Jim Connor","DUKE REALTY CORP (De-listed 10/2022)","Chairman/CEO","4/26/17","10/3/22","Executive Director","Yes","CEO","Jim","Connor"
248,"ELV","ELEVANCE HEALTH INC",145046,0,"CAUCASIAN/WHITE",NA,NA,154,2273,184069,"Gail Boudreaux","ELEVANCE HEALTH INC (Anthem Inc prior to 06/2022)","President/CEO","11/20/17","","Executive Director","Yes","CEO","Gail","Boudreaux"
249,"LLY","LILLY (ELI) & CO",6730,0,"CAUCASIAN/WHITE",NA,NA,280,18888,1068880,"Dave Ricks","ELI LILLY & CO","Chair/President/CEO","6/1/17","","Executive Director","Yes","CEO","Dave","Ricks"
250,"SPG","SIMON PROPERTY GROUP INC",29389,0,"CAUCASIAN/WHITE",NA,NA,441,28041,70877,"David Simon","SIMON PROPERTY GROUP INC","Chairman/President/CEO","2/15/19","","Executive Director","Yes","CEO","David","Simon"
251,"AZO","AUTOZONE INC",23809,0,"CAUCASIAN/WHITE",NA,NA,43,3154,49966,"Bill Rhodes III","AUTOZONE INC","Chairman/President/CEO","6/6/07","1/2/24","Executive Director","Yes","CEO","Bill","Rhodes III"
252,"FDX","FEDEX CORP",4598,0,"CAUCASIAN/WHITE",NA,NA,181,11664,43076,"Fred Smith","FEDEX CORP","Chairman/CEO","2/1/17","5/31/22","Executive Director","Yes","CEO","Fred","Smith"
253,"IP","INTL PAPER CO",6104,0,"CAUCASIAN/WHITE",NA,NA,243,16569,621903,"Mark Sutton","INTERNATIONAL PAPER CO","Chairman/CEO","1/1/15","","Executive Director","Yes","CEO","Mark","Sutton"
254,"MAA","MID-AMERICA APT CMNTYS INC",29649,0,"CAUCASIAN/WHITE",NA,NA,295,20625,341827,"H Bolton Jr","MID-AMERICA APARTMENT COMMUNITIES INC","Chairman/President/CEO","10/1/02","","Executive Director","Yes","CEO","H","Bolton Jr"
255,"DG","DOLLAR GENERAL CORP",4016,0,"CAUCASIAN/WHITE",NA,NA,125,1605214,487710,"Todd Vasos","DOLLAR GENERAL CORP","CEO","6/3/15","11/1/22","Executive Director","Yes","CEO","Todd","Vasos"
256,"HCA","HCA HEALTHCARE INC",22260,0,"CAUCASIAN/WHITE",NA,NA,213,1692837,35175,"Sam Hazen","HCA HEALTHCARE INC (HCA Holdings Inc prior to 05/2017)","CEO","1/1/19","","Executive Director","Yes","CEO","Sam","Hazen"
257,"CTXS","CITRIX SYSTEMS INC",61676,0,"CAUCASIAN/WHITE",NA,NA,NA,NA,NA,NA,NA,NA,NA,NA,NA,NA,NA,NA,NA
258,"KMX","CARMAX INC",64410,0,"CAUCASIAN/WHITE",NA,NA,269,107377,1011736,"Bill Nash","CARMAX INC","President/CEO","9/1/16","","Executive Director","Yes","CEO","Bill","Nash"
259,"AEP","AMERICAN ELECTRIC POWER CO",1440,0,"CAUCASIAN/WHITE",NA,NA,14,1809,533555,"Nick Akins","AMERICAN ELECTRIC POWER CO INC","Chairman/President/CEO","1/1/14","8/10/22","Executive Director","Yes","CEO","Nick","Akins"
260,"BBWI","BATH & BODY WORKS INC",6733,0,"CAUCASIAN/WHITE",NA,NA,49,18892,53436,"Leslie Wexner","BATH & BODY WORKS INC (L Brands Inc prior to 08/2021)","Chairman/CEO","1/1/02","5/14/20","Executive Director","No","CEO","Leslie","Wexner"
261,"CAH","CARDINAL HEALTH INC",2751,0,"CAUCASIAN/WHITE",NA,NA,66,5811,517277,"Mike Kaufmann","CARDINAL HEALTH INC","CEO","9/1/19","9/1/22","Executive Director","Yes","CEO","Mike","Kaufmann"
262,"HBAN","HUNTINGTON BANCSHARES",5786,0,"CAUCASIAN/WHITE",NA,NA,211,15235,200105,"Steve Steinour","HUNTINGTON BANCSHARES INC","Chairman/President/CEO","1/14/09","","Executive Director","Yes","CEO","Steve","Steinour"
263,"ATO","ATMOS ENERGY CORP",4383,0,"CAUCASIAN/WHITE",NA,NA,37,2963,806085,"John Akers","ATMOS ENERGY CORP","President/CEO","10/1/19","","Executive Director","Yes","CEO","John","Akers"
264,"CBRE","CBRE GROUP INC",260774,0,"CAUCASIAN/WHITE",NA,NA,70,6083,272769,"Bob Sulentic","CBRE GROUP INC (CB Richard Ellis Group Inc prior to 10/2011)","President/CEO","12/1/12","11/17/23","Executive Director","Yes","CEO","Bob","Sulentic"
265,"CE","CELANESE CORP",162254,0,"CAUCASIAN/WHITE",NA,NA,NA,NA,NA,NA,NA,NA,NA,NA,NA,NA,NA,NA,NA
266,"CMA","COMERICA INC",3231,0,"CAUCASIAN/WHITE",NA,NA,NA,NA,NA,NA,NA,NA,NA,NA,NA,NA,NA,NA,NA
267,"CPRT","COPART INC",29901,0,"CAUCASIAN/WHITE",NA,NA,100,7852,183351,"Jay Adair","COPART INC","CEO","2/12/10","4/1/22","Executive Director","Yes","CEO","Jay","Adair"
268,"FLS","FLOWSERVE CORP",4108,0,"CAUCASIAN/WHITE",NA,NA,187,12153,1304182,"Robert Rowe","FLOWSERVE CORP","President/CEO","4/1/17","","Executive Director","Yes","CEO","Robert","Rowe"
269,"INVH","INVITATION HOMES INC",30004,0,"CAUCASIAN/WHITE",NA,NA,242,2607907,1862251,"Dallas Tanner","INVITATION HOMES INC","President/CEO","1/16/19","3/1/23","Executive Director","Yes","CEO","Dallas","Tanner"
270,"J","JACOBS ENGINEERING GROUP INC",6216,0,"CAUCASIAN/WHITE",NA,NA,253,17251,349932,"Steve Demetriou","JACOBS SOLUTIONS INC (Jacobs Engineering Group Inc prior to 08/2022)","Chairman/CEO","7/28/16","1/24/23","Executive Director","Yes","CEO","Steve","Demetriou"
271,"KMB","KIMBERLY-CLARK CORP",6435,1,"ASIAN (EXCLUDE INDIAN/SOUTH ASIAN)",NA,NA,NA,NA,NA,NA,NA,NA,NA,NA,NA,NA,NA,NA,NA
272,"LUV","SOUTHWEST AIRLINES",9882,0,"CAUCASIAN/WHITE",NA,NA,289,28696,44881,"Gary Kelly","SOUTHWEST AIRLINES CO","Chairman/CEO","1/10/17","2/1/22","Executive Director","Yes","CEO","Gary","Kelly"
273,"MCK","MCKESSON CORP",7171,0,"CAUCASIAN/WHITE",NA,NA,301,19966,509859,"Doctor Brian Tyler","MCKESSON CORP (McKesson HBOC Inc prior to 08/2001)","CEO","4/1/19","","Executive Director","Yes","CEO","Brian","Tyler"
274,"MTCH","MATCH GROUP INC",26061,1,"INDIAN/SOUTH ASIAN",NA,NA,329,32019,641282,"Joey Levin","MATCH GROUP INC (IAC InterActiveCorp prior to 07/2020)","CEO","6/24/15","6/30/20","Executive Director","Yes","CEO","Joey","Levin"
275,"PXD","PIONEER NATURAL RESOURCES CO",14359,0,"CAUCASIAN/WHITE",NA,NA,404,24506,66062,"Scott Sheffield","PIONEER NATURAL RESOURCES CO","President/CEO","2/21/19","1/1/21","Executive Director","Yes","CEO","Scott","Sheffield"
276,"T","AT&T INC",9899,0,"CAUCASIAN/WHITE",NA,NA,450,27163,33072,"Randall Stephenson Jr","AT&T INC (SBC Communications Inc prior to 11/2005)","Chairman/CEO","10/1/19","7/1/20","Executive Director","Yes","CEO","Randall","Stephenson Jr"
277,"TXN","TEXAS INSTRUMENTS INC",10499,0,"CAUCASIAN/WHITE",NA,NA,469,30509,13520,"Rich Templeton","TEXAS INSTRUMENTS INC","Chairman/President/CEO","7/17/18","4/1/23","Executive Director","Yes","CEO","Rich","Templeton"
278,"XOM","EXXON MOBIL CORP",4503,0,"CAUCASIAN/WHITE",NA,NA,513,11430,1253894,"Darren Woods","EXXON MOBIL CORP","Chairman/CEO","1/1/17","","Executive Director","Yes","CEO","Darren","Woods"
279,"NKE","NIKE INC -CL B",7906,0,"CAUCASIAN/WHITE",NA,NA,NA,NA,NA,NA,NA,NA,NA,NA,NA,NA,NA,NA,NA
280,"IDXX","IDEXX LABS INC",24197,0,"CAUCASIAN/WHITE",NA,NA,232,15486,1254756,"Jonathan Mazelsky","IDEXX LABORATORIES INC","President/CEO","10/23/19","","Executive Director","Yes","CEO","Jonathan","Mazelsky"
281,"AWK","AMERICAN WATER WORKS CO INC",179437,0,"CAUCASIAN/WHITE",NA,NA,NA,NA,NA,NA,NA,NA,NA,NA,NA,NA,NA,NA,NA
282,"CPB","CAMPBELL SOUP CO",2663,0,"CAUCASIAN/WHITE",NA,NA,99,5620,1122227,"Mark Clouse","CAMPBELL SOUP CO","President/CEO","1/22/19","","Executive Director","Yes","CEO","Mark","Clouse"
283,"KEY","KEYCORP",9783,0,"CAUCASIAN/WHITE",NA,NA,263,17862,50551,"Beth Mooney","KEYCORP","Chairman/President/CEO","5/1/11","5/1/20","Executive Director","No","CEO","Beth","Mooney"
284,"PGR","PROGRESSIVE CORP-OHIO",13341,0,"CAUCASIAN/WHITE",NA,NA,380,25199,40291,"Tricia Griffith","PROGRESSIVE CORP (OHIO)","President/CEO","7/1/16","","Executive Director","Yes","CEO","Tricia","Griffith"
285,"PH","PARKER-HANNIFIN CORP",8358,0,"CAUCASIAN/WHITE",NA,NA,382,23834,502142,"Tom Williams","PARKER-HANNIFIN CORP","Chairman/CEO","1/1/16","1/1/23","Executive Director","Yes","CEO","Tom","Williams"
286,"SHW","SHERWIN-WILLIAMS CO",9667,0,"CAUCASIAN/WHITE",NA,NA,433,27786,60662,"John Morikis","SHERWIN-WILLIAMS CO","Chairman/CEO","3/1/19","3/12/21","Executive Director","Yes","CEO","John","Morikis"
287,"TDG","TRANSDIGM GROUP INC",148349,0,"CAUCASIAN/WHITE",NA,NA,453,818089,895408,"Doctor Kevin Stein","TRANSDIGM GROUP INC","President/CEO","4/26/18","","Executive Director","Yes","CEO","Kevin ","Stein"
288,"MRK","MERCK & CO",7257,1,"BLACK/AFRICAN AMERICAN",NA,NA,319,27219,31551,"Ken Frazier","MERCK & CO INC (Schering-Plough Corp prior to 11/2009)","Chairman/President/CEO","12/1/11","4/1/21","Executive Director","Yes","CEO","Ken","Frazier"
289,"IBM","INTL BUSINESS MACHINES CORP",6066,1,"INDIAN/SOUTH ASIAN",NA,NA,NA,NA,NA,NA,NA,NA,NA,NA,NA,NA,NA,NA,NA
290,"MA","MASTERCARD INC",160225,1,"INDIAN/SOUTH ASIAN",NA,NA,NA,NA,NA,NA,NA,NA,NA,NA,NA,NA,NA,NA,NA
291,"PEP","PEPSICO INC",8479,1,"HISPANIC/LATIN AMERICAN",NA,NA,377,24151,1304732,"Ramon Laguarta","PEPSICO INC","Chairman/President/CEO","2/1/19","","Executive Director","Yes","CEO","Ramon","Laguarta"
292,"REGN","REGENERON PHARMACEUTICALS",23812,0,"CAUCASIAN/WHITE",NA,NA,412,25954,201093,"Doctor Len Schleifer","REGENERON PHARMACEUTICALS INC","President/CEO","1/1/94","6/9/23","Executive Director","Yes","CEO","Len ","Schleifer"
293,"XYL","XYLEM INC",189491,0,"CAUCASIAN/WHITE",NA,NA,517,1731107,598774,"Patrick Decker","XYLEM INC","President/CEO","3/17/14","12/31/23","Executive Director","Yes","CEO","Patrick","Decker"
294,"DD","DUPONT DE NEMOURS INC",4060,0,"CAUCASIAN/WHITE",NA,NA,NA,NA,NA,NA,NA,NA,NA,NA,NA,NA,NA,NA,NA
295,"INCY","INCYTE CORP",29127,0,"PREFER NOT TO DISCLOSE",NA,NA,236,15783,1249099,"Herve Hoppenot","INCYTE CORP (Incyte Genomics prior to 03/2003)","Chairman/President/CEO","5/22/15","6/5/23","Executive Director","Yes","CEO","Herve","Hoppenot"
296,"DTE","DTE ENERGY CO",3897,0,"CAUCASIAN/WHITE",NA,NA,137,9693,534436,"Jerry Norcia","DTE ENERGY CO","President/CEO","7/1/19","5/5/22","Executive Director","Yes","CEO","Jerry","Norcia"
297,"F","FORD MOTOR CO",4839,0,"CAUCASIAN/WHITE",NA,NA,176,12262,34156,"Jim Hackett","FORD MOTOR CO","President/CEO","5/22/17","10/1/20","Executive Director","Yes","CEO","Jim","Hackett"
297,"F","FORD MOTOR CO",4839,0,"CAUCASIAN/WHITE",NA,NA,177,1227085,735131,"Tim Warman","FIORE GOLD LTD (Fiore Exploration Ltd prior to 09/2017) (De-listed 01/2022)","CEO","9/25/17","1/12/22","Executive Director","Yes","CEO","Tim","Warman"
298,"GM","GENERAL MOTORS CO",5073,0,"CAUCASIAN/WHITE",NA,NA,202,1673114,892349,"Mary Barra","GENERAL MOTORS CO","Chair/CEO","1/4/16","","Executive Director","Yes","CEO","Mary","Barra"
299,"MAS","MASCO CORP",7085,0,"CAUCASIAN/WHITE",NA,NA,298,19758,1135450,"Keith Allman","MASCO CORP","President/CEO","2/14/14","","Executive Director","Yes","CEO","Keith","Allman"
300,"AOS","SMITH (A.O.)",9771,0,"CAUCASIAN/WHITE",NA,NA,32,28304,1302544,"Kevin Wheeler","SMITH (AO) CORP","President/CEO","9/1/18","5/1/20","Executive Director","No","CEO","Kevin","Wheeler"
301,"ROK","ROCKWELL AUTOMATION",9203,0,"CAUCASIAN/WHITE",NA,NA,420,26468,1108705,"Blake Moret","ROCKWELL AUTOMATION INC","Chairman/President/CEO","1/1/18","","Executive Director","Yes","CEO","Blake","Moret"
302,"WEC","WEC ENERGY GROUP INC",11550,0,"CAUCASIAN/WHITE",NA,NA,499,33607,885203,"Kevin Fletcher","WEC ENERGY GROUP INC (Wisconsin Energy Corp prior to 06/2015)","President/CEO","2/1/19","2/1/22","Executive Director","Yes","CEO","Kevin","Fletcher"
303,"CHD","CHURCH & DWIGHT INC",3026,0,"CAUCASIAN/WHITE",NA,NA,80,6779,336620,"Matthew Farrell","CHURCH & DWIGHT CO INC","Chairman/President/CEO","5/2/19","","Executive Director","Yes","CEO","Matthew","Farrell"
304,"AMP","AMERIPRISE FINANCIAL INC",164708,0,"CAUCASIAN/WHITE",NA,NA,28,667645,33676,"Jim Cracchiolo","AMERIPRISE FINANCIAL INC","Chairman/CEO","9/30/05","","Executive Director","Yes","CEO","Jim","Cracchiolo"
305,"BBY","BEST BUY CO INC",2184,0,"CAUCASIAN/WHITE",NA,NA,50,4118,1713009,"Corie Barry","BEST BUY CO INC","CEO","6/11/19","","Executive Director","Yes","CEO","Corie","Barry"
306,"CHRW","C H ROBINSON WORLDWIDE INC",65609,0,"CAUCASIAN/WHITE",NA,NA,81,6438,1656763,"Bob Biesterfeld Jr","CH ROBINSON WORLDWIDE INC","President/CEO","5/9/19","12/31/22","Executive Director","Yes","CEO","Bob","Biesterfeld Jr"
307,"GIS","GENERAL MILLS INC",5071,0,"CAUCASIAN/WHITE",NA,NA,199,13034,988199,"Jeff Harmening","GENERAL MILLS INC","Chairman/CEO","1/1/18","","Executive Director","Yes","CEO","Jeff","Harmening"
308,"TGT","TARGET CORP",3813,0,"CAUCASIAN/WHITE",NA,NA,458,29978,34696,"Bill Andres","TARGET CORP","Chairman/CEO","","","Executive Director","No","CEO","Bill","Andres"
308,"TGT","TARGET CORP",3813,0,"CAUCASIAN/WHITE",NA,NA,459,29978,310363,"Brian Cornell","TARGET CORP","Chair/CEO","8/12/14","","Executive Director","Yes","CEO","Brian","Cornell"
309,"UNH","UNITEDHEALTH GROUP INC",10903,0,"CAUCASIAN/WHITE",NA,NA,476,32107,333999,"Dave Wichmann","UNITEDHEALTH GROUP INC","CEO","9/1/17","2/4/21","Executive Director","Yes","CEO","Dave","Wichmann"
310,"USB","US BANCORP",4723,0,"CAUCASIAN/WHITE",NA,NA,481,31946,34167,"Andy Cecere","US BANCORP","Chairman/President/CEO","4/17/18","","Executive Director","Yes","CEO","Andy","Cecere"
311,"XEL","XCEL ENERGY INC",7977,0,"CAUCASIAN/WHITE",NA,NA,NA,NA,NA,NA,NA,NA,NA,NA,NA,NA,NA,NA,NA
312,"ADI","ANALOG DEVICES INC",1632,0,"CAUCASIAN/WHITE",NA,NA,9,2145,35469,"Vincent Roche","ANALOG DEVICES INC","President/CEO","5/6/13","3/9/22","Executive Director","Yes","CEO","Vincent","Roche"
313,"AKAM","AKAMAI TECHNOLOGIES INC",125595,0,"CAUCASIAN/WHITE",NA,NA,19,1221,183176,"Doctor Tom Leighton","AKAMAI TECHNOLOGIES INC","CEO","1/1/13","","Executive Director","Yes","CEO","Tom","Leighton"
314,"BIIB","BIOGEN INC",24468,0,"CAUCASIAN/WHITE",NA,NA,53,440155,1694109,"Michel Vounatsos","BIOGEN INC (Biogen Idec Inc prior to 03/2015)","CEO","1/6/17","11/14/22","Executive Director","Yes","CEO","Michel","Vounatsos"
315,"BSX","BOSTON SCIENTIFIC CORP",25279,0,"CAUCASIAN/WHITE",NA,NA,61,4865,879252,"Mike Mahoney","BOSTON SCIENTIFIC CORP","Chairman/President/CEO","5/3/16","","Executive Director","Yes","CEO","Mike","Mahoney"
316,"HOLX","HOLOGIC INC",20904,0,"CAUCASIAN/WHITE",NA,NA,220,14967,41481,"Steve MacMillan","HOLOGIC INC","Chairman/President/CEO","6/16/15","","Executive Director","Yes","CEO","Steve","MacMillan"
317,"KDP","KEURIG DR PEPPER INC",28877,0,"CAUCASIAN/WHITE",NA,NA,262,1057037,989294,"Bob Gamgort Jr","KEURIG DR PEPPER INC (Dr Pepper Snapple Group Inc prior to 07/2018)","Chairman/President/CEO","1/13/19","7/29/22","Executive Director","Yes","CEO","Bob","Gamgort Jr"
318,"MRNA","MODERNA INC",34410,0,"CAUCASIAN/WHITE",NA,NA,320,2959246,507530,"Stephane Bancel","MODERNA INC","CEO","12/7/18","","Executive Director","Yes","CEO","Stephane","Bancel"
319,"PKI","PERKINELMER INC",4145,1,"INDIAN/SOUTH ASIAN",NA,NA,385,1719568,1248755,"Bob Espey","PARKLAND CORP (Parkland Fuel Corp prior to 05/2020)","President/CEO","5/12/11","","Executive Director","Yes","CEO","Bob","Espey"
320,"PODD","INSULET CORP",177227,0,"CAUCASIAN/WHITE",NA,NA,392,862492,1519215,"Shacey Petrovic","INSULET CORPORATION","President/CEO","1/1/19","6/1/22","Executive Director","Yes","CEO","Shacey","Petrovic"
321,"RTN","RAYTHEON CO",8972,0,"CAUCASIAN/WHITE",NA,NA,NA,NA,NA,NA,NA,NA,NA,NA,NA,NA,NA,NA,NA
322,"RTX","RAYTHEON TECHNOLOGIES CORP",10983,0,"CAUCASIAN/WHITE",NA,NA,NA,NA,NA,NA,NA,NA,NA,NA,NA,NA,NA,NA,NA
323,"TER","TERADYNE INC",10453,0,"CAUCASIAN/WHITE",NA,NA,454,30437,488571,"Mark Jagiela","TERADYNE INC","President/CEO","2/1/14","7/1/22","Executive Director","Yes","CEO","Mark","Jagiela"
324,"TJX","TJX COS INC (THE)",11672,0,"CAUCASIAN/WHITE",NA,NA,460,30801,540575,"Ernie Herrman","TJX COS INC","President/CEO","1/31/16","","Executive Director","Yes","CEO","Ernie","Herrman"
325,"TMO","THERMO FISHER SCIENTIFIC INC",10530,0,"CAUCASIAN/WHITE",NA,NA,NA,NA,NA,NA,NA,NA,NA,NA,NA,NA,NA,NA,NA
326,"ARE","ALEXANDRIA R E EQUITIES INC",64821,0,"CAUCASIAN/WHITE",NA,NA,36,72259,1206037,"Jean-Louis Servranckx","AECON GROUP INC","President/CEO","6/4/19","","Executive Director","Yes","CEO","Jean-Louis","Servranckx"
327,"ATVI","ACTIVISION BLIZZARD INC",180405,0,"CAUCASIAN/WHITE",NA,NA,38,725,69696,"Bobby Kotick","ACTIVISION BLIZZARD INC (De-listed 10/2023)","CEO","6/26/17","10/13/23","Executive Director","Yes","CEO","Bobby","Kotick"
328,"AVY","AVERY DENNISON CORP",1913,0,"CAUCASIAN/WHITE",NA,NA,41,3210,530989,"Mitch Butier","AVERY DENNISON CORP","Chairman/President/CEO","4/25/19","2/28/22","Executive Director","Yes","CEO","Mitch","Butier"
329,"DIS","DISNEY (WALT) CO",3980,0,"CAUCASIAN/WHITE",NA,NA,NA,NA,NA,NA,NA,NA,NA,NA,NA,NA,NA,NA,NA
330,"EIX","EDISON INTERNATIONAL",9846,1,"HISPANIC/LATIN AMERICAN",NA,NA,151,10130,791001,"Pedro Pizarro","EDISON INTERNATIONAL","President/CEO","9/30/16","","Executive Director","Yes","CEO","Pedro","Pizarro"
331,"LYV","LIVE NATION ENTERTAINMENT",165746,0,"CAUCASIAN/WHITE",NA,NA,294,814633,551171,"Michael Rapino","LIVE NATION ENTERTAINMENT INC (Live Nation Inc prior to 01/2010)","President/CEO","1/1/18","","Executive Director","Yes","CEO","Michael","Rapino"
332,"PSA","PUBLIC STORAGE",10096,0,"CAUCASIAN/WHITE",NA,NA,397,25380,270150,"Joe Russell Jr","PUBLIC STORAGE (Public Storage Inc prior to 06/2007)","President/CEO","1/1/19","","Executive Director","Yes","CEO","Joe","Russell Jr"
333,"ECL","ECOLAB INC",4213,0,"CAUCASIAN/WHITE",NA,NA,147,10036,51882,"Doug Baker Jr","ECOLAB INC","Chairman/CEO","12/2/11","1/1/21","Executive Director","Yes","CEO","Doug","Baker Jr"
334,"MMM","3M CO",7435,0,"CAUCASIAN/WHITE",NA,NA,315,20777,1310783,"Mike Roman","3M CO (Minnesota Mining & Manufacturing Co prior to 02/2002)","Chairman/President/CEO","6/1/19","9/1/23","Executive Director","Yes","CEO","Mike","Roman"
335,"DLR","DIGITAL REALTY TRUST INC",160991,0,"CAUCASIAN/WHITE",NA,NA,129,641924,374955,"Bill Stein","DIGITAL REALTY TRUST INC","CEO","5/1/15","12/13/22","Executive Director","Yes","CEO","Bill","Stein"
336,"ORCL","ORACLE CORP",12142,0,"CAUCASIAN/WHITE",NA,NA,366,23295,33503,"Safra Catz","ORACLE CORP","CEO","10/18/19","","Executive Director","Yes","CEO","Safra","Catz"
337,"TSLA","TESLA INC",184996,0,"CAUCASIAN/WHITE",NA,NA,464,1650150,1090701,"Elon Musk","TESLA INC (Tesla Motors Inc prior to 02/2017)","CEO","11/7/18","","Executive Director","Yes","CEO","Elon","Musk"
338,"BIO","BIO-RAD LABORATORIES INC",2220,0,"CAUCASIAN/WHITE",NA,NA,54,4311,181631,"Norman Schwartz","BIO RAD LABORATORIES INC","Chairman/President/CEO","1/1/12","","Executive Director","Yes","CEO","Norman","Schwartz"
339,"COO","COOPER COS INC (THE)",3504,0,"CAUCASIAN/WHITE",NA,NA,96,7836,517326,"Al White III","COOPER COMPANIES INC","President/CEO","5/1/18","","Executive Director","Yes","CEO","Al","White III"
340,"CVX","CHEVRON CORP",2991,0,"CAUCASIAN/WHITE",NA,NA,114,6627,343163,"Mike Wirth","CHEVRON CORP","Chairman/CEO","2/1/18","","Executive Director","Yes","CEO","Mike","Wirth"
341,"DPZ","DOMINO'S PIZZA INC",160211,0,"CAUCASIAN/WHITE",NA,NA,133,90132,1110512,"Ritch Allison Jr","DOMINO'S PIZZA INC","CEO","7/1/18","4/26/22","Executive Director","Yes","CEO","Ritch","Allison Jr"
342,"DGX","QUEST DIAGNOSTICS INC",64166,0,"CAUCASIAN/WHITE",NA,NA,126,25578,37246,"Steve Rusckowski","QUEST DIAGNOSTICS INC","Chairman/President/CEO","1/1/17","11/1/22","Executive Director","Yes","CEO","Steve","Rusckowski"
343,"OGN","ORGANON & CO",38821,0,"CAUCASIAN/WHITE",NA,NA,360,1562505,2413290,"Paddy Nicol","OROGEN ROYALTIES INC (Evrim Resources Corp prior to 08/2020)","President/CEO","1/25/11","8/18/20","Executive Director","Yes","CEO","Paddy","Nicol"
344,"VRSK","VERISK ANALYTICS INC",180652,0,"CAUCASIAN/WHITE",NA,NA,494,1586724,982579,"Scott Stephenson","VERISK ANALYTICS INC","Chairman/President/CEO","4/1/16","5/5/22","Executive Director","Yes","CEO","Scott","Stephenson"
345,"A","AGILENT TECHNOLOGIES INC",126554,0,"CAUCASIAN/WHITE",NA,NA,2,1060,598782,"Mike McMullen","AGILENT TECHNOLOGIES INC","President/CEO","3/18/15","","Executive Director","Yes","CEO","Mike","McMullen"
346,"AAPL","APPLE INC",1690,0,"CAUCASIAN/WHITE",NA,NA,5,2355,55422,"Tim Cook","APPLE INC (Apple Computer Inc prior to 01/2007)","CEO","8/24/11","","Executive Director","Yes","CEO","Tim","Cook"
347,"ADBE","ADOBE INC",12540,1,"INDIAN/SOUTH ASIAN",NA,NA,8,808,49351,"Shantanu Narayen","ADOBE INC (Adobe Systems Inc prior to 10/2018)","Chairman/President/CEO","1/27/17","1/13/22","Executive Director","Yes","CEO","Shantanu","Narayen"
348,"AMAT","APPLIED MATERIALS INC",1704,0,"CAUCASIAN/WHITE",NA,NA,24,2382,50901,"Gary Dickerson","APPLIED MATERIALS INC","President/CEO","9/1/13","","Executive Director","Yes","CEO","Gary","Dickerson"
349,"AMD","ADVANCED MICRO DEVICES",1161,1,"ASIAN (EXCLUDE INDIAN/SOUTH ASIAN)",NA,NA,25,881,542142,"Doctor Lisa Su","ADVANCED MICRO DEVICES INC (AMD)","President/CEO","10/8/14","2/14/22","Executive Director","Yes","CEO","Lisa","Su"
350,"ANET","ARISTA NETWORKS INC",20748,1,"INDIAN/SOUTH ASIAN",NA,NA,30,2073894,765053,"Jayshree Ullal","ARISTA NETWORKS INC","President/CEO","6/6/14","12/1/23","Executive Director","Yes","CEO","Jayshree","Ullal"
351,"AVGO","BROADCOM INC",180711,1,"ASIAN (EXCLUDE INDIAN/SOUTH ASIAN)",NA,NA,40,817439,102722,"Hock Tan","BROADCOM INC (Broadcom Ltd prior to 04/2018)","President/CEO","8/6/09","","Executive Director","Yes","CEO","Hock","Tan"
352,"CDNS","CADENCE DESIGN SYSTEMS INC",13421,1,"ASIAN (EXCLUDE INDIAN/SOUTH ASIAN)",NA,NA,75,5480,182411,"Lip-Bu Tan","CADENCE DESIGN SYSTEMS INC","CEO","11/16/17","12/15/21","Executive Director","Yes","CEO","Lip-Bu","Tan"
353,"CSCO","CISCO SYSTEMS INC",20779,0,"CAUCASIAN/WHITE",NA,NA,101,6908,536628,"Chuck Robbins","CISCO SYSTEMS INC","Chair/CEO","12/11/17","","Executive Director","Yes","CEO","Chuck","Robbins"
354,"EBAY","EBAY INC",114524,0,"CAUCASIAN/WHITE",NA,NA,NA,NA,NA,NA,NA,NA,NA,NA,NA,NA,NA,NA,NA
355,"FTNT","FORTINET INC",183377,1,"ASIAN (EXCLUDE INDIAN/SOUTH ASIAN)",NA,NA,193,1606380,1055310,"Ken Xie","FORTINET INC","Chairman/CEO","11/11/13","","Executive Director","Yes","CEO","Ken","Xie"
356,"GOOGL","ALPHABET INC",160329,1,"INDIAN/SOUTH ASIAN",NA,NA,204,116351,887679,"Sundar Pichai","ALPHABET INC (Google Inc prior to 10/2015)","CEO","12/3/19","","Executive Director","Yes","CEO","Sundar","Pichai"
357,"HPQ","HP INC",5606,1,"HISPANIC/LATIN AMERICAN",NA,NA,223,14722,607415,"Enrique Lores","HP INC (Hewlett-Packard Co prior to 11/2015)","President/CEO","11/1/19","","Executive Director","Yes","CEO","Enrique","Lores"
358,"INTC","INTEL CORP",6008,0,"CAUCASIAN/WHITE",NA,NA,240,16239,48076,"Bob Swan","INTEL CORP","CEO","1/30/19","2/15/21","Executive Director","Yes","CEO","Bob","Swan"
359,"INTU","INTUIT INC",27928,1,"MIDDLE-EASTERN/NORTH AFRICAN",NA,NA,241,16626,556870,"Sasan Goodarzi","INTUIT INC","President/CEO","1/1/19","2/1/24","Executive Director","Yes","CEO","Sasan","Goodarzi"
360,"ISRG","INTUITIVE SURGICAL INC",136725,0,"CAUCASIAN/WHITE",NA,NA,249,16627,324511,"Doctor Gary Guthart","INTUITIVE SURGICAL INC","President/CEO","1/1/10","5/16/23","Executive Director","Yes","CEO","Gary","Guthart"
361,"JNPR","JUNIPER NETWORKS INC",121718,1,"ASIAN (EXCLUDE INDIAN/SOUTH ASIAN)",NA,NA,258,17580,1275216,"Rami Rahim","JUNIPER NETWORKS INC","CEO","11/10/14","","Executive Director","Yes","CEO","Rami","Rahim"
362,"KLAC","KLA CORP",6304,0,"CAUCASIAN/WHITE",NA,NA,267,17984,51071,"Rick Wallace","KLA CORP (KLA Tencor Corp prior to 07/2019)","President/CEO","11/13/08","","Executive Director","Yes","CEO","Rick","Wallace"
363,"MXIM","MAXIM INTEGRATED PRODUCTS",14256,1,"MIDDLE-EASTERN/NORTH AFRICAN",NA,NA,333,19863,36387,"Tunc Doluca","MAXIM INTEGRATED PRODUCTS INC (De-listed 08/2021)","President/CEO","1/1/07","8/26/21","Executive Director","Yes","CEO","Tunc","Doluca"
364,"NFLX","NETFLIX INC",147579,0,"CAUCASIAN/WHITE",NA,NA,338,93427,182088,"Wilmot Hastings Jr","NETFLIX INC","Chairman/President/CEO","7/1/99","7/14/20","Executive Director","Yes","CEO","Wilmot","Hastings Jr"
365,"NOW","SERVICENOW INC",171007,0,"CAUCASIAN/WHITE",NA,NA,344,1830138,206474,"Bill McDermott","SERVICENOW INC","President/CEO","11/18/19","10/25/22","Executive Director","Yes","CEO","Bill","McDermott"
366,"NTAP","NETAPP INC",61591,1,"INDIAN/SOUTH ASIAN",NA,NA,349,21903,1448606,"George Kurian","NETAPP INC (Network Appliance Inc prior to 03/2008)","President/CEO","5/20/16","7/1/20","Executive Director","Yes","CEO","George","Kurian"
367,"NVDA","NVIDIA CORP",117768,1,"ASIAN (EXCLUDE INDIAN/SOUTH ASIAN)",NA,NA,353,22806,83377,"Jensen Huang","NVIDIA CORP","President/CEO","4/1/93","","Executive Director","Yes","CEO","Jensen","Huang"
368,"PYPL","PAYPAL HOLDINGS INC",24616,0,"CAUCASIAN/WHITE",NA,NA,405,2308850,54611,"Dan Schulman","PAYPAL HOLDINGS INC","President/CEO","7/17/15","9/27/23","Executive Director","Yes","CEO","Dan","Schulman"
369,"SIVB","SVB FINANCIAL GROUP",17120,0,"CAUCASIAN/WHITE",NA,NA,NA,NA,NA,NA,NA,NA,NA,NA,NA,NA,NA,NA,NA
370,"SNPS","SYNOPSYS INC",24975,0,"CAUCASIAN/WHITE",NA,NA,438,29816,64702,"Doctor Aart De Geus","SYNOPSYS INC","Chairman/Co-CEO","5/21/12","4/30/22","Executive Director","Yes","CEO","Aart ","De Geus"
370,"SNPS","SYNOPSYS INC",24975,0,"CAUCASIAN/WHITE",NA,NA,439,29816,64712,"Doctor Chi-Foon Chan","SYNOPSYS INC","President/Co-CEO","5/21/12","11/1/21","Executive Director","Yes","CEO","ChiFoon ","Chan"
371,"TRMB","TRIMBLE INC",22815,0,"CAUCASIAN/WHITE",NA,NA,NA,NA,NA,NA,NA,NA,NA,NA,NA,NA,NA,NA,NA
372,"VAR","VARIAN MEDICAL SYSTEMS INC",11115,0,"CAUCASIAN/WHITE",NA,NA,487,32375,453565,"Dow Wilson","VARIAN MEDICAL SYSTEMS INC (De-listed 04/2021)","President/CEO","9/29/12","10/5/20","Executive Director","Yes","CEO","Dow","Wilson"
373,"WDC","WESTERN DIGITAL CORP",11399,0,"CAUCASIAN/WHITE",NA,NA,NA,NA,NA,NA,NA,NA,NA,NA,NA,NA,NA,NA,NA
374,"XLNX","XILINX INC",22325,1,"ASIAN (EXCLUDE INDIAN/SOUTH ASIAN)",NA,NA,512,33857,339239,"Victor Peng","XILINX INC (De-listed 02/2022)","President/CEO","1/29/18","2/14/22","Executive Director","Yes","CEO","Victor","Peng"
375,"ADM","ARCHER-DANIELS-MIDLAND CO",1722,1,"HISPANIC/LATIN AMERICAN",NA,NA,10,2490,890753,"Juan Luciano","ARCHER-DANIELS-MIDLAND CO","Chairman/President/CEO","1/1/16","","Executive Director","Yes","CEO","Juan","Luciano"
376,"AJG","ARTHUR J GALLAGHER & CO",4973,0,"CAUCASIAN/WHITE",NA,NA,18,12761,81627,"Pat Gallagher Jr","ARTHUR J GALLAGHER & CO","Chairman/President/CEO","10/19/06","1/1/24","Executive Director","Yes","CEO","Pat","Gallagher Jr"
377,"ALL","ALLSTATE CORP",28349,0,"CAUCASIAN/WHITE",NA,NA,22,1534,34944,"Tom Wilson II","ALLSTATE CORP","Chairman/President/CEO","2/23/18","","Executive Director","Yes","CEO","Tom","Wilson II"
378,"BA","BOEING CO",2285,0,"CAUCASIAN/WHITE",NA,NA,NA,NA,NA,NA,NA,NA,NA,NA,NA,NA,NA,NA,NA
379,"CAG","CONAGRA BRANDS INC",3362,0,"CAUCASIAN/WHITE",NA,NA,65,7619,837621,"Sean Connolly","CONAGRA BRANDS INC (Conagra Foods Inc prior to 11/2016)","President/CEO","4/6/15","","Executive Director","Yes","CEO","Sean","Connolly"
380,"CBOE","CBOE GLOBAL MARKETS INC",184500,0,"CAUCASIAN/WHITE",NA,NA,69,1647824,1058282,"Ed Tilly","CBOE GLOBAL MARKETS INC (CBOE Holdings Inc prior to 10/2017)","Chairman/President/CEO","1/14/19","5/12/22","Executive Director","Yes","CEO","Ed","Tilly"
381,"CME","CME GROUP INC",149070,0,"CAUCASIAN/WHITE",NA,NA,90,268946,91452,"The Hon. Terry Duffy","CME GROUP INC (Chicago Mercantile Exchange Holdings Inc prior to 07/2007)","Chairman/CEO","11/10/16","","Executive Director","Yes","CEO","Terry","Duffy"
382,"EQR","EQUITY RESIDENTIAL",28733,0,"CAUCASIAN/WHITE",NA,NA,162,10928,552575,"Mark Parrell","EQUITY RESIDENTIAL (Equity Residential Properties Trust prior to 10/2002)","President/CEO","12/31/18","","Executive Director","Yes","CEO","Mark","Parrell"
383,"EXC","EXELON CORP",8539,0,"CAUCASIAN/WHITE",NA,NA,172,11376,534954,"Chris Crane","EXELON CORP","President/CEO","3/12/12","10/17/22","Executive Director","Yes","CEO","Chris","Crane"
384,"GEHC","GE HEALTHCARE TECHNOLOGI INC",41818,0,"CAUCASIAN/WHITE",NA,NA,NA,NA,NA,NA,NA,NA,NA,NA,NA,NA,NA,NA,NA
385,"IEX","IDEX CORP",15267,0,"CAUCASIAN/WHITE",NA,NA,NA,NA,NA,NA,NA,NA,NA,NA,NA,NA,NA,NA,NA
386,"ITW","ILLINOIS TOOL WORKS",5878,0,"CAUCASIAN/WHITE",NA,NA,251,15580,534201,"Ernest Santi","ILLINOIS TOOL WORKS INC (ITW)","Chairman/CEO","5/8/15","1/1/24","Executive Director","Yes","CEO","Ernest","Santi"
387,"LKQ","LKQ CORP",155394,0,"CAUCASIAN/WHITE",NA,NA,279,463860,1523271,"Nick Zarcone","LKQ CORPORATION INC","President/CEO","5/31/17","","Executive Director","Yes","CEO","Nick","Zarcone"
388,"MCD","MCDONALD'S CORP",7154,0,"CAUCASIAN/WHITE",NA,NA,299,19944,1381393,"Chris Kempczinski","MCDONALD'S CORP","President/CEO","11/1/19","","Executive Director","Yes","CEO","Chris","Kempczinski"
389,"MDLZ","MONDELEZ INTERNATIONAL INC",142953,0,"CAUCASIAN/WHITE",NA,NA,304,18164,640369,"Doctor Dirk van de Put","MONDELEZ INTERNATIONAL INC","Chairman/CEO","4/1/18","","Executive Director","Yes","CEO","Dirk ","van de Put"
390,"MSI","MOTOROLA SOLUTIONS INC",7585,0,"CAUCASIAN/WHITE",NA,NA,326,21174,42861,"Greg Brown","MOTOROLA SOLUTIONS INC","Chairman/CEO","5/3/11","","Executive Director","Yes","CEO","Greg","Brown"
391,"NTRS","NORTHERN TRUST CORP",7982,0,"CAUCASIAN/WHITE",NA,NA,351,22509,1122917,"Mike O'Grady","NORTHERN TRUST CORP","Chairman/President/CEO","1/23/19","","Executive Director","Yes","CEO","Mike","O'Grady"
392,"UAL","UNITED AIRLINES HOLDINGS INC",10795,0,"CAUCASIAN/WHITE",NA,NA,472,31575,160071,"Oscar Munoz","UNITED AIRLINES HOLDINGS INC (United Continental Holdings Inc prior to 07/2019)","CEO","8/29/16","5/20/20","Executive Director","No","CEO","Oscar","Munoz"
393,"VTR","VENTAS INC",110179,0,"CAUCASIAN/WHITE",NA,NA,495,32450,180625,"Debra Cafaro","VENTAS INC (Vencor Inc prior to 04/1998)","Chairman/CEO","11/2/10","","Executive Director","Yes","CEO","Debra","Cafaro"
394,"KEYS","KEYSIGHT TECHNOLOGIES INC",20232,0,"CAUCASIAN/WHITE",NA,NA,264,2163313,598783,"Ron Nersesian","KEYSIGHT TECHNOLOGIES INC","Chairman/President/CEO","11/1/19","5/1/22","Executive Director","Yes","CEO","Ron","Nersesian"
395,"ALK","ALASKA AIR GROUP INC",1230,0,"CAUCASIAN/WHITE",NA,NA,21,1273,220505,"Brad Tilden","ALASKA AIR GROUP INC","Chairman/President/CEO","1/1/14","3/31/21","Executive Director","Yes","CEO","Brad","Tilden"
396,"AMZN","AMAZON.COM INC",64768,0,"CAUCASIAN/WHITE",NA,NA,29,1703,45136,"Jeff Bezos","AMAZON.COM INC","Chairman/President/CEO","10/1/00","7/5/21","Executive Director","Yes","CEO","Jeff","Bezos"
397,"COST","COSTCO WHOLESALE CORP",29028,0,"CAUCASIAN/WHITE",NA,NA,98,8022,43701,"W Jelinek","COSTCO WHOLESALE CORP","President/CEO","1/1/12","2/2/22","Executive Director","Yes","CEO","W","Jelinek"
398,"EXPD","EXPEDITORS INTL WASH INC",4494,0,"CAUCASIAN/WHITE",NA,NA,174,11401,452655,"Jeff Musser","EXPEDITORS INTERNATIONAL OF WASHINGTON INC","President/CEO","3/1/14","","Executive Director","Yes","CEO","Jeff","Musser"
399,"EXPE","EXPEDIA GROUP INC",126296,0,"CAUCASIAN/WHITE",NA,NA,NA,NA,NA,NA,NA,NA,NA,NA,NA,NA,NA,NA,NA
400,"FFIV","F5 INC",121077,1,"BLACK/AFRICAN AMERICAN",NA,NA,NA,NA,NA,NA,NA,NA,NA,NA,NA,NA,NA,NA,NA
401,"MSFT","MICROSOFT CORP",12141,1,"INDIAN/SOUTH ASIAN",NA,NA,325,20601,499383,"Satya Nadella","MICROSOFT CORP","CEO","2/4/14","6/16/21","Executive Director","Yes","CEO","Satya","Nadella"
402,"PCAR","PACCAR INC",8253,0,"CAUCASIAN/WHITE",NA,NA,372,23563,1526154,"R Feight","PACCAR INC","CEO","7/1/19","","Executive Director","Yes","CEO","R","Feight"
403,"SBUX","STARBUCKS CORP",25434,0,"CAUCASIAN/WHITE",NA,NA,428,29093,31844,"Kevin Johnson","STARBUCKS CORP","President/CEO","4/3/17","4/4/22","Executive Director","Yes","CEO","Kevin","Johnson"
404,"TMUS","T-MOBILE US INC",17874,0,"CAUCASIAN/WHITE",NA,NA,NA,NA,NA,NA,NA,NA,NA,NA,NA,NA,NA,NA,NA
405,"WY","WEYERHAEUSER CO",11456,0,"CAUCASIAN/WHITE",NA,NA,510,33418,1266749,"Devin Stockfish","WEYERHAEUSER CO","President/CEO","1/1/19","","Executive Director","Yes","CEO","Devin","Stockfish"
406,"LNT","ALLIANT ENERGY CORP",11554,0,"CAUCASIAN/WHITE",NA,NA,283,1476,896820,"John Larsen","ALLIANT ENERGY CORP","Chair/President/CEO","7/1/19","2/27/23","Executive Director","Yes","CEO","John","Larsen"
407,"ETSY","ETSY INC",23238,0,"CAUCASIAN/WHITE",NA,NA,167,2236759,765386,"Josh Silverman","ETSY INC","President/CEO","5/3/17","","Executive Director","Yes","CEO","Josh","Silverman"
408,"ADP","AUTOMATIC DATA PROCESSING",1891,1,"HISPANIC/LATIN AMERICAN",NA,NA,11,3101,745222,"Carlos Rodriguez","AUTOMATIC DATA PROCESSING INC (ADP)","President/CEO","11/8/11","1/1/22","Executive Director","Yes","CEO","Carlos","Rodriguez"
409,"PEG","PUBLIC SERVICE ENTRP GRP INC",8810,0,"CAUCASIAN/WHITE",NA,NA,375,25378,204007,"Doctor Ralph Izzo","PUBLIC SERVICE ENTERPRISE GROUP INC","Chairman/President/CEO","4/1/07","8/31/22","Executive Director","Yes","CEO","Ralph ","Izzo"
410,"PRU","PRUDENTIAL FINANCIAL INC",143356,0,"CAUCASIAN/WHITE",NA,NA,396,25332,885991,"Charlie Lowrey Jr","PRUDENTIAL FINANCIAL INC","Chairman/President/CEO","4/5/19","","Executive Director","Yes","CEO","Charlie","Lowrey Jr"
411,"BEN","FRANKLIN RESOURCES INC",4885,0,"CAUCASIAN/WHITE",NA,NA,NA,NA,NA,NA,NA,NA,NA,NA,NA,NA,NA,NA,NA
412,"EA","ELECTRONIC ARTS INC",16721,0,"CAUCASIAN/WHITE",NA,NA,145,10364,1207036,"Andrew Wilson","ELECTRONIC ARTS INC","CEO","9/17/13","8/12/21","Executive Director","Yes","CEO","Andrew","Wilson"
413,"EQIX","EQUINIX INC",138743,0,"CAUCASIAN/WHITE",NA,NA,161,10899,1089745,"Charles Meyers","EQUINIX INC","President/CEO","9/12/18","","Executive Director","Yes","CEO","Charles","Meyers"
414,"ESS","ESSEX PROPERTY TRUST",30293,0,"CAUCASIAN/WHITE",NA,NA,165,11060,182075,"Mike Schall","ESSEX PROPERTY TRUST INC (Essex Property Corp prior to 06/1994)","President/CEO","1/1/11","3/31/23","Executive Director","Yes","CEO","Mike","Schall"
415,"GILD","GILEAD SCIENCES INC",24856,0,"CAUCASIAN/WHITE",NA,NA,198,13273,1015485,"Daniel O'Day","GILEAD SCIENCES INC","Chairman/CEO","3/1/19","","Executive Director","Yes","CEO","Daniel","O'Day"
416,"META","META PLATFORMS INC",170617,0,"CAUCASIAN/WHITE",NA,NA,308,1820060,646335,"Mark Zuckerberg","META PLATFORMS INC (Facebook Inc prior to 11/2021)","Chairman/CEO","5/18/12","","Executive Director","Yes","CEO","Mark","Zuckerberg"
417,"RHI","ROBERT HALF INTL INC",2312,0,"CAUCASIAN/WHITE",NA,NA,415,26429,81587,"Michael Waddell","ROBERT HALF INC (Robert Half International Inc prior to 07/2023)","Vice Chairman/CEO/President","12/15/19","","Executive Director","Yes","CEO","Michael","Waddell"
418,"V","VISA INC",179534,0,"CAUCASIAN/WHITE",NA,NA,486,937594,33689,"Al Kelly Jr","VISA INC","Chairman/CEO","4/16/19","2/1/23","Executive Director","Yes","CEO","Al","Kelly Jr"
419,"AIV","APARTMENT INVST & MGMT CO",30490,0,"CAUCASIAN/WHITE",NA,NA,16,2310,87112,"The Hon. Terry Considine","APARTMENT INVESTMENT & MANAGEMENT CO (AIMCO)","Chairman/CEO","2/10/09","12/15/20","Executive Director","Yes","CEO","Terry","Considine"
420,"DVA","DAVITA INC",61483,1,"HISPANIC/LATIN AMERICAN",NA,NA,139,8783,655130,"Javier Rodriguez","DAVITA INC (DaVita HealthCare Partners Inc prior to 09/2016)","CEO","6/1/19","","Executive Director","Yes","CEO","Javier","Rodriguez"
421,"NEM","NEWMONT CORP",7881,0,"CAUCASIAN/WHITE",NA,NA,337,22069,1378869,"Tom Palmer","NEWMONT CORP (Newmont Goldcorp Corp prior to 01/2020)","President/CEO","10/1/19","","Executive Director","Yes","CEO","Tom","Palmer"
422,"PEAK","HEALTHPEAK PROPERTIES INC",13125,0,"CAUCASIAN/WHITE",NA,NA,NA,NA,NA,NA,NA,NA,NA,NA,NA,NA,NA,NA,NA
423,"VFC","VF CORP",11060,0,"CAUCASIAN/WHITE",NA,NA,488,32574,831805,"Steve Rendle","VF CORP","Chairman (Executive)/President/CEO","10/28/17","12/2/22","Executive Director","Yes","CEO","Steve","Rendle"
424,"WU","WESTERN UNION CO",175263,0,"CAUCASIAN/WHITE",NA,NA,509,840164,502258,"Hikmet Ersek","WESTERN UNION CO","President/CEO","9/1/10","12/31/21","Executive Director","Yes","CEO","Hikmet","Ersek"
425,"CLX","CLOROX CO/DE",3121,0,"CAUCASIAN/WHITE",NA,NA,87,7089,750963,"Benno Dorer","CLOROX COMPANY (THE)","Chairman/CEO","8/15/16","9/14/20","Executive Director","Yes","CEO","Benno","Dorer"
426,"ENPH","ENPHASE ENERGY INC",187450,1,"INDIAN/SOUTH ASIAN",NA,NA,157,1810090,1197971,"Badri Kothandaraman","ENPHASE ENERGY INC","President/CEO","9/3/17","","Executive Director","Yes","CEO","Badri","Kothandaraman"
427,"LRCX","LAM RESEARCH CORP",6565,0,"CAUCASIAN/WHITE",NA,NA,286,18384,487342,"Tim Archer","LAM RESEARCH CORP","President/CEO","12/5/18","","Executive Director","Yes","CEO","Tim","Archer"
428,"PCG","PG&E CORP",8264,0,"White",NA,NA,373,24303,47996,"Bill Johnson","PG&E CORP","President/CEO","6/21/19","6/30/20","Executive Director","Yes","CEO","Bill","Johnson"
429,"ROST","ROSS STORES INC",9248,0,"CAUCASIAN/WHITE",NA,NA,423,26560,487157,"Barbara Rentler","ROSS STORES INC","CEO","6/1/14","5/19/21","Executive Director","Yes","CEO","Barbara","Rentler"
430,"ALXN","ALEXION PHARMACEUTICALS INC",62263,0,"CAUCASIAN/WHITE",NA,NA,23,1355,1077323,"Doctor Ludwig Hantson","ALEXION PHARMACEUTICALS INC (De-listed 07/2021)","CEO","3/27/17","7/21/21","Executive Director","Yes","CEO","Ludwig","Hantson"
431,"AMT","AMERICAN TOWER CORP",105365,0,"CAUCASIAN/WHITE",NA,NA,NA,NA,NA,NA,NA,NA,NA,NA,NA,NA,NA,NA,NA
432,"BXP","BOSTON PROPERTIES INC",64925,0,"CAUCASIAN/WHITE",NA,NA,63,4863,491901,"Owen Thomas","BOSTON PROPERTIES INC","CEO","4/2/13","5/19/22","Executive Director","Yes","CEO","Owen","Thomas"
433,"GE","GENERAL ELECTRIC CO",5047,0,"CAUCASIAN/WHITE",NA,NA,196,12986,36907,"Larry Culp Jr","GENERAL ELECTRIC CO","Chairman/CEO","9/30/18","","Executive Director","Yes","CEO","Larry","Culp Jr"
434,"IRM","IRON MOUNTAIN INC",62374,0,"CAUCASIAN/WHITE",NA,NA,248,17012,1188382,"Bill Meaney","IRON MOUNTAIN INC","President/CEO","1/7/13","","Executive Director","Yes","CEO","Bill","Meaney"
435,"STT","STATE STREET CORP",10035,0,"CAUCASIAN/WHITE",NA,NA,NA,NA,NA,NA,NA,NA,NA,NA,NA,NA,NA,NA,NA
436,"VRTX","VERTEX PHARMACEUTICALS INC",24344,1,"INDIAN/SOUTH ASIAN",NA,NA,NA,NA,NA,NA,NA,NA,NA,NA,NA,NA,NA,NA,NA
437,"CMCSA","COMCAST CORP",3226,0,"CAUCASIAN/WHITE",NA,NA,89,7387,35803,"Brian Roberts","COMCAST CORP (AT&T Comcast Corp prior to 11/2002)","Chairman/President/CEO","5/25/04","10/11/22","Executive Director","Yes","CEO","Brian","Roberts"
438,"FMC","FMC CORP",4510,0,"CAUCASIAN/WHITE",NA,NA,189,12164,51661,"Doctor Pierre Brondeau","FMC CORP","Chairman/CEO","6/1/18","5/31/20","Executive Director","Yes","CEO","Pierre","Brondeau"
439,"AEE","AMEREN CORP",10860,0,"CAUCASIAN/WHITE",NA,NA,13,1976,51707,"Warner Baxter","AMEREN CORP","Chairman/President/CEO","7/1/14","1/1/22","Executive Director","Yes","CEO","Warner","Baxter"
440,"ETR","ENTERGY CORP",7366,0,"CAUCASIAN/WHITE",NA,NA,166,10750,204855,"Leo Denault","ENTERGY CORP","Chairman/CEO","2/1/13","11/1/22","Executive Director","Yes","CEO","Leo","Denault"
441,"ADSK","AUTODESK INC",1878,0,"CAUCASIAN/WHITE",NA,NA,12,3118,1203207,"Doctor Andrew Anagnost","AUTODESK INC","President/CEO","6/19/17","1/19/21","Executive Director","Yes","CEO","Andrew","Anagnost"
442,"CRM","SALESFORCE INC",157855,0,"CAUCASIAN/WHITE",NA,NA,NA,NA,NA,NA,NA,NA,NA,NA,NA,NA,NA,NA,NA
443,"FRC","FIRST REPUBLIC BANK",14275,0,"CAUCASIAN/WHITE",NA,NA,NA,NA,NA,NA,NA,NA,NA,NA,NA,NA,NA,NA,NA
444,"GPS","GAP INC",4990,1,"INDIAN/SOUTH ASIAN",NA,NA,NA,NA,NA,NA,NA,NA,NA,NA,NA,NA,NA,NA,NA
445,"PLD","PROLOGIS INC",29984,1,"MIDDLE-EASTERN/NORTH AFRICAN",NA,NA,386,1710,60091,"Hamid Moghadam","PROLOGIS INC (AMB Property Corp prior to 06/2011)","Chairman/CEO","1/1/13","","Executive Director","Yes","CEO","Hamid","Moghadam"
446,"TWTR","TWITTER INC",18872,0,"CAUCASIAN/WHITE",NA,NA,468,2006706,1132809,"Jack Dorsey","TWITTER INC (De-listed 10/2022)","CEO","9/30/15","11/29/21","Executive Director","Yes","CEO","Jack","Dorsey"
447,"WFC","WELLS FARGO & CO",8007,0,"CAUCASIAN/WHITE",NA,NA,501,33264,33951,"Charlie Scharf","WELLS FARGO & CO","President/CEO","10/21/19","","Executive Director","Yes","CEO","Charlie","Scharf"
448,"AIG","AMERICAN INTERNATIONAL GROUP",1487,0,"CAUCASIAN/WHITE",NA,NA,NA,NA,NA,NA,NA,NA,NA,NA,NA,NA,NA,NA,NA
449,"AIZ","ASSURANT INC",157057,0,"CAUCASIAN/WHITE",NA,NA,17,550072,853893,"Alan Colberg","ASSURANT INC","President/CEO","1/1/15","5/18/21","Executive Director","Yes","CEO","Alan","Colberg"
450,"AXP","AMERICAN EXPRESS CO",1447,0,"CAUCASIAN/WHITE",NA,NA,42,1815,455385,"Steve Squeri","AMERICAN EXPRESS CO","Chairman/CEO","2/1/18","","Executive Director","Yes","CEO","Steve","Squeri"
451,"BK","BANK OF NEW YORK MELLON CORP",2019,0,"CAUCASIAN/WHITE",NA,NA,55,1987552,735008,"Steve Finch","CANADIAN BANC CORP","Chairman/President/CEO","7/15/05","","Executive Director","Yes","CEO","Steve","Finch"
452,"BLK","BLACKROCK INC",124434,0,"CAUCASIAN/WHITE",NA,NA,58,4584,140463,"Larry Fink","BLACKROCK INC","Chairman/CEO","1/1/98","","Executive Director","Yes","CEO","Larry","Fink"
453,"BMY","BRISTOL-MYERS SQUIBB CO",2403,0,"CAUCASIAN/WHITE",NA,NA,59,5118,857412,"Doctor Giovanni Caforio","BRISTOL-MYERS SQUIBB CO","Chairman/CEO","5/2/17","11/1/23","Executive Director","Yes","CEO","Giovanni","Caforio"
454,"C","CITIGROUP INC",3243,0,"CAUCASIAN/WHITE",NA,NA,64,6930,604908,"Mike Corbat","CITIGROUP INC","CEO","10/15/12","2/26/21","Executive Director","Yes","CEO","Mike","Corbat"
455,"CL","COLGATE-PALMOLIVE CO",3170,0,"CAUCASIAN/WHITE",NA,NA,86,2957858,1374341,"Charles Bachtell","CRESCO LABS INC","CEO","12/3/18","","Executive Director","Yes","CEO","Charles","Bachtell"
456,"ED","CONSOLIDATED EDISON INC",3413,0,"CAUCASIAN/WHITE",NA,NA,148,7705,1074910,"John McAvoy","CONSOLIDATED EDISON INC","Chairman/President/CEO","5/12/14","12/29/20","Executive Director","Yes","CEO","John","McAvoy"
457,"EL","ESTEE LAUDER COMPANIES INC",61567,0,"CAUCASIAN/WHITE",NA,NA,152,11074,590109,"Fabrizio Freda","ESTEE LAUDER COS INC","President/CEO","7/1/09","","Executive Director","Yes","CEO","Fabrizio","Freda"
458,"FOXA","FOX CORP",34636,0,"CAUCASIAN/WHITE",NA,NA,NA,NA,NA,NA,NA,NA,NA,NA,NA,NA,NA,NA,NA
459,"GS","GOLDMAN SACHS GROUP INC",114628,0,"CAUCASIAN/WHITE",NA,NA,207,13564,795984,"David Solomon","GOLDMAN SACHS GROUP INC","Chairman/CEO","1/1/19","","Executive Director","Yes","CEO","David","Solomon"
460,"HES","HESS CORP",1380,0,"CAUCASIAN/WHITE",NA,NA,215,1970,64947,"John Hess","HESS CORP (Amerada Hess prior to 05/2006)","CEO","5/16/13","","Executive Director","Yes","CEO","John","Hess"
461,"IFF","INTL FLAVORS & FRAGRANCES",6078,0,"CAUCASIAN/WHITE",NA,NA,233,16530,548131,"Andreas Fibig","INTERNATIONAL FLAVORS & FRAGRANCES INC","Chairman/CEO","12/1/14","2/14/22","Executive Director","Yes","CEO","Andreas","Fibig"
462,"IPG","INTERPUBLIC GROUP OF COS",6136,0,"CAUCASIAN/WHITE",NA,NA,244,16427,48701,"Michael Roth","INTERPUBLIC GROUP OF COMPANIES INC","Chairman/CEO","1/19/05","1/1/21","Executive Director","Yes","CEO","Michael","Roth"
463,"JPM","JPMORGAN CHASE & CO",2968,0,"CAUCASIAN/WHITE",NA,NA,259,17528,33908,"Jamie Dimon","JPMORGAN CHASE & CO","Chairman/CEO","1/30/18","","Executive Director","Yes","CEO","Jamie","Dimon"
464,"L","LOEWS CORP",6781,0,"CAUCASIAN/WHITE",NA,NA,274,19065,36800,"Jim Tisch","LOEWS CORP","President/CEO","1/1/99","","Executive Director","Yes","CEO","Jim","Tisch"
465,"MCO","MOODY'S CORP",139665,0,"CAUCASIAN/WHITE",NA,NA,302,21071,49681,"Raymond McDaniel Jr","MOODYS CORP","President/CEO","4/19/12","12/31/20","Executive Director","Yes","CEO","Raymond","McDaniel Jr"
466,"MET","METLIFE INC",133768,1,"MIDDLE-EASTERN/NORTH AFRICAN",NA,NA,306,20426,1135745,"Michel Khalaf","METLIFE INC","President/CEO","5/1/19","","Executive Director","Yes","CEO","Michel","Khalaf"
467,"MKTX","MARKETAXESS HOLDINGS INC",158742,0,"CAUCASIAN/WHITE",NA,NA,312,551122,446101,"Rick McVey","MARKETAXESS HOLDINGS INC","Chairman/CEO","9/13/06","4/3/23","Executive Director","Yes","CEO","Rick","McVey"
468,"MMC","MARSH & MCLENNAN COS",7065,0,"CAUCASIAN/WHITE",NA,NA,314,19713,592845,"Dan Glaser","MARSH & MCLENNAN COMPANIES INC","President/CEO","1/1/13","12/31/22","Executive Director","Yes","CEO","Dan","Glaser"
469,"MS","MORGAN STANLEY",12124,0,"CAUCASIAN/WHITE",NA,NA,322,21105,34080,"James Gorman","MORGAN STANLEY (Morgan Stanley Dean Witter & Co prior to 07/2002)","Chairman/CEO","1/1/12","1/1/24","Executive Director","Yes","CEO","James","Gorman"
470,"MSCI","MSCI INC",178507,1,"HISPANIC/LATIN AMERICAN",NA,NA,323,1041062,598481,"Henry Fernandez","MSCI INC","Chairman/CEO","10/31/17","","Executive Director","Yes","CEO","Henry","Fernandez"
471,"NDAQ","NASDAQ INC",149337,0,"CAUCASIAN/WHITE",NA,NA,335,42640,483505,"Adena Friedman","NASDAQ INC (NASDAQ OMX Group Inc prior to 09/2015)","President/CEO","1/1/17","1/1/23","Executive Director","Yes","CEO","Adena","Friedman"
472,"NLSN","NIELSEN HOLDINGS PLC",100873,0,"CAUCASIAN/WHITE",NA,NA,340,1684303,140602,"David Kenny","NIELSEN HOLDINGS PLC (Nielsen NV prior to 08/2015) (De-listed 10/2022)","CEO/Chief Diversity Officer","1/1/19","3/23/21","Executive Director","Yes","CEO","David","Kenny"
473,"NWSA","NEWS CORP",18043,0,"CAUCASIAN/WHITE",NA,NA,356,1962516,1282519,"Robert Thomson","NEWS CORP","CEO","6/28/13","","Executive Director","Yes","CEO","Robert","Thomson"
474,"OMC","OMNICOM GROUP INC",4066,0,"CAUCASIAN/WHITE",NA,NA,362,23113,35509,"John Wren III","OMNICOM GROUP INC","Chairman/CEO","5/22/18","","Executive Director","Yes","CEO","John","Wren III"
475,"PARA","PARAMOUNT GLOBAL",13714,0,"CAUCASIAN/WHITE",NA,NA,368,6098,23537,"Bob Bakish","PARAMOUNT GLOBAL (Viacomcbs Inc prior to 02/2022)","President/CEO","12/4/19","","Executive Director","Yes","CEO","Bob","Bakish"
476,"PFE","PFIZER INC",8530,0,"CAUCASIAN/WHITE",NA,NA,NA,NA,NA,NA,NA,NA,NA,NA,NA,NA,NA,NA,NA
477,"PM","PHILIP MORRIS INTERNATIONAL",179621,0,"CAUCASIAN/WHITE",NA,NA,387,1060044,36791,"Andre Calantzopoulos","PHILIP MORRIS INTERNATIONAL INC","CEO","5/8/13","5/5/21","Executive Director","Yes","CEO","Andre","Calantzopoulos"
478,"PVH","PVH CORP",8551,0,"CAUCASIAN/WHITE",NA,NA,401,24356,207452,"Manny Chirico","PVH CORP","Chairman/CEO","6/19/07","2/1/21","Executive Director","Yes","CEO","Manny","Chirico"
479,"RL","RALPH LAUREN CORP",64891,0,"CAUCASIAN/WHITE",NA,NA,418,24726,884348,"Patrice Louvet","RALPH LAUREN CORP","President/CEO","7/3/17","","Executive Director","Yes","CEO","Patrice","Louvet"
480,"SLG","SL GREEN REALTY CORP",65290,0,"CAUCASIAN/WHITE",NA,NA,436,28228,181802,"Marc Holliday","SL GREEN REALTY CORP","Chairman/CEO","1/1/19","12/31/23","Executive Director","Yes","CEO","Marc","Holliday"
481,"SPGI","S&P GLOBAL INC",7163,0,"CAUCASIAN/WHITE",NA,NA,442,19953,604942,"Doug Peterson","S&P GLOBAL INC (McGraw Hill Financial Inc prior to 04/2016)","President/CEO","11/1/13","","Executive Director","Yes","CEO","Doug","Peterson"
482,"TPR","TAPESTRY INC",140541,0,"CAUCASIAN/WHITE",NA,NA,461,7173,271683,"Jide Zeitlin","TAPESTRY INC (Coach Inc prior to 10/2017)","Chairman/CEO","9/4/19","7/20/20","Executive Director","Yes","CEO","Jide","Zeitlin"
483,"TRV","TRAVELERS COS INC",62689,0,"CAUCASIAN/WHITE",NA,NA,463,469152,533891,"Alan Schnitzer","THE TRAVELERS COMPANIES INC (St Paul Travelers Companies Inc prior to 02/2007)","Chairman/CEO","8/1/17","","Executive Director","Yes","CEO","Alan","Schnitzer"
484,"TTWO","TAKE-TWO INTERACTIVE SFTWR",64630,0,"CAUCASIAN/WHITE",NA,NA,467,29924,333171,"Strauss Zelnick","TAKE TWO INTERACTIVE SOFTWARE INC","Chairman (Executive)/CEO","1/1/11","","Executive Director","Yes","CEO","Strauss","Zelnick"
485,"VICI","VICI PROPERTIES INC",32580,0,"CAUCASIAN/WHITE",NA,NA,490,2771146,648089,"Ed Pitoniak","VICI PROPERTIES INC","CEO","2/1/18","","Executive Director","Yes","CEO","Ed","Pitoniak"
486,"VNO","VORNADO REALTY TRUST",11220,0,"CAUCASIAN/WHITE",NA,NA,492,32928,142089,"Steve Roth","VORNADO REALTY TRUST","Chairman/CEO","4/15/13","","Executive Director","Yes","CEO","Steve","Roth"
487,"VZ","VERIZON COMMUNICATIONS INC",2136,0,"CAUCASIAN/WHITE",NA,NA,496,32507,454544,"Hans Vestberg","VERIZON COMMUNICATIONS INC","Chairman/CEO","3/8/19","","Executive Director","Yes","CEO","Hans","Vestberg"
488,"CSGP","COSTAR GROUP INC",112111,0,"CAUCASIAN/WHITE",NA,NA,103,8021,201870,"Andy Florance","COSTAR GROUP INC","President/CEO","1/1/95","","Executive Director","Yes","CEO","Andy","Florance"
489,"DHR","DANAHER CORP",3735,0,"CAUCASIAN/WHITE",NA,NA,128,8663,490718,"Tom Joyce Jr","DANAHER CORP","President/CEO","9/9/14","9/1/20","Executive Director","Yes","CEO","Tom","Joyce Jr"
490,"BG","BUNGE LTD",144435,0,"CAUCASIAN/WHITE",NA,NA,52,5320,500231,"Greg Heckman","BUNGE GLOBAL SA (Bunge Ltd prior to 11/2023)","CEO","4/25/19","","Executive Director","Yes","CEO","Greg","Heckman"
491,"CNC","CENTENE CORP",145552,0,"CAUCASIAN/WHITE",NA,NA,94,6261,201946,"Michael Neidorff","CENTENE CORP","Chairman/President/CEO","4/23/19","9/7/21","Executive Director","Yes","CEO","Michael","Neidorff"
492,"EMR","EMERSON ELECTRIC CO",4321,0,"CAUCASIAN/WHITE",NA,NA,156,10535,35223,"David Farr","EMERSON ELECTRIC CO","Chairman/CEO","10/5/10","2/5/21","Executive Director","Yes","CEO","David","Farr"
493,"HII","HUNTINGTON INGALLS IND INC",186310,0,"CAUCASIAN/WHITE",NA,NA,217,1694757,487356,"Mike Petters","HUNTINGTON INGALLS INDUSTRIES INC","President/CEO","3/31/11","3/1/22","Executive Director","Yes","CEO","Mike","Petters"
