obs,coid,tic,conm_x,gvkey,ceo_name,ceo_race(black)_manual check,ceo_ethnicity_manual check,,ceo_minority,ceo_gender,ceo_female,ceo_active_2020_may26_dec31,firm_multiple_ceos_may26_dec31,firm_coceo_2020,firm_ceo_change_2020_may26_dec31,firm_ceo_change_date_2020,ceo_in_or_out_2020,DateStartRole_boardex,DateEndRole_boardex,Actual_Bermiss_discrepancy,RoleName_boardex,Interim_boardex,ethnicity_boardex (for comparison with ceo_ethnicity column)
1,1,MHK,MOHAWK INDUSTRIES INC,25119,Jeff Lorberbaum,0,Caucasian/White,,0,M,0,1,0,0,0,,,11/4/09,,0,Chairman/CEO,0,CAUCASIAN/WHITE
2,2,ODFL,OLD DOMINION FREIGHT,24617,Greg Gantt,0,Caucasian/White,,0,M,0,1,0,0,0,,,5/16/18,6/30/23,0,President/CEO,0,CAUCASIAN/WHITE
3,3,LOW,LOWE'S COS INC,6829,Marvin Ellison,1,African American/Black,,1,M,0,1,0,0,0,,,7/2/18,6/1/21,0,President/CEO,0,BLACK/AFRICAN AMERICAN
4,4,JBHT,HUNT (JB) TRANSPRT SVCS INC,5783,John Roberts III,0,Caucasian/White,,0,M,0,1,0,0,0,,,1/1/11,8/1/22,0,President/CEO,0,CAUCASIAN/WHITE
5,5,WMT,WALMART INC,11259,Doug McMillon,0,Caucasian/White,,0,M,0,1,0,0,0,,,2/1/14,,0,President/CEO,0,CAUCASIAN/WHITE
6,6,LH,LABORATORY CP OF AMER HLDGS,14960,Adam Schechter,0,Caucasian/White,,0,M,0,1,0,0,0,,,11/1/19,,0,President/CEO,0,CAUCASIAN/WHITE
7,7,TSN,TYSON FOODS INC -CL A,10793,Noel White,0,Caucasian/White,,0,M,0,1,0,0,0,,,12/20/19,10/3/20,0,CEO,0,CAUCASIAN/WHITE
8,8,MKC,MCCORMICK & CO INC,7146,Lawrence Kurzius,0,Caucasian/White,,0,M,0,1,0,0,0,,,1/31/17,6/1/22,0,Chairman/President/CEO,0,CAUCASIAN/WHITE
9,9,OKE,ONEOK INC,8151,Terry Spencer,0,Caucasian/White,,0,M,0,1,0,0,0,,,1/31/14,6/28/21,0,President/CEO,0,CAUCASIAN/WHITE
10,10,TWX,WarnerMedia,164296,Jason Kilar,0,Caucasian/White,,0,M,0,1,0,0,0,,,5/1/20,4/8/22,0,,0,CAUCASIAN/WHITE
11,11,WMB,WILLIAMS COS INC,11506,Alan Armstrong,0,Caucasian/White,,0,M,0,1,0,0,0,,,1/3/11,,0,President/CEO,0,CAUCASIAN/WHITE
12,12,HBI,HANESBRANDS INC,175319,Gerald Evans Jr,0,Caucasian/White,,0,M,0,1,0,0,0,,,10/1/16,8/3/20,0,CEO,0,CAUCASIAN/WHITE
13,13,GPC,GENUINE PARTS CO,5125,Paul Donahue,0,Caucasian/White,,0,M,0,1,0,0,0,,,4/22/19,,0,Chairman/CEO,0,CAUCASIAN/WHITE
14,14,HD,HOME DEPOT INC,5680,Craig Menear,0,Caucasian/White,,0,M,0,1,0,0,0,,,2/2/15,10/5/20,1,Chairman/President/CEO,0,CAUCASIAN/WHITE
15,15,QRVO,QORVO INC,64853,Bob Bruggeworth,0,Caucasian/White,,0,M,0,1,0,0,0,,,1/2/15,,0,President/CEO,0,CAUCASIAN/WHITE
16,16,AFL,AFLAC INC,1449,Daniel P. Amos,0,Caucasian/White,,0,M,0,1,0,0,0,,,6/12/05,,0,,0,
17,17,AAP,ADVANCE AUTO PARTS INC,145977,Tom Greco,0,Caucasian/White,,0,M,0,1,0,0,0,,,8/14/16,9/11/23,0,President/CEO,0,CAUCASIAN/WHITE
18,18,MLM,MARTIN MARIETTA MATERIALS,29733,Ward Nye,0,Caucasian/White,,0,M,0,1,0,0,0,,,5/22/14,,0,Chairman/President/CEO,0,CAUCASIAN/WHITE
19,19,RHT,RED HAT INC,122841,Paul Cormier,0,Caucasian/White,,0,F,1,1,0,0,0,,,4/1/20,7/1/22,0,President/CEO,0,CAUCASIAN/WHITE
20,20,FRT,FEDERAL REALTY INVESTMENT TR,4605,Don Wood,0,Caucasian/White,,0,M,0,1,0,0,0,,,1/1/03,3/11/21,0,President/CEO,0,CAUCASIAN/WHITE
21,21,HST,HOST HOTELS & RESORTS INC,7063,Jim Risoleo,0,Caucasian/White,,0,M,0,1,0,0,0,,,1/1/17,,0,President/CEO,0,CAUCASIAN/WHITE
22,22,LMT,LOCKHEED MARTIN CORP,6774,"Marillyn Hewson, James D. Taiclet",0,Caucasian/White,,0,M,1,1,1,0,1,6/15/20,incoming,,,0,Chairman/President/CEO,0,CAUCASIAN/WHITE
23,23,MAR,MARRIOTT INTL INC,28930,Arne Sorenson,0,Caucasian/White,,0,M,0,1,0,0,0,,,3/31/12,2/15/21,0,President/CEO,0,CAUCASIAN/WHITE
24,24,DVN,DEVON ENERGY CORP,14934,Dave Hager,0,Caucasian/White,,0,M,0,1,0,0,0,,,6/8/16,1/7/21,0,President/CEO,0,CAUCASIAN/WHITE
25,25,PAYC,PAYCOM SOFTWARE INC,20116,Chad Richison,0,Caucasian/White,,0,M,0,1,0,0,0,,,8/1/16,2/7/24,0,Chairman/President/CEO,0,CAUCASIAN/WHITE
26,26,EMN,EASTMAN CHEMICAL CO,29392,Mark Costa,0,Caucasian/White,,0,M,0,1,0,0,0,,,6/30/14,,0,Chair/CEO,0,CAUCASIAN/WHITE
27,27,ALB,ALBEMARLE CORP,29751,J. Kent Masters,0,Caucasian/White,,0,M,0,1,1,0,1,,,4/20/20,,0,,0,
28,28,BAC,BANK OF AMERICA CORP,7647,Brian Moynihan,0,Caucasian/White,,0,M,0,1,0,0,0,,,10/1/14,,0,Chair/President/CEO,0,CAUCASIAN/WHITE
29,29,DUK,DUKE ENERGY CORP,4093,Lynn Good,0,Caucasian/White,,0,M,0,1,0,0,0,,,1/1/16,,0,Chairman/President/CEO,0,CAUCASIAN/WHITE
30,30,HON,HONEYWELL INTERNATIONAL INC,1300,Darius Adamczyk,0,Caucasian/White,,0,M,0,1,0,0,0,,,4/23/18,6/1/23,0,Chairman/CEO,0,CAUCASIAN/WHITE
31,31,IR,INGERSOLL RAND INC,30098,Vicente Reynal,0,Hispanic/Latino,,1,M,0,1,0,0,0,,,5/12/17,11/9/21,0,President/CEO,0,CAUCASIAN/WHITE
32,32,NUE,NUCOR CORP,8030,Leon J. Topalian,0,Caucasian/White,,0,M,0,1,0,0,0,1/20/20,incoming,1/1/20,,0,,0,CAUCASIAN/WHITE
33,33,SEE,SEALED AIR CORP,9555,Ted Doheny II,0,Caucasian/White,,0,M,0,1,0,0,0,,,1/1/18,10/23/23,0,President/CEO,0,CAUCASIAN/WHITE
34,34,TFC,TRUIST FINANCIAL CORP,11856,Kelly King,0,Caucasian/White,,0,M,0,1,0,0,0,,,12/20/16,9/12/21,0,Chairman/CEO,0,CAUCASIAN/WHITE
35,35,XRAY,DENTSPLY SIRONA INC,13700,Don Casey Jr,0,Caucasian/White,,0,M,0,1,0,0,0,,,2/12/18,4/19/22,0,CEO,0,CAUCASIAN/WHITE
36,36,ALGN,ALIGN TECHNOLOGY INC,141384,Joe Hogan,0,Caucasian/White,,0,M,0,1,0,0,0,,,6/1/15,,0,President/CEO,0,CAUCASIAN/WHITE
37,37,FCX,FREEPORT-MCMORAN INC,14590,Richard Adkerson,0,Caucasian/White,,0,M,0,1,0,0,0,,,5/31/13,2/2/21,0,Vice Chairman/President/CEO,0,CAUCASIAN/WHITE
38,38,MCHP,MICROCHIP TECHNOLOGY INC,27965,Steve Sanghi,0,Asian/Indian,,1,M,0,1,0,0,0,,,2/3/16,3/1/21,0,Chairman/CEO,0,INDIAN/SOUTH ASIAN
39,39,NLOK,NORTONLIFELOCK INC (Pre Symantec),15855,Vincent Pilette,0,Caucasian/White,,0,M,0,1,0,0,0,,,4/14/99,,1,,0,CAUCASIAN/WHITE
40,40,ON,ON SEMICONDUCTOR CORP,134932,Keith Jackson,0,Caucasian/White,,0,M,0,1,0,0,0,,,11/19/02,12/7/20,0,President/CEO,0,CAUCASIAN/WHITE
41,41,PNW,PINNACLE WEST CAPITAL CORP,1075,Jeff Guldner,0,Caucasian/White,,0,M,0,1,0,0,0,,,11/15/19,,0,Chairman/President/CEO,0,CAUCASIAN/WHITE
42,42,RSG,REPUBLIC SERVICES INC,112168,Don Slager,0,Caucasian/White,,0,M,0,1,0,0,0,,,5/1/19,5/21/21,0,CEO,0,CAUCASIAN/WHITE
43,43,DLTR,DOLLAR TREE INC,31587,Gary Philbin,0,Caucasian/White,,0,M,0,1,0,0,0,,,12/9/19,7/20/20,0,CEO,0,CAUCASIAN/WHITE
44,44,CEG,CONSTELLATION ENE CORP,40614,Christopher M. Crane,0,Caucasian/White,,1,M,0,1,0,0,0,,,3/12/12,12/30/22,0,,0,CAUCASIAN/WHITE
45,45,TROW,PRICE (T. ROWE) GROUP,12138,William Stromberg,0,Caucasian/White,,0,M,0,1,0,0,0,,,4/25/19,2/11/21,0,Chairman/President/CEO,0,CAUCASIAN/WHITE
46,46,UAA,UNDER ARMOUR INC,165052,Patrik Frisk,0,Caucasian/White,,0,M,0,1,0,0,0,,,1/1/20,6/1/22,0,,0,CAUCASIAN/WHITE
47,47,EXR,EXTRA SPACE STORAGE INC,160479,Joe Margolis,0,Caucasian/White,,0,M,0,1,0,0,0,,,5/18/17,,0,CEO,0,CAUCASIAN/WHITE
48,48,ZION,ZIONS BANCORPORATION NA,11687,Harris Simmons,0,Caucasian/White,,0,M,0,1,0,0,0,,,3/4/14,,0,Chairman/CEO,0,CAUCASIAN/WHITE
49,49,DAL,DELTA AIR LINES INC,3851,Ed Bastian,0,Caucasian/White,,0,M,0,1,0,0,0,,,5/2/16,,0,CEO,0,CAUCASIAN/WHITE
50,50,EFX,EQUIFAX INC,4423,Mark Begor,0,Caucasian/White,,0,M,0,1,0,0,0,,,4/16/18,,0,CEO,0,CAUCASIAN/WHITE
51,51,FLT,FLEETCOR TECHNOLOGIES INC,184700,Ron Clarke,0,Caucasian/White,,0,M,0,1,0,0,0,,,12/15/10,,0,Chairman/President/CEO,0,CAUCASIAN/WHITE
52,52,GPN,GLOBAL PAYMENTS INC,141913,Jeff Sloan,0,Caucasian/White,,0,M,0,1,0,0,0,,,6/30/14,6/1/23,0,CEO,0,CAUCASIAN/WHITE
53,53,ICE,INTERCONTINENTAL EXCHANGE,163610,Jeff Sprecher,0,Caucasian/White,,0,M,0,1,0,0,0,,,11/1/02,,0,Chairman/CEO,0,CAUCASIAN/WHITE
54,54,IVZ,INVESCO LTD,29804,Marty Flanagan,0,Caucasian/White,,0,M,0,1,0,0,0,,,8/1/05,6/30/23,0,President/CEO,0,CAUCASIAN/WHITE
55,55,KO,COCA-COLA CO,3144,James Quincey,0,Caucasian/White,,0,M,0,1,0,0,0,,,4/24/19,,1,Chairman/CEO,0,CAUCASIAN/WHITE
56,56,NSC,NORFOLK SOUTHERN CORP,7923,Jim Squires,0,Caucasian/White,,0,M,0,1,0,0,0,,,10/1/15,12/1/21,0,Chairman/President/CEO,0,CAUCASIAN/WHITE
57,57,NWL,NEWELL BRANDS INC,7875,Ravi Saligram,0,Asian/Indian,,1,M,0,1,0,0,0,,,10/2/19,5/5/22,0,President/CEO,0,INDIAN/SOUTH ASIAN
58,58,PHM,PULTEGROUP INC,8823,Ryan Marshall,0,Caucasian/White,,0,M,0,1,0,0,0,,,9/8/16,,0,President/CEO,0,CAUCASIAN/WHITE
59,59,ROL,ROLLINS INC,9225,Gary Rollins,0,Caucasian/White,,0,M,0,1,0,0,0,,,1/22/13,8/25/20,0,Vice Chairman/CEO,0,CAUCASIAN/WHITE
60,60,SO,SOUTHERN CO,9850,Tom Fanning,0,Caucasian/White,,0,M,0,1,0,0,0,,,12/1/10,3/31/23,0,Chairman/President/CEO,0,CAUCASIAN/WHITE
61,61,UPS,UNITED PARCEL SERVICE INC,10920,"David Abney, Carol Tome",0,Caucasian/White,,0,F,1,1,1,0,1,6/1/20,incoming,6/1/20,,0,Chairman/CEO,0,CAUCASIAN/WHITE
62,62,WRK,WESTROCK CO,29830,Steve Voorhees,0,Caucasian/White,,0,M,0,1,0,0,0,,,7/1/15,3/15/21,0,President/CEO,0,CAUCASIAN/WHITE
63,63,JKHY,HENRY (JACK) & ASSOCIATES,11811,Dave Foss,0,Caucasian/White,,0,M,0,1,0,0,0,,,7/1/17,7/1/21,0,President/CEO,0,CAUCASIAN/WHITE
64,64,IQV,IQVIA HOLDINGS INC,17928,Ari Bousbib,0,Caucasian/White,,0,M,0,1,0,0,0,,,10/3/16,,0,Chairman/President/CEO,0,CAUCASIAN/WHITE
65,65,DXC,DXC TECHNOLOGY CO,3336,Mike Salvino,0,Caucasian/White,,0,M,0,1,0,0,0,,,9/12/19,7/26/22,0,President/CEO,0,CAUCASIAN/WHITE
66,66,FANG,DIAMONDBACK ENERGY INC,170750,Travis Stice,0,Caucasian/White,,0,M,0,1,0,0,0,,,1/1/17,2/22/22,0,CEO,0,CAUCASIAN/WHITE
67,67,MO,ALTRIA GROUP INC,8543,William F. Gifford Jr.,0,Caucasian/White,,0,M,0,1,0,0,0,4/16/20,incoming,4/16/20,,0,,0,CAUCASIAN/WHITE
68,68,PFG,PRINCIPAL FINANCIAL GRP INC,145701,Dan Houston,0,Caucasian/White,,0,M,0,1,0,0,0,,,5/17/16,,0,Chairman/President/CEO,0,CAUCASIAN/WHITE
69,69,COF,CAPITAL ONE FINANCIAL CORP,30990,Rich Fairbank,0,Caucasian/White,,0,M,0,1,0,0,0,,,4/24/03,,0,Chairman/CEO,0,CAUCASIAN/WHITE
70,70,GD,GENERAL DYNAMICS CORP,5046,Phebe Novakovic,0,Caucasian/White,,0,F,1,1,0,0,0,,,1/1/13,,0,Chairman/CEO,0,CAUCASIAN/WHITE
71,71,HLT,HILTON WORLDWIDE HOLDINGS,5643,Chris Nassetta,0,Caucasian/White,,0,M,0,1,0,0,0,,,12/12/13,,0,President/CEO,0,CAUCASIAN/WHITE
72,72,LDOS,LEIDOS HOLDINGS INC,165123,Roger Krone,0,Caucasian/White,,0,M,0,1,0,0,0,,,3/20/15,5/3/23,0,Chairman/CEO,0,CAUCASIAN/WHITE
73,73,NOC,NORTHROP GRUMMAN CORP,7985,Kathy Warden,0,Caucasian/White,,0,F,1,1,0,0,0,,,8/1/19,,0,Chair/President/CEO,0,CAUCASIAN/WHITE
74,74,VRSN,VERISIGN INC,66368,D. James Bidzos,0,Caucasian/White,,0,M,0,1,0,0,0,,,8/1/11,,0,,0,CAUCASIAN/WHITE
75,75,ZBH,ZIMMER BIOMET HOLDINGS INC,144559,Bryan Hanson,0,Caucasian/White,,0,M,0,1,0,0,0,,,12/19/17,5/14/21,0,President/CEO,0,CAUCASIAN/WHITE
76,76,LEG,LEGGETT & PLATT INC,6649,Karl G. Glassman,0,Caucasian/White,,0,M,0,1,0,0,0,,,1/1/16,12/31/21,0,,0,CAUCASIAN/WHITE
77,77,AES,AES CORP (THE),24216,Doctor Andres Gluski Weilert,0,Hispanic/Latino,,1,M,0,1,0,0,0,,,9/30/11,,0,President/CEO,0,HISPANIC/LATIN AMERICAN
78,78,AVB,AVALONBAY COMMUNITIES INC,29875,Tim Naughton,0,Caucasian/White,,0,M,0,1,0,0,0,,,5/22/13,2/1/21,0,Chairman/President/CEO,0,CAUCASIAN/WHITE
79,79,POOL,POOL CORP,61420,Pete Arvan,0,Caucasian/White,,0,M,0,1,0,0,0,,,7/31/19,,0,President/CEO,0,CAUCASIAN/WHITE
80,80,D,DOMINION ENERGY INC,4029,Tom Farrell II,0,Caucasian/White,,0,M,0,1,0,0,0,,,4/27/07,10/1/20,0,Chairman/President/CEO,0,CAUCASIAN/WHITE
81,81,MPC,MARATHON PETROLEUM CORP,186989,Marvin Haasen,0,Caucasian/White,,0,M,0,1,0,0,0,,,11/1/12,7/17/23,0,President/CEO,0,CAUCASIAN/WHITE
82,82,SJM,SMUCKER (JM) CO,9777,Mark Smucker,0,Caucasian/White,,0,M,0,1,0,0,0,,,5/1/16,8/17/22,0,President/CEO,0,CAUCASIAN/WHITE
83,83,TFX,TELEFLEX INC,10407,Liam Kelly,0,Caucasian/White,,0,M,0,0,0,0,0,,,5/4/18,5/1/20,0,President/CEO,0,CAUCASIAN/WHITE
84,84,CERN,CERNER CORP,12850,D Shafer,0,Caucasian/White,,0,M,0,1,0,0,0,,,2/1/18,10/1/21,0,Chairman/CEO,0,PREFER NOT TO DISCLOSE
85,85,GLW,CORNING INC,3532,Wendell P. Weeks,0,Caucasian/White,,0,M,0,1,0,0,0,,,4/5/24,,0,,0,CAUCASIAN/WHITE
86,86,CMI,CUMMINS INC,3650,Tom Linebarger,0,Caucasian/White,,0,M,0,1,0,0,0,,,1/1/12,8/1/22,0,Chairman/CEO,0,CAUCASIAN/WHITE
87,87,TSCO,TRACTOR SUPPLY CO,29736,Hal Lawton,0,Caucasian/White,,0,M,0,1,0,0,0,,,1/13/20,,0,,0,CAUCASIAN/WHITE
88,88,LUMN,LUMEN TECHNOLOGIES INC,2884,Jeff Storey,0,Caucasian/White,,0,M,0,1,0,0,0,,,5/23/18,11/7/22,0,President/CEO,0,CAUCASIAN/WHITE
89,89,CINF,CINCINNATI FINANCIAL CORP,14824,Steve Johnston,0,Caucasian/White,,0,M,0,0,0,0,0,,,5/2/11,5/2/20,0,President/CEO,0,CAUCASIAN/WHITE
90,90,ANSS,ANSYS INC,63080,Doctor Ajei Gopal,0,Asian/Indian,,1,M,0,1,0,0,0,,,1/1/17,,0,President/CEO,0,INDIAN/SOUTH ASIAN
91,91,VTRS,VIATRIS INC,7637,Michael Goettler,0,Caucasian/White,,0,M,0,1,0,0,0,,,11/16/20,,0,,0,CAUCASIAN/WHITE
92,92,FISV,FISERV INC,12635,"Jeffrey W. Yabuki, Frank J. Bisignano",0,Asian/Japanese,,0,M,0,1,1,0,1,7/1/20,,7/1/20,,0,,0,ASIAN (EXCLUDE INDIAN/SOUTH ASIAN)
93,93,ORLY,O'REILLY AUTOMOTIVE INC,28180,Gregory D. Johnson,0,Caucasian/White,,0,M,0,1,0,0,0,,,1/8/18,,0,,0,CAUCASIAN/WHITE
94,94,CMS,CMS ENERGY CORP,3439,"Patti Poppe, Garrick Rochow",0,Caucasian/White,,0,M,1,1,1,0,1,12/1/20,incoming,,,0,President/CEO,0,CAUCASIAN/WHITE
95,95,LHX,L3HARRIS TECHNOLOGIES INC,5492,Bill Brown,0,Caucasian/White,,0,M,0,1,0,0,0,,,6/29/19,6/29/21,0,Chairman (Executive)/CEO,0,CAUCASIAN/WHITE
96,96,DOW,DOW INC,34443,James R. Fitterling,0,Caucasian/White,,0,M,0,1,0,0,0,,,7/1/18,,0,,0,CAUCASIAN/WHITE
97,97,K,KELLOGG CO,6375,Steve Cahillane,0,Caucasian/White,,0,M,0,1,0,0,0,,,3/16/18,,0,Chairman/President/CEO,0,CAUCASIAN/WHITE
98,98,UNM,UNUM GROUP,12726,Rick McKenney,0,Caucasian/White,,0,M,0,1,0,0,0,,,5/21/15,,0,President/CEO,0,CAUCASIAN/WHITE
99,99,ROP,ROPER TECHNOLOGIES INC,24925,Laurence Hunn,0,Caucasian/White,,0,M,0,1,0,0,0,,,9/19/18,,0,President/CEO,0,CAUCASIAN/WHITE
100,100,SCHW,SCHWAB (CHARLES) CORP,13988,Walt Bettinger II,0,Caucasian/White,,0,M,0,1,0,0,0,,,10/1/08,10/15/21,0,President/CEO,0,CAUCASIAN/WHITE
101,101,UDR,UDR INC,10894,Tom Toomey,0,Caucasian/White,,0,M,0,1,0,0,0,,,1/1/19,,0,Chairman/CEO,0,CAUCASIAN/WHITE
102,102,WHR,WHIRLPOOL CORP,11465,Doctor Marc Bitzer,0,Caucasian/White,,0,M,0,1,0,0,0,,,1/1/19,9/1/21,1,Chairman/President/CEO,0,CAUCASIAN/WHITE
103,103,MTD,METTLER-TOLEDO INTL INC,65772,Olivier Filliol,0,Caucasian/White,,0,M,0,1,0,0,0,,,1/1/09,3/31/21,0,President/CEO,0,CAUCASIAN/WHITE
104,104,LW,LAMB WESTON HOLDINGS INC,28790,Tom Werner,0,Caucasian/White,,0,M,0,1,0,0,0,,,11/9/16,,0,President/CEO,0,CAUCASIAN/WHITE
105,105,MU,MICRON TECHNOLOGY INC,7343,Sanjay Mehrotra,0,Asian/Indian,,1,M,0,1,0,0,0,,,5/8/17,,0,President/CEO,0,INDIAN/SOUTH ASIAN
106,106,EVRG,EVERGY INC,6338,Terry Bassham,0,Caucasian/White,,0,M,0,1,0,0,0,,,6/5/18,1/4/21,0,President/CEO,0,CAUCASIAN/WHITE
107,107,KSU,KANSAS CITY SOUTHERN,6335,Pat Ottensmeyer,0,Caucasian/White,,0,M,0,1,0,0,0,,,7/1/16,12/14/21,0,President/CEO,0,CAUCASIAN/WHITE
108,108,GL,GLOBE LIFE INC,10614,"Gary Coleman, Larry Hutchison",0,Caucasian/White,,0,M,0,1,1,1,0,0,0,4/24/14,12/31/22,0,Co-Chairman/Co-CEO,0,CAUCASIAN/WHITE
109,109,TYL,TYLER TECHNOLOGIES INC,10789,H Moore Jr,0,Caucasian/White,,0,M,0,1,0,0,0,,,5/10/18,,0,President/CEO,0,CAUCASIAN/WHITE
110,110,SNA,SNAP-ON INC,9778,Nick Pinchuk,0,Caucasian/White,,0,M,0,1,0,0,0,,,4/23/09,,0,Chairman/President/CEO,0,CAUCASIAN/WHITE
111,111,STZ,CONSTELLATION BRANDS,2710,Bill Newlands Jr,0,Caucasian/White,,0,M,0,1,0,0,0,,,3/1/19,,0,President/CEO,0,CAUCASIAN/WHITE
112,112,HSIC,HENRY SCHEIN INC,61494,Stan Bergman,0,Caucasian/White,,0,M,0,1,0,0,0,,,5/18/05,,0,Chairman/CEO,0,CAUCASIAN/WHITE
113,113,FAST,FASTENAL CO,14225,Dan Florness,0,Caucasian/White,,0,M,0,1,0,0,0,,,1/1/16,,0,President/CEO,0,CAUCASIAN/WHITE
114,114,AAL,AMERICAN AIRLINES GROUP INC,1045,Doug Parker Jr,0,Caucasian/White,,0,M,0,1,0,0,0,,,6/4/14,3/31/22,0,Chairman/CEO,0,CAUCASIAN/WHITE
115,115,DHI,D R HORTON INC,25340,David V. Auld,0,Caucasian/White,,0,M,0,1,0,0,0,,,10/1/14,,0,,0,CAUCASIAN/WHITE
116,116,RJF,RAYMOND JAMES FINANCIAL INC,8898,Paul Reilly,0,Caucasian/White,,0,M,0,1,0,0,0,,,2/16/17,,0,Chairman/CEO,0,CAUCASIAN/WHITE
117,117,CSX,CSX CORP,2574,Jim Foote,0,Caucasian/White,,0,M,0,1,0,0,0,,,12/22/17,9/26/22,0,President/CEO,0,CAUCASIAN/WHITE
118,118,FIS,FIDELITY NATIONAL INFO SVCS,165993,Gary Norcross,0,Caucasian/White,,0,M,0,1,0,0,0,,,5/30/18,3/9/21,0,Chairman/President/CEO,0,CAUCASIAN/WHITE
119,119,REG,REGENCY CENTERS CORP,29099,Lisa Palmer,0,Caucasian/White,,0,M,0,1,0,0,0,,,1/1/20,,0,President/CEO,0,CAUCASIAN/WHITE
120,120,ZTS,ZOETIS INC,13721,Kristin Peck,0,Caucasian/White,,0,F,1,1,0,0,0,,,1/1/20,,0,,0,CAUCASIAN/WHITE
121,121,EPAM,EPAM SYSTEMS INC,187697,Arkadiy Dobkin,0,Caucasian/White,,0,M,0,1,0,0,0,,,2/8/12,,0,Chairman/President/CEO,0,CAUCASIAN/WHITE
122,122,MOS,MOSAIC CO,162129,Joc O'Rourke,0,Caucasian/White,,0,M,0,1,0,0,0,,,8/5/15,8/29/23,0,President/CEO,0,CAUCASIAN/WHITE
123,123,MNST,MONSTER BEVERAGE CORP,24316,Rodney Sacks,0,Caucasian/White,,0,M,0,1,0,0,0,,,7/1/96,1/13/21,0,Chairman/CEO,0,CAUCASIAN/WHITE
124,124,APD,AIR PRODUCTS & CHEMICALS INC,1209,Seifi Ghasemi,0,Middle Eastern/Iranian,,1,M,0,1,0,0,0,,,7/1/14,,0,Chairman/President/CEO,0,MIDDLE-EASTERN/NORTH AFRICAN
125,125,PPL,PPL CORP,8455,"Bill Spence, Vincent Sorgi",0,Caucasian/White,,0,M,0,1,1,0,1,6/1/20,incoming,6/1/20,,0,Chairman/CEO,0,CAUCASIAN/WHITE
126,126,ULTA,ULTA BEAUTY INC,178704,Mary Dillon,0,Caucasian/White,,0,F,1,1,0,0,0,,,7/1/13,6/2/21,0,CEO,0,CAUCASIAN/WHITE
127,127,CCL,CARNIVAL CORPORATION & PLC,13498,Arnold Donald,1,Black/African American,,1,M,0,1,0,0,0,,,7/3/13,1/1/22,0,President/CEO,0,BLACK/AFRICAN AMERICAN
128,128,LEN,LENNAR CORP,6669,Rick Beckwitt,0,Caucasian/White,,0,M,0,1,0,0,0,,,4/11/18,11/2/20,0,CEO,0,CAUCASIAN/WHITE
129,129,NCLH,NORWEGIAN CRUISE LINE HLDGS,104432,Frank Del Rio,0,Hispanic/Latino,,1,M,0,1,0,0,0,,,8/4/15,6/30/23,0,President/CEO,0,HISPANIC/LATIN AMERICAN
130,130,RCL,Stephen Richardson,28191,Richard Fain,0,Caucasian/White,,0,M,0,1,0,0,0,,,4/1/88,1/3/22,0,Chairman/CEO,0,CAUCASIAN/WHITE
131,131,CMG,CHIPOTLE MEXICAN GRILL INC,165914,Brian Niccol,0,Caucasian/White,,0,M,0,1,0,0,0,,,3/1/18,,0,Chairman/CEO,0,CAUCASIAN/WHITE
132,132,EW,EDWARDS LIFESCIENCES CORP,133366,Mike Mussallem,0,Caucasian/White,,0,M,0,1,0,0,0,,,3/31/00,5/11/23,0,Chairman/CEO,0,CAUCASIAN/WHITE
133,133,SWKS,SKYWORKS SOLUTIONS INC,1327,Liam Griffin,0,Caucasian/White,,0,M,0,1,0,0,0,,,5/11/16,5/13/21,0,President/CEO,0,CAUCASIAN/WHITE
134,134,HSY,HERSHEY CO,5597,Michele Buck,0,Caucasian/White,,0,F,1,1,0,0,0,,,10/11/19,,0,Chairman/President/CEO,0,CAUCASIAN/WHITE
135,135,LVS,LAS VEGAS SANDS CORP,161844,Sheldon Adelson,0,Caucasian/White,,0,M,0,1,0,0,0,,,8/1/04,1/11/21,0,Chairman/CEO/Treasurer,0,CAUCASIAN/WHITE
136,136,WYNN,WYNN RESORTS LTD,149318,Matt Maddox,0,Caucasian/White,,0,M,0,1,0,0,0,,,5/29/19,1/31/22,0,CEO,0,CAUCASIAN/WHITE
137,137,BR,BROADRIDGE FINANCIAL SOLUTNS,176928,Timothy C. Gokey,0,Caucasian/White,,0,M,0,1,0,0,0,,,1/2/19,,0,,0,CAUCASIAN/WHITE
138,138,KIM,KIMCO REALTY CORP,24731,Conor Flynn,0,Caucasian/White,,0,M,0,1,0,0,0,,,2/27/17,,0,CEO,0,CAUCASIAN/WHITE
139,139,FLIR,FLIR SYSTEMS INC,28477,Jim Cannon,0,Caucasian/White,,0,M,0,1,0,0,0,,,6/19/17,5/14/21,0,President/CEO,0,CAUCASIAN/WHITE
140,140,FE,FIRSTENERGY CORP,8099,"Chuck Jones Jr, Steven E. Strah",0,Caucasian/White,,0,M,0,0,1,0,1,10/29/20,incoming,10/1/20,,0,President/CEO,0,CAUCASIAN/WHITE
141,141,BRK.B,BERKSHIRE HATHAWAY,2176,Warren Buffett,0,Caucasian/White,,0,M,0,1,0,0,0,,,1/1/70,,0,Chairman/CEO,0,CAUCASIAN/WHITE
142,142,UNP,UNION PACIFIC CORP,10867,Lance Fritz,0,Caucasian/White,,0,M,0,1,0,0,0,,,10/1/15,8/14/23,1,Chairman/President/CEO,0,CAUCASIAN/WHITE
143,143,DE,DEERE & CO,3835,John May,0,Caucasian/White,,0,M,0,0,0,0,0,,,11/4/19,5/1/20,0,President/CEO,0,CAUCASIAN/WHITE
144,144,RF,REGIONS FINANCIAL CORP,4674,John Turner Jr,0,Caucasian/White,,0,M,0,1,0,0,0,,,7/2/18,,0,President/CEO,0,CAUCASIAN/WHITE
145,145,VMC,VULCAN MATERIALS CO,11228,Tom Hill,0,Caucasian/White,,0,M,0,1,0,0,0,,,1/1/16,9/20/23,0,Chairman/President/CEO,0,CAUCASIAN/WHITE
146,146,APA,APA CORP,1678,John Christmann IV,0,Caucasian/White,,0,M,0,1,0,0,0,,,1/20/15,1/1/24,0,President/CEO,0,CAUCASIAN/WHITE
147,147,BKR,BAKER HUGHES CO,32106,Lorenzo Simonelli,0,Caucasian/White,,0,M,0,1,0,0,0,,,10/2/17,,0,Chairman/President/CEO,0,CAUCASIAN/WHITE
148,148,CCI,CROWN CASTLE INC,113490,Jay Brown,0,Caucasian/White,,0,M,0,1,0,0,0,,,6/1/16,1/16/24,1,President/CEO,0,CAUCASIAN/WHITE
149,149,CNP,CENTERPOINT ENERGY INC,5742,John W. Somerhalder II,0,Caucasian/White,,0,M,0,1,0,0,1,2/20/20,incoming,2/19/20,,0,,0,CAUCASIAN/WHITE
150,150,COP,CONOCOPHILLIPS,8549,Ryan Lance,0,Caucasian/White,,0,M,0,1,0,0,0,,,5/1/12,,0,Chairman/CEO,0,CAUCASIAN/WHITE
151,151,CTRA,COTERRA ENERGY INC,20548,Dan Dinges,0,Caucasian/White,,0,M,0,1,0,0,0,,,5/2/02,10/1/21,0,Chairman/President/CEO,0,CAUCASIAN/WHITE
152,152,EOG,EOG RESOURCES INC,16478,Bill Thomas,0,Caucasian/White,,0,M,0,1,0,0,0,,,1/1/14,9/30/21,0,Chairman/CEO,0,CAUCASIAN/WHITE
153,153,HAL,HALLIBURTON CO,5439,Jeff Miller,0,Caucasian/White,,0,M,0,1,0,0,0,,,1/1/19,,0,Chairman/President/CEO,0,CAUCASIAN/WHITE
154,154,HPE,HEWLETT PACKARD ENTERPRISE,26156,Antonio Neri,0,Hispanic/Argentinian,,1,M,0,1,0,0,0,,,2/1/18,,0,President/CEO,0,HISPANIC/LATIN AMERICAN
155,155,KMI,KINDER MORGAN INC,6310,Steve Kean,0,Caucasian/White,,0,M,0,1,0,0,0,,,4/18/18,8/1/23,0,CEO,0,CAUCASIAN/WHITE
156,156,LYB,LYONDELLBASELL INDUSTRIES NV,294524,Bob Patel,0,Asian/Indian,,1,M,0,1,0,0,0,,,6/1/18,12/31/21,0,CEO,0,INDIAN/SOUTH ASIAN
157,157,MRO,MARATHON OIL CORP,7017,Lee Tillman,0,Caucasian/White,,0,M,0,1,0,0,0,,,2/1/19,,0,Chairman/President/CEO,0,CAUCASIAN/WHITE
158,158,NOV,NOV INC,63892,Clay Williams,0,Caucasian/White,,0,M,0,1,0,0,0,,,5/30/14,,0,Chairman/President/CEO,0,CAUCASIAN/WHITE
159,159,NRG,NRG ENERGY INC,135990,Mauricio Gutierrez,0,Hispanic/Mexican,,1,M,0,1,0,0,0,,,1/4/16,,0,President/CEO,0,HISPANIC/LATIN AMERICAN
160,160,OXY,OCCIDENTAL PETROLEUM CORP,8068,Vicki Hollub,0,Caucasian/White,,0,F,1,1,0,0,0,,,4/29/16,,0,President/CEO,0,CAUCASIAN/WHITE
161,161,PSX,PHILLIPS 66,170841,Greg Garland,0,Caucasian/White,,0,M,0,1,0,0,0,,,6/1/14,7/1/22,0,Chairman/CEO,0,CAUCASIAN/WHITE
162,162,PWR,QUANTA SERVICES INC,66446,Duke Austin Jr,0,Caucasian/White,,0,M,0,1,0,0,0,,,3/14/16,1/26/22,0,President/CEO/COO,0,CAUCASIAN/WHITE
163,163,SLB,SCHLUMBERGER LTD,9465,Olivier Le Peuch,0,Caucasian/White,,0,M,0,1,0,0,0,,,8/1/19,,0,CEO,0,CAUCASIAN/WHITE
164,164,SYY,SYSCO CORP,10247,Kevin Hourican,0,Caucasian/White,,0,M,0,1,0,0,0,,,2/1/20,,0,,0,CAUCASIAN/WHITE
165,165,TRGP,TARGA RESOURCES CORP,185532,Matthew J. Meloy,0,Caucasian/White,,0,M,0,1,0,0,0,3/1/20,incoming,3/1/20,,0,,0,CAUCASIAN/WHITE
166,166,WM,WASTE MANAGEMENT INC,14477,Jim Fish Jr,0,Caucasian/White,,0,M,0,1,0,0,0,,,11/11/16,,0,President/CEO,0,CAUCASIAN/WHITE
167,167,MTB,M & T BANK CORP,4699,Rene Jones,1,African American/Black,,1,M,0,1,0,0,0,,,12/20/17,,0,Chairman/CEO,0,CAUCASIAN/WHITE
168,168,CARR,CARRIER GLOBAL CORP,36191,David L. Gitlin,0,Caucasian/White,,0,M,0,1,0,0,0,,,3/1/20,,0,,0,CAUCASIAN/WHITE
169,169,NEE,NEXTERA ENERGY INC,4517,Jim Robo,0,Caucasian/White,,0,M,0,1,0,0,0,,,12/13/13,3/1/22,0,Chairman/President/CEO,0,CAUCASIAN/WHITE
170,170,SBAC,SBA COMMUNICATIONS CORP,121382,Jeff Stoops,0,Caucasian/White,,0,M,0,1,0,0,0,,,1/1/02,12/31/23,0,President/CEO,0,CAUCASIAN/WHITE
171,171,BWA,BORGWARNER INC,28742,Frederic Lissalde,0,Caucasian/White,,0,M,0,1,0,0,0,,,8/1/18,,0,President/CEO,0,CAUCASIAN/WHITE
172,172,NI,NISOURCE INC,7974,Joe Hamrock,0,Caucasian/White,,0,M,0,1,0,0,0,,,7/1/15,2/14/22,1,President/CEO,0,CAUCASIAN/WHITE
173,173,ES,EVERSOURCE ENERGY,7970,Jim Judge,0,Caucasian/White,,0,M,0,1,0,0,0,,,5/3/17,5/5/21,0,Chairman/President/CEO,0,CAUCASIAN/WHITE
174,174,CTAS,CINTAS CORP,3062,Scott Farmer,0,Caucasian/White,,0,M,0,1,0,0,0,,,9/30/16,5/31/21,1,Chairman/CEO,0,CAUCASIAN/WHITE
175,175,FITB,FIFTH THIRD BANCORP,4640,Greg Carmichael,0,Caucasian/White,,0,M,0,1,0,0,0,,,2/1/18,10/26/20,0,Chairman/President/CEO,0,CAUCASIAN/WHITE
176,176,KR,KROGER CO,6502,William McMullen,0,Caucasian/White,,0,M,0,1,0,0,0,,,1/1/15,,0,Chairman/CEO,0,CAUCASIAN/WHITE
177,177,PG,PROCTER & GAMBLE CO,8762,David Taylor,0,Caucasian/White,,0,M,0,1,0,0,0,,,7/1/16,11/1/21,0,Chairman/President/CEO,0,CAUCASIAN/WHITE
178,178,IPGP,IPG PHOTONICS CORP,175955,Doctor Valentin Gapontsev,0,Caucasian/White,,0,M,0,1,0,0,0,,,1/1/98,5/4/21,0,Chairman/CEO,0,CAUCASIAN/WHITE
179,179,WAT,WATERS CORP,61574,Christopher J. O'Connell,0,Caucasian/White,,0,M,0,1,0,0,0,,,9/1/15,,0,,0,CAUCASIAN/WHITE
180,180,WELL,WELLTOWER INC,5543,Tom DeRosa,0,Caucasian/White,,0,M,0,1,0,0,0,,,4/1/14,10/5/20,0,Chairman/CEO,0,CAUCASIAN/WHITE
181,181,BDX,BECTON DICKINSON & CO,2111,Thomas E. Polen,0,Caucasian/White,,0,M,0,1,0,0,1,1/28/20,incoming,1/28/20,,0,,0,CAUCASIAN/WHITE
182,182,CTSH,COGNIZANT TECH SOLUTIONS,111864,Brian Humphries,0,Caucasian/White,,0,M,0,1,0,0,0,,,4/1/19,1/12/23,0,CEO,0,CAUCASIAN/WHITE
183,183,BALL,BALL CORP,1988,John Hayes,0,Caucasian/White,,0,M,0,1,0,0,0,,,4/24/13,1/1/21,0,Chairman/President/CEO,0,CAUCASIAN/WHITE
184,184,TAP,MOLSON COORS BEVERAGE CO,3505,Gavin Hattersley,0,Caucasian/White,,0,M,0,1,0,0,0,,,9/28/19,,0,President/CEO,0,CAUCASIAN/WHITE
185,185,DOV,DOVER CORP,4058,Rich Tobin,0,Caucasian/White,,0,M,0,1,0,0,0,,,5/1/18,2/10/24,0,President/CEO,0,CAUCASIAN/WHITE
186,186,AME,AMETEK INC,1598,David Zapico,0,Caucasian/White,,0,M,0,1,0,0,0,,,7/7/17,,0,Chairman/CEO,0,CAUCASIAN/WHITE
187,187,LNC,LINCOLN NATIONAL CORP,6742,Dennis Glass,0,Caucasian/White,,0,M,0,1,0,0,0,,,7/6/07,5/27/22,0,President/CEO,0,CAUCASIAN/WHITE
188,188,WST,WEST PHARMACEUTICAL SVSC INC,11376,Eric Green,0,Caucasian/White,,0,M,0,1,0,0,0,,,12/17/15,5/24/22,0,President/CEO,0,CAUCASIAN/WHITE
189,189,APH,AMPHENOL CORP,14282,Richard Norwitt,0,Caucasian/White,,0,M,0,1,0,0,0,,,1/5/09,,0,President/CEO,0,CAUCASIAN/WHITE
190,190,VLO,VALERO ENERGY CORP,15247,Joseph W. Gorder,0,Caucasian/White,,0,M,0,1,0,0,0,,,5/1/14,,0,,0,CAUCASIAN/WHITE
191,191,SYK,STRYKER CORP,10115,Kevin Lobo,0,Asian/Indian,,1,M,0,1,0,0,0,,,8/1/18,10/1/21,0,Chair/CEO,0,INDIAN/SOUTH ASIAN
192,192,FTV,FORTIVE CORP,26590,Jim Lico,0,Caucasian/White,,0,M,0,1,0,0,0,,,7/2/16,,0,President/CEO,0,CAUCASIAN/WHITE
193,193,PAYX,PAYCHEX INC,8402,Martin Mucci,0,Caucasian/White,,0,M,0,1,0,0,0,,,10/14/10,12/1/21,0,President/CEO,0,CAUCASIAN/WHITE
194,194,BF.B,BROWN FORMAN CORP,2435,Lawson Whiting,0,Caucasian/White,,0,M,0,1,0,0,0,,,3/28/19,,0,President/CEO,0,CAUCASIAN/WHITE
195,195,HUM,HUMANA INC,27914,Bruce Broussard,0,Caucasian/White,,0,M,0,1,0,0,0,,,1/1/13,1/8/24,0,President/CEO,0,CAUCASIAN/WHITE
196,196,YUM,YUM BRANDS INC,65417,David W. Gibbs,0,Caucasian/White,,0,M,0,1,0,0,0,,,1/1/20,,0,,0,CAUCASIAN/WHITE
197,197,AMGN,AMGEN INC,1602,Bob Bradway,0,Caucasian/White,,0,M,0,1,0,0,0,,,1/1/13,,0,Chairman/President/CEO,0,CAUCASIAN/WHITE
198,198,TDY,TELEDYNE TECHNOLOGIES INC,126721,Robert Mehrabian,0,Middle Eastern,,1,M,0,1,0,0,0,,,11/15/18,,0,,0,CAUCASIAN/WHITE
199,199,HWM,HOWMET AEROSPACE INC,28192,John C. Plant,0,Caucasian/White,,0,M,0,1,0,0,0,,,4/1/20,,0,,0,CAUCASIAN/WHITE
200,200,KHC,KRAFT HEINZ CO,5568,Miguel Patricio,0,Hispanic/Latino,,1,M,0,1,0,0,0,,,7/1/19,,0,,0,
201,201,PNC,PNC FINANCIAL SVCS GROUP INC,8245,William Demchak,0,Caucasian/White,,0,M,0,1,0,0,0,,,4/22/14,2/20/24,0,Chairman/President/CEO,0,CAUCASIAN/WHITE
202,202,PPG,PPG INDUSTRIES INC,8247,Michael McGarry,0,Caucasian/White,,0,M,0,1,0,0,0,,,9/1/16,1/1/23,0,Chairman/CEO,0,CAUCASIAN/WHITE
203,203,WAB,WABTEC CORP,60979,Rafael Santana,0,Hispanic/Latino,,1,M,0,1,0,0,0,,,7/1/19,,0,President/CEO,0,HISPANIC/LATIN AMERICAN
204,204,CTLT,CATALENT INC,20228,John Chiminski,0,Caucasian/White,,0,M,0,1,0,0,0,,,2/13/19,7/1/22,0,Chairman/CEO,0,CAUCASIAN/WHITE
205,205,DXCM,DEXCOM INC,162887,Kevin Sayer,0,Caucasian/White,,0,M,0,1,0,0,0,,,7/30/18,,0,Chairman/President/CEO,0,CAUCASIAN/WHITE
206,206,ILMN,ILLUMINA INC,138205,Francis DeSouza,0,Asian/Indian,,1,M,0,1,0,0,0,,,7/5/16,6/11/23,0,President/CEO,0,INDIAN/SOUTH ASIAN
207,207,O,REALTY INCOME CORP,30822,Sumit Roy,0,Asian/Indian,,1,M,0,1,0,0,0,,,10/16/18,,0,President/CEO,0,INDIAN/SOUTH ASIAN
208,208,QCOM,QUALCOMM INC,24800,Steve Mollenkopf,0,Caucasian/White,,0,M,0,1,0,0,0,,,3/4/14,6/30/21,0,CEO,0,CAUCASIAN/WHITE
209,209,RMD,RESMED INC,31887,Mick Farrell,0,Caucasian/White,,0,M,0,1,0,0,0,,,3/1/13,1/25/23,0,CEO,0,OTHER
210,210,SRE,SEMPRA ENERGY,8272,Jeffrey W. Martin,0,Caucasian/White,,0,M,0,1,0,0,0,,,,,0,,0,CAUCASIAN/WHITE
211,211,JNJ,JOHNSON & JOHNSON,6266,Alex Gorsky,0,Caucasian/White,,0,M,0,1,0,0,0,,,12/28/12,1/3/22,0,Chairman/CEO,0,CAUCASIAN/WHITE
212,212,CFG,CITIZENS FINANCIAL GROUP INC,21825,Bruce van Saun,0,Caucasian/White,,0,M,0,1,0,0,0,,,9/24/14,,0,Chairman/CEO,0,CAUCASIAN/WHITE
213,213,CVS,CVS HEALTH CORP,7241,Larry Merlo,0,Caucasian/White,,0,M,0,1,0,0,0,,,3/1/11,2/1/21,0,President/CEO,0,CAUCASIAN/WHITE
214,214,HAS,HASBRO INC,5518,Brian Goldner,0,Caucasian/White,,0,M,0,1,0,0,0,,,2/6/17,10/12/21,0,Chairman/CEO,0,CAUCASIAN/WHITE
215,215,TXT,TEXTRON INC,10519,Scott Donnelly,0,Caucasian/White,,0,M,0,1,0,0,0,,,9/1/10,,0,Chairman/President/CEO,0,CAUCASIAN/WHITE
216,216,DISH,DISH NETWORK CORP,60900,W. Erik Carlson,0,Caucasian/White,,0,M,0,1,0,0,0,,,12/5/17,,0,,0,CAUCASIAN/WHITE
217,217,HRL,HORMEL FOODS CORP,5709,Jim Snee,0,Caucasian/White,,0,M,0,1,0,0,0,,,11/20/17,,0,Chairman/President/CEO,0,CAUCASIAN/WHITE
218,218,DRI,DARDEN RESTAURANTS INC,31846,Gene Lee Jr,0,Caucasian/White,,0,M,0,1,0,0,0,,,2/22/15,5/1/22,1,President/CEO,0,CAUCASIAN/WHITE
219,219,ABBV,ABBVIE INC,16101,Rick Gonzalez,0,Hispanic/Latino,,1,M,0,1,0,0,0,,,1/2/13,,0,Chairman/CEO,0,HISPANIC/LATIN AMERICAN
220,220,ABT,ABBOTT LABORATORIES,1078,Robert B. Ford,0,Caucasian/White,,0,M,0,1,0,0,1,3/31/20,incoming,3/31/20,,0,,0,
221,221,BAX,BAXTER INTERNATIONAL INC,2086,Joe Almeida,0,Hispanic/Latino,,1,M,0,1,0,0,0,,,1/1/16,,0,Chairman/President/CEO,0,HISPANIC/LATIN AMERICAN
222,222,CAT,CATERPILLAR INC,2817,Jim Umpleby III,0,Caucasian/White,,0,M,0,1,0,0,0,,,12/12/18,,0,Chairman/CEO,0,CAUCASIAN/WHITE
223,223,CDW,CDW CORP,28320,Chris Leahy,0,Caucasian/White,,0,M,0,1,0,0,0,,,1/1/19,1/5/23,0,President/CEO,0,CAUCASIAN/WHITE
224,224,CF,CF INDUSTRIES HOLDINGS INC,163946,Tony Will,0,Caucasian/White,,0,M,0,1,0,0,0,,,1/2/14,,0,President/CEO,0,CAUCASIAN/WHITE
225,225,DFS,DISCOVER FINANCIAL SVCS,177376,Roger Hochschild,0,Caucasian/White,,0,M,0,1,0,0,0,,,10/1/18,8/14/23,0,President/CEO,0,CAUCASIAN/WHITE
226,226,FBHS,FORTUNE BRANDS HOME & SECUR,188255,Nicholas Fink,0,Caucasian/White,,0,M,0,1,0,0,1,1/6/20,incoming,1/6/20,,0,,0,CAUCASIAN/WHITE
227,227,GWW,GRAINGER (W W) INC,5256,DG Macpherson,0,Caucasian/White,,0,M,0,1,0,0,0,,,10/1/17,,0,Chairman/CEO,0,CAUCASIAN/WHITE
228,228,PKG,PACKAGING CORP OF AMERICA,128978,Mark Kowlzan,0,Caucasian/White,,0,M,0,1,0,0,0,,,1/1/16,,0,Chairman/CEO,0,CAUCASIAN/WHITE
229,229,WBA,WALGREENS BOOTS ALLIANCE INC,11264,Stefano Pessina,0,Caucasian/White,,0,M,0,1,0,0,0,,,7/9/15,3/15/21,1,Executive Vice Chairman/CEO,0,CAUCASIAN/WHITE
230,230,ZBRA,ZEBRA TECHNOLOGIES CP -CL A,24405,Anders Gustafsson,0,Caucasian/White,,0,M,0,1,0,0,0,,,9/4/07,3/1/23,0,CEO,0,CAUCASIAN/WHITE
231,231,ABC,AMERISOURCEBERGEN CORP,31673,Steven H. Collis,0,Caucasian/White,,0,M,0,1,0,0,0,,,7/1/11,,0,,0,CAUCASIAN/WHITE
232,232,UHS,UNIVERSAL HEALTH SVCS INC,11032,Alan Miller,0,Caucasian/White,,0,M,0,1,0,0,0,,,5/20/09,1/1/21,0,Chairman/CEO,0,CAUCASIAN/WHITE
233,233,ABMD,ABIOMED INC,13619,Mike Minogue,0,Caucasian/White,,0,M,0,1,0,0,0,,,6/15/05,12/22/22,0,Chairman/President/CEO,0,CAUCASIAN/WHITE
234,234,BKNG,BOOKING HOLDINGS INC,119314,Glenn Fogel,0,Caucasian/White,,0,M,0,1,0,0,0,,,6/26/19,,0,President/CEO/Division CEO,0,CAUCASIAN/WHITE
235,235,CHTR,CHARTER COMMUNICATIONS INC,126136,Tom Rutledge,0,Caucasian/White,,0,M,0,1,0,0,0,,,7/26/16,11/30/22,0,Chairman/CEO,0,CAUCASIAN/WHITE
236,236,IT,GARTNER INC,12441,Gene Hall,0,Caucasian/White,,0,M,0,1,0,0,0,,,8/3/04,,0,CEO,0,CAUCASIAN/WHITE
237,237,PBCT,PEOPLE'S UNITED FINL INC,16245,Jack Barnes,0,Caucasian/White,,0,M,0,1,0,0,0,,,6/26/18,4/4/22,0,Chairman/CEO,0,CAUCASIAN/WHITE
238,238,SYF,SYNCHRONY FINANCIAL,20686,Margaret Keane,0,Caucasian/White,,0,F,1,1,0,0,0,,,5/2/19,4/1/21,0,CEO,0,CAUCASIAN/WHITE
239,239,URI,UNITED RENTALS INC,66065,Matt Flannery,0,Caucasian/White,,0,M,0,1,0,0,0,,,5/8/19,,1,President/CEO,0,CAUCASIAN/WHITE
240,240,WRB,BERKLEY (W R) CORP,14822,W. Robert Berkley Jr.,0,Caucasian/White,,0,M,0,1,0,0,1,1/20/20,incoming,10/31/15,,0,,0,CAUCASIAN/WHITE
241,241,XRX,XEROX HOLDINGS CORP,11636,John Visentin,0,Caucasian/White,,0,M,0,1,0,0,0,,,5/14/18,6/28/22,1,Vice Chairman/CEO,0,CAUCASIAN/WHITE
242,242,CI,CIGNA CORP,2547,David Cordani,0,Caucasian/White,,0,M,0,1,0,0,0,,,12/25/09,1/1/22,1,President/CEO,0,CAUCASIAN/WHITE
243,243,HIG,HARTFORD FINANCIAL SERVICES,61739,Chris Swift,0,Caucasian/White,,0,M,0,1,0,0,0,,,1/5/15,,0,Chairman/CEO,0,CAUCASIAN/WHITE
244,244,OTIS,OTIS WORLDWIDE CORP,36190,Judy Marks,0,Caucasian/White,,0,F,1,1,0,0,0,,,4/3/20,,0,,0,CAUCASIAN/WHITE
245,245,SWK,STANLEY BLACK & DECKER INC,10016,Jim Loree,0,Caucasian/White,,0,M,0,1,0,0,0,,,8/1/16,2/23/21,0,President/CEO,0,CAUCASIAN/WHITE
246,246,CTVA,CORTEVA INC,35168,Jim Collins Jr,0,Caucasian/White,,0,M,0,1,0,0,0,,,6/3/19,11/1/21,0,CEO,0,CAUCASIAN/WHITE
247,247,DRE,DUKE REALTY CORP,13510,Jim Connor,0,Caucasian/White,,0,M,0,1,0,0,0,,,4/26/17,10/3/22,0,Chairman/CEO,0,CAUCASIAN/WHITE
248,248,ELV,ELEVANCE HEALTH INC,145046,Gail Boudreaux,0,Caucasian/White,,0,F,1,1,0,0,0,,,11/20/17,,0,President/CEO,0,CAUCASIAN/WHITE
249,249,LLY,LILLY (ELI) & CO,6730,David Ricks,0,Caucasian/White,,0,M,0,1,0,0,0,,,6/1/17,,1,Chair/President/CEO,1,CAUCASIAN/WHITE
250,250,SPG,SIMON PROPERTY GROUP INC,29389,David Simon,0,Caucasian/White,,0,M,0,1,0,0,0,,,2/15/19,,0,Chairman/President/CEO,0,CAUCASIAN/WHITE
251,251,AZO,AUTOZONE INC,23809,Bill Rhodes III,0,Caucasian/White,,0,M,0,1,0,0,0,,,6/6/07,1/2/24,0,Chairman/President/CEO,0,CAUCASIAN/WHITE
252,252,FDX,FEDEX CORP,4598,Fred Smith,0,Caucasian/White,,0,M,0,1,0,0,0,,,2/1/17,5/31/22,0,Chairman/CEO,0,CAUCASIAN/WHITE
253,253,IP,INTL PAPER CO,6104,Mark Sutton,0,Caucasian/White,,0,M,0,1,0,0,0,,,1/1/15,,0,Chairman/CEO,0,CAUCASIAN/WHITE
254,254,MAA,MID-AMERICA APT CMNTYS INC,29649,H Bolton Jr,0,Caucasian/White,,0,M,0,1,0,0,0,,,10/1/02,,0,Chairman/President/CEO,0,CAUCASIAN/WHITE
255,255,DG,DOLLAR GENERAL CORP,4016,Todd Vasos,0,Caucasian/White,,0,M,0,1,0,0,0,,,6/3/15,11/1/22,0,CEO,0,CAUCASIAN/WHITE
256,256,HCA,HCA HEALTHCARE INC,22260,Sam Hazen,0,Caucasian/White,,0,M,0,1,0,0,0,,,1/1/19,,0,CEO,0,CAUCASIAN/WHITE
257,257,CTXS,CITRIX SYSTEMS INC,61676,David J. Henshall,0,Caucasian/White,,0,M,0,1,0,0,0,,,7/17/24,10/21/24,0,,0,CAUCASIAN/WHITE
258,258,KMX,CARMAX INC,64410,Bill Nash,0,Caucasian/White,,0,M,0,1,0,0,0,,,9/1/16,,0,President/CEO,0,CAUCASIAN/WHITE
259,259,AEP,AMERICAN ELECTRIC POWER CO,1440,Nick Akins,0,Caucasian/White,,0,M,0,1,0,0,0,,,1/1/14,8/10/22,0,Chairman/President/CEO,0,CAUCASIAN/WHITE
260,260,BBWI,BATH & BODY WORKS INC,6733,Andrew Meslow,0,Caucasian/White,,0,M,0,1,0,0,0,5/14/20,incoming,5/14/20,,0,CEO,0,CAUCASIAN/WHITE
261,261,CAH,CARDINAL HEALTH INC,2751,Mike Kaufmann,0,Caucasian/White,,0,M,0,1,0,0,0,,,9/1/19,9/1/22,0,CEO,0,CAUCASIAN/WHITE
262,262,HBAN,HUNTINGTON BANCSHARES,5786,Steve Steinour,0,Caucasian/White,,0,M,0,1,0,0,0,,,1/14/09,,0,Chairman/President/CEO,0,CAUCASIAN/WHITE
263,263,ATO,ATMOS ENERGY CORP,4383,John Akers,0,Caucasian/White,,0,M,0,1,0,0,0,,,10/1/19,,0,President/CEO,0,CAUCASIAN/WHITE
264,264,CBRE,CBRE GROUP INC,260774,Bob Sulentic,0,Caucasian/White,,0,M,0,1,0,0,0,,,12/1/12,11/17/23,0,President/CEO,0,CAUCASIAN/WHITE
265,265,CE,CELANESE CORP,162254,Lori J. Ryerkerk,0,Caucasian/White,,0,F,1,1,0,0,0,,,5/1/19,,0,,0,CAUCASIAN/WHITE
266,266,CMA,COMERICA INC,3231,Curtis C. Farmer,0,Caucasian/White,,0,M,0,1,0,0,0,,,4/19/24,,0,,0,CAUCASIAN/WHITE
267,267,CPRT,COPART INC,29901,Jay Adair,0,Caucasian/White,,0,M,0,1,0,0,0,,,2/12/10,4/1/22,0,CEO,0,CAUCASIAN/WHITE
268,268,FLS,FLOWSERVE CORP,4108,Robert Rowe,0,Caucasian/White,,0,M,0,1,0,0,0,,,4/1/17,,0,President/CEO,0,CAUCASIAN/WHITE
269,269,INVH,INVITATION HOMES INC,30004,Dallas Tanner,0,Caucasian/White,,0,M,0,1,0,0,0,,,1/16/19,3/1/23,0,President/CEO,0,CAUCASIAN/WHITE
270,270,J,JACOBS ENGINEERING GROUP INC,6216,Steve Demetriou,0,Caucasian/White,,0,M,0,1,0,0,0,,,7/28/16,1/24/23,0,Chairman/CEO,0,CAUCASIAN/WHITE
271,271,KMB,KIMBERLY-CLARK CORP,6435,Michael D. Hsu,0,Asian/Taiwanese,,1,M,0,1,0,0,0,,,1/1/19,,0,,0,ASIAN (EXCLUDE INDIAN/SOUTH ASIAN)
272,272,LUV,SOUTHWEST AIRLINES,9882,Gary Kelly,0,Caucasian/White,,0,M,0,1,0,0,0,,,1/10/17,2/1/22,0,Chairman/CEO,0,CAUCASIAN/WHITE
273,273,MCK,MCKESSON CORP,7171,Doctor Brian Tyler,0,Caucasian/White,,0,M,0,1,0,0,0,,,4/1/19,,0,CEO,0,CAUCASIAN/WHITE
274,274,MTCH,MATCH GROUP INC,26061,Joey Levin,0,Caucasian/White,,0,M,0,1,0,0,0,,,6/24/15,6/30/20,0,CEO,0,INDIAN/SOUTH ASIAN
275,275,PXD,PIONEER NATURAL RESOURCES CO,14359,Scott Sheffield,0,Caucasian/White,,0,M,0,1,0,0,0,,,2/21/19,1/1/21,0,President/CEO,0,CAUCASIAN/WHITE
276,276,T,AT&T INC,9899,"Randall Stephenson Jr, John Stankey",0,Caucasian/White,,0,M,0,1,1,0,1,7/1/20,incoming,7/1/20,,1,Chairman/CEO,0,CAUCASIAN/WHITE
277,277,TXN,TEXAS INSTRUMENTS INC,10499,Rich Templeton,0,Caucasian/White,,0,M,0,1,0,0,0,,,7/17/18,4/1/23,0,Chairman/President/CEO,0,CAUCASIAN/WHITE
278,278,XOM,EXXON MOBIL CORP,4503,Darren Woods,0,Caucasian/White,,0,M,0,1,0,0,0,,,1/1/17,,0,Chairman/CEO,0,CAUCASIAN/WHITE
279,279,NKE,NIKE INC -CL B,7906,John Donahoe,0,Caucasian/White,,0,M,0,1,0,0,0,,,1/13/20,,0,,0,CAUCASIAN/WHITE
280,280,IDXX,IDEXX LABS INC,24197,Jonathan Mazelsky,0,Caucasian/White,,0,M,0,1,0,0,0,,,10/23/19,,0,President/CEO,0,CAUCASIAN/WHITE
281,281,AWK,AMERICAN WATER WORKS CO INC,179437,Walter J. Lynch,0,Caucasian/White,,0,M,0,1,0,0,1,4/1/20,incoming,4/1/20,,0,,0,CAUCASIAN/WHITE
282,282,CPB,CAMPBELL SOUP CO,2663,Mark Clouse,0,Caucasian/White,,0,M,0,1,0,0,0,,,1/22/19,,0,President/CEO,0,CAUCASIAN/WHITE
283,283,KEY,KEYCORP,9783,Beth Mooney,0,Caucasian/White,,0,F,1,0,0,0,0,,,5/1/11,5/1/20,1,Chairman/President/CEO,0,CAUCASIAN/WHITE
284,284,PGR,PROGRESSIVE CORP-OHIO,13341,Tricia Griffith,0,Caucasian/White,,0,F,1,1,0,0,0,,,7/1/16,,0,President/CEO,0,CAUCASIAN/WHITE
285,285,PH,PARKER-HANNIFIN CORP,8358,Tom Williams,0,Caucasian/White,,0,M,0,1,0,0,0,,,1/1/16,1/1/23,0,Chairman/CEO,0,CAUCASIAN/WHITE
286,286,SHW,SHERWIN-WILLIAMS CO,9667,John Morikis,0,Caucasian/White,,0,M,0,1,0,0,0,,,3/1/19,3/12/21,0,Chairman/CEO,0,CAUCASIAN/WHITE
287,287,TDG,TRANSDIGM GROUP INC,148349,Doctor Kevin Stein,0,Caucasian/White,,0,M,0,1,0,0,0,,,4/26/18,,0,President/CEO,0,CAUCASIAN/WHITE
288,288,MRK,MERCK & CO,7257,Kenneth Frazier,1,African American/Black,,1,F,1,1,0,0,0,,,12/1/11,4/1/21,0,Chairman/President/CEO,0,BLACK/AFRICAN AMERICAN
289,289,IBM,INTL BUSINESS MACHINES CORP,6066,Arvind Krishna,0,Asian/Indian,,1,M,0,1,0,0,0,,,4/6/20,,0,,0,INDIAN/SOUTH ASIAN
290,290,MA,MASTERCARD INC,160225,Ajay Banga,0,Asian/Indian,,1,M,0,1,0,0,0,,,7/1/10,12/31/20,0,,0,INDIAN/SOUTH ASIAN
291,291,PEP,PEPSICO INC,8479,Ramon Laguarta,0,Hispanic/Latino,,1,M,0,1,0,0,0,,,2/1/19,,0,Chairman/President/CEO,0,HISPANIC/LATIN AMERICAN
292,292,REGN,REGENERON PHARMACEUTICALS,23812,Doctor Len Schleifer,0,Caucasian/White,,0,M,0,1,0,0,0,,,1/1/94,6/9/23,0,President/CEO,0,CAUCASIAN/WHITE
293,293,XYL,XYLEM INC,189491,Patrick Decker,0,Caucasian/White,,0,M,0,1,0,0,0,,,3/17/14,12/31/23,0,President/CEO,0,CAUCASIAN/WHITE
294,294,DD,DUPONT DE NEMOURS INC,4060,Edward D. Breen,0,Caucasian/White,,0,M,0,1,0,0,0,,,2/20/24,,0,,0,CAUCASIAN/WHITE
295,295,INCY,INCYTE CORP,29127,Herve Hoppenot,0,Caucasian/White,,0,M,0,1,0,0,0,,,5/22/15,6/5/23,0,Chairman/President/CEO,0,PREFER NOT TO DISCLOSE
296,296,DTE,DTE ENERGY CO,3897,Jerry Norcia,0,Caucasian/White,,0,M,0,1,0,0,0,,,7/1/19,5/5/22,0,President/CEO,0,CAUCASIAN/WHITE
297,297,F,FORD MOTOR CO,4839,James D. Farley Jr.,0,Caucasian/White,,0,M,0,1,1,0,1,10/1/20,incoming,10/1/20,,0,,0,CAUCASIAN/WHITE
298,298,GM,GENERAL MOTORS CO,5073,Mary Barra,0,Caucasian/White,,0,F,1,1,0,0,0,,,1/4/16,,1,Chair/CEO,0,CAUCASIAN/WHITE
299,299,MAS,MASCO CORP,7085,Keith Allman,0,Caucasian/White,,0,M,0,1,0,0,0,,,2/14/14,,0,President/CEO,0,CAUCASIAN/WHITE
300,300,AOS,SMITH (A.O.),9771,Kevin Wheeler,0,Caucasian/White,,0,M,0,0,0,0,0,,,9/1/18,5/1/20,0,President/CEO,0,CAUCASIAN/WHITE
301,301,ROK,ROCKWELL AUTOMATION,9203,Blake Moret,0,Caucasian/White,,0,M,0,1,0,0,0,,,1/1/18,,0,Chairman/President/CEO,0,CAUCASIAN/WHITE
302,302,WEC,WEC ENERGY GROUP INC,11550,Kevin Fletcher,0,Caucasian/White,,0,M,0,1,0,0,0,,,2/1/19,2/1/22,0,President/CEO,0,CAUCASIAN/WHITE
303,303,CHD,CHURCH & DWIGHT INC,3026,Matthew Farrell,0,Caucasian/White,,0,M,0,1,0,0,0,,,5/2/19,,0,Chairman/President/CEO,0,CAUCASIAN/WHITE
304,304,AMP,AMERIPRISE FINANCIAL INC,164708,Jim Cracchiolo,0,Caucasian/White,,0,M,0,1,0,0,0,,,9/30/05,,0,Chairman/CEO,0,CAUCASIAN/WHITE
305,305,BBY,BEST BUY CO INC,2184,Corie Barry,0,Caucasian/White,,0,F,1,1,0,0,0,,,6/11/19,,0,CEO,0,CAUCASIAN/WHITE
306,306,CHRW,C H ROBINSON WORLDWIDE INC,65609,Bob Biesterfeld Jr,0,Caucasian/White,,0,M,0,1,0,0,0,,,5/9/19,12/31/22,0,President/CEO,0,CAUCASIAN/WHITE
307,307,GIS,GENERAL MILLS INC,5071,Jeffrey Harmening,0,Caucasian/White,,0,M,0,1,0,0,0,,,1/1/18,,0,Chairman/CEO,0,CAUCASIAN/WHITE
308,308,TGT,TARGET CORP,3813,Brian Cornell,0,Caucasian/White,,0,M,0,1,0,0,0,,,8/12/14,,1,Chair/CEO,0,CAUCASIAN/WHITE
309,309,UNH,UNITEDHEALTH GROUP INC,10903,Dave Wichmann,0,Caucasian/White,,0,M,0,1,0,0,0,,,9/1/17,2/4/21,1,CEO,0,CAUCASIAN/WHITE
310,310,USB,US BANCORP,4723,Andy Cecere,0,Caucasian/White,,0,M,0,1,0,0,0,,,4/17/18,,0,Chairman/President/CEO,0,CAUCASIAN/WHITE
311,311,XEL,XCEL ENERGY INC,7977,Benjamin G.S. Fowke III,0,Caucasian/White,,0,M,0,1,0,0,0,,,8/24/11,8/18/21,0,,0,CAUCASIAN/WHITE
312,312,ADI,ANALOG DEVICES INC,1632,Vincent Roche,0,Caucasian/White,,0,M,0,1,0,0,0,,,5/6/13,3/9/22,0,President/CEO,0,CAUCASIAN/WHITE
313,313,AKAM,AKAMAI TECHNOLOGIES INC,125595,Doctor Tom Leighton,0,Caucasian/White,,0,M,0,1,0,0,0,,,1/1/13,,0,CEO,0,CAUCASIAN/WHITE
314,314,BIIB,BIOGEN INC,24468,Michel Vounatsos,0,Caucasian/White,,0,M,0,1,0,0,0,,,1/6/17,11/14/22,0,CEO,0,CAUCASIAN/WHITE
315,315,BSX,BOSTON SCIENTIFIC CORP,25279,Mike Mahoney,0,Caucasian/White,,0,M,0,1,0,0,0,,,5/3/16,,0,Chairman/President/CEO,0,CAUCASIAN/WHITE
316,316,HOLX,HOLOGIC INC,20904,Steve MacMillan,0,Caucasian/White,,0,M,0,1,0,0,0,,,6/16/15,,0,Chairman/President/CEO,0,CAUCASIAN/WHITE
317,317,KDP,KEURIG DR PEPPER INC,28877,Bob Gamgort Jr,0,Caucasian/White,,0,M,0,1,0,0,0,,,1/13/19,7/29/22,0,Chairman/President/CEO,0,CAUCASIAN/WHITE
318,318,MRNA,MODERNA INC,34410,Stephane Bancel,0,Caucasian/White,,0,M,0,1,0,0,0,,,12/7/18,,0,CEO,0,CAUCASIAN/WHITE
319,319,PKI,PERKINELMER INC,4145,Prahlad Singh,0,Asian/Indian,,1,M,0,1,0,0,0,,,12/1/19,,0,President/CEO,0,INDIAN/SOUTH ASIAN
320,320,PODD,INSULET CORP,177227,Shacey Petrovic,0,Caucasian/White,,0,F,1,1,0,0,0,,,1/1/19,6/1/22,0,President/CEO,0,CAUCASIAN/WHITE
321,321,RTN,RAYTHEON CO,8972,Gregory J. Hayes,0,Caucasian/White,,0,M,0,1,0,0,0,4/1/20,incoming,4/1/20,,1,,0,CAUCASIAN/WHITE
322,322,RTX,RAYTHEON TECHNOLOGIES CORP,10983,Gregory J. Hayes,0,Caucasian/White,,0,M,0,1,0,0,0,,,4/3/20,,0,,0,CAUCASIAN/WHITE
323,323,TER,TERADYNE INC,10453,Mark Jagiela,0,Caucasian/White,,0,M,0,1,0,0,0,,,2/1/14,7/1/22,0,President/CEO,0,CAUCASIAN/WHITE
324,324,TJX,TJX COS INC (THE),11672,Ernie Herrman,0,Caucasian/White,,0,M,0,1,0,0,0,,,1/31/16,,0,President/CEO,0,CAUCASIAN/WHITE
325,325,TMO,THERMO FISHER SCIENTIFIC INC,10530,Marc N. Casper,0,Caucasian/White,,0,M,0,1,0,0,0,,,10/1/09,,0,,0,CAUCASIAN/WHITE
327,326,ATVI,ACTIVISION BLIZZARD INC,180405,Bobby Kotick,0,Caucasian/White,,0,M,0,1,0,0,0,,,6/26/17,10/13/23,0,CEO,0,CAUCASIAN/WHITE
328,327,ARE,ALEXANDRIA R E EQUITIES INC,64821,"Peter Moglia, Stephen Richardson",0,Caucasian/White,,0,M,0,1,1,1,0,0,0,4/1/18,,0,CIO/Co-CEO,0,CAUCASIAN/WHITE
329,328,AVY,AVERY DENNISON CORP,1913,Mitch Butier,0,Caucasian/White,,0,M,0,1,0,0,0,,,4/25/19,2/28/22,0,Chairman/President/CEO,0,CAUCASIAN/WHITE
330,329,DIS,DISNEY (WALT) CO,3980,Bob Chapek,0,Caucasian/White,,0,M,0,1,0,0,1,2/25/20,incoming,2/25/20,12/21/24,0,,0,CAUCASIAN/WHITE
331,330,EIX,EDISON INTERNATIONAL,9846,Pedro Pizarro,0,Hispanic/Latino,,1,M,0,1,0,0,0,,,9/30/16,,0,President/CEO,0,HISPANIC/LATIN AMERICAN
332,331,LYV,LIVE NATION ENTERTAINMENT,165746,Michael Rapino,0,Caucasian/White,,0,M,0,1,0,0,0,,,1/1/18,,0,President/CEO,0,CAUCASIAN/WHITE
333,332,PSA,PUBLIC STORAGE,10096,Joe Russell Jr,0,Caucasian/White,,0,M,0,1,0,0,0,,,1/1/19,,0,President/CEO,0,CAUCASIAN/WHITE
334,333,ECL,ECOLAB INC,4213,Doug Baker Jr,0,Caucasian/White,,0,M,0,1,0,0,0,,,12/2/11,1/1/21,0,Chairman/CEO,0,CAUCASIAN/WHITE
335,334,MMM,3M CO,7435,Mike Roman,0,Caucasian/White,,0,M,0,1,0,0,0,,,6/1/19,,0,Chairman/President/CEO,0,CAUCASIAN/WHITE
336,335,DLR,DIGITAL REALTY TRUST INC,160991,Bill Stein,0,Caucasian/White,,0,M,0,1,0,0,0,,,5/1/15,12/13/22,0,CEO,0,CAUCASIAN/WHITE
337,336,ORCL,ORACLE CORP,12142,Safra Catz,0,Caucasian/White,,0,F,1,1,0,0,0,,,10/18/19,,1,CEO,0,CAUCASIAN/WHITE
338,337,TSLA,TESLA INC,184996,Elon Musk,0,Caucasian/White,,0,M,0,1,0,0,0,,,11/7/18,,0,CEO,0,CAUCASIAN/WHITE
339,338,BIO,BIO-RAD LABORATORIES INC,2220,Norman Schwartz,0,Caucasian/White,,0,M,0,1,0,0,0,,,1/1/12,,0,Chairman/President/CEO,0,CAUCASIAN/WHITE
340,339,COO,COOPER COS INC (THE),3504,Al White III,0,Caucasian/White,,0,M,0,1,0,0,0,,,5/1/18,,0,President/CEO,0,CAUCASIAN/WHITE
341,340,CVX,CHEVRON CORP,2991,Mike Wirth,0,Caucasian/White,,0,M,0,1,0,0,0,,,2/1/18,,0,Chairman/CEO,0,CAUCASIAN/WHITE
342,341,DPZ,DOMINO'S PIZZA INC,160211,Ritch Allison Jr,0,Caucasian/White,,0,M,0,1,0,0,0,,,7/1/18,4/26/22,1,CEO,0,CAUCASIAN/WHITE
343,342,DGX,QUEST DIAGNOSTICS INC,64166,Steve Rusckowski,0,Caucasian/White,,0,M,0,1,0,0,0,,,1/1/17,11/1/22,0,Chairman/President/CEO,0,CAUCASIAN/WHITE
344,343,OGN,ORGANON & CO,38821,Kenneth Frazier,1,African American/Black,,1,M,0,1,0,0,0,,,6/1/21,,0,CEO,0,
345,344,VRSK,VERISK ANALYTICS INC,180652,Scott Stephenson,0,Caucasian/White,,0,M,0,1,0,0,0,,,4/1/16,5/5/22,0,Chairman/President/CEO,0,CAUCASIAN/WHITE
346,345,A,AGILENT TECHNOLOGIES INC,126554,Mike McMullen,0,Caucasian/White,,0,M,0,1,0,0,0,,,3/18/15,,0,President/CEO,0,CAUCASIAN/WHITE
347,346,AAPL,APPLE INC,1690,Tim Cook,0,Caucasian/White,,0,M,0,1,0,0,0,,,8/24/11,,0,CEO,0,CAUCASIAN/WHITE
348,347,ADBE,ADOBE INC,12540,Shantanu Narayen,0,Asian/Indian,,1,M,0,1,0,0,0,,,1/27/17,1/13/22,0,Chairman/President/CEO,0,INDIAN/SOUTH ASIAN
349,348,AMAT,APPLIED MATERIALS INC,1704,Gary Dickerson,0,Caucasian/White,,0,M,0,1,0,0,0,,,9/1/13,,0,President/CEO,0,CAUCASIAN/WHITE
350,349,AMD,ADVANCED MICRO DEVICES,1161,Doctor Lisa Su,0,Asian/Taiwanese,,1,F,1,1,0,0,0,,,10/8/14,2/14/22,0,President/CEO,0,ASIAN (EXCLUDE INDIAN/SOUTH ASIAN)
351,350,ANET,ARISTA NETWORKS INC,20748,Jayshree Ullal,0,Asian/Indian,,1,F,1,1,0,0,0,,,6/6/14,12/1/23,0,President/CEO,0,INDIAN/SOUTH ASIAN
352,351,AVGO,BROADCOM INC,180711,Hock Tan,0,Asian/Malaysian,,1,M,0,1,0,0,0,,,8/6/09,,0,President/CEO,0,ASIAN (EXCLUDE INDIAN/SOUTH ASIAN)
353,352,CDNS,CADENCE DESIGN SYSTEMS INC,13421,Lip-Bu Tan,0,Asian/Malaysian,,1,M,0,1,0,0,0,,,11/16/17,12/15/21,0,CEO,0,ASIAN (EXCLUDE INDIAN/SOUTH ASIAN)
354,353,CSCO,CISCO SYSTEMS INC,20779,Chuck Robbins,0,Caucasian/White,,0,M,0,1,0,0,0,,,12/11/17,,0,Chair/CEO,0,CAUCASIAN/WHITE
355,354,EBAY,EBAY INC,114524,Jamie Iannone,0,Caucasian/White,,0,M,0,1,0,0,1,4/27/20,incoming,4/27/20,,0,,0,CAUCASIAN/WHITE
356,355,FTNT,FORTINET INC,183377,Ken Xie,0,Asian/Chinese,,1,M,0,1,0,0,0,,,11/11/13,,0,Chairman/CEO,0,ASIAN (EXCLUDE INDIAN/SOUTH ASIAN)
357,356,GOOGL,ALPHABET INC,160329,Sundar Pichai,0,Asian/Indian,,1,M,0,1,0,0,0,,,12/3/19,,0,CEO,0,INDIAN/SOUTH ASIAN
358,357,HPQ,HP INC,5606,Enrique Lores,0,Hispanic/Latino,,1,M,0,1,0,0,0,,,11/1/19,,0,President/CEO,0,HISPANIC/LATIN AMERICAN
359,358,INTC,INTEL CORP,6008,Bob Swan,0,Caucasian/White,,0,M,0,1,0,0,0,,,1/30/19,2/15/21,0,CEO,0,CAUCASIAN/WHITE
360,359,INTU,INTUIT INC,27928,Sasan Goodarzi,0,Middle Eastern,,1,M,0,1,0,0,0,,,1/1/19,2/1/24,0,President/CEO,0,MIDDLE-EASTERN/NORTH AFRICAN
361,360,ISRG,INTUITIVE SURGICAL INC,136725,Doctor Gary Guthart,0,Caucasian/White,,0,M,0,1,0,0,0,,,1/1/10,5/16/23,0,President/CEO,0,CAUCASIAN/WHITE
362,361,JNPR,JUNIPER NETWORKS INC,121718,Rami Rahim,0,Middle Eastern,,1,M,0,1,0,0,0,,,11/10/14,,0,CEO,0,ASIAN (EXCLUDE INDIAN/SOUTH ASIAN)
363,362,KLAC,KLA CORP,6304,Rick Wallace,0,Caucasian/White,,0,M,0,1,0,0,0,,,11/13/08,,0,President/CEO,0,CAUCASIAN/WHITE
364,363,MXIM,MAXIM INTEGRATED PRODUCTS,14256,Tunc Doluca,0,Middle Eastern/Turkish,,1,M,0,1,0,0,0,,,1/1/07,8/26/21,0,President/CEO,0,MIDDLE-EASTERN/NORTH AFRICAN
365,364,NFLX,NETFLIX INC,147579,Wilmot Hastings Jr,0,Caucasian/White,,0,M,0,1,0,0,0,,,7/1/99,7/14/20,0,Chairman/President/CEO,0,CAUCASIAN/WHITE
366,365,NOW,SERVICENOW INC,171007,Bill McDermott,0,Caucasian/White,,0,M,0,1,0,0,0,,,11/18/19,10/25/22,0,President/CEO,0,CAUCASIAN/WHITE
367,366,NTAP,NETAPP INC,61591,George Kurian,0,Asian/Indian,,1,M,0,1,0,0,0,,,5/20/16,7/1/20,0,President/CEO,0,INDIAN/SOUTH ASIAN
368,367,NVDA,NVIDIA CORP,117768,Jensen Huang,0,Asian/Taiwanese,,1,M,0,1,0,0,0,,,4/1/93,,0,President/CEO,0,ASIAN (EXCLUDE INDIAN/SOUTH ASIAN)
369,368,PYPL,PAYPAL HOLDINGS INC,24616,Dan Schulman,0,Caucasian/White,,0,M,0,1,0,0,0,,,7/17/15,9/27/23,0,President/CEO,0,CAUCASIAN/WHITE
370,369,SIVB,SVB FINANCIAL GROUP,17120,Gregory W. Becker,0,Caucasian/White,,0,M,0,1,0,0,0,,,4/1/11,3/10/23,0,,0,CAUCASIAN/WHITE
371,370,TRMB,TRIMBLE INC,22815,Robert G. Painter,0,Caucasian/White,,0,M,0,1,0,0,1,1/4/20,incoming,1/4/20,,0,,0,CAUCASIAN/WHITE
372,371,VAR,VARIAN MEDICAL SYSTEMS INC,11115,Dow Wilson,0,Caucasian/White,,0,M,0,1,0,0,0,,,9/29/12,10/5/20,0,President/CEO,0,CAUCASIAN/WHITE
373,372,SNPS,SYNOPSYS INC,24975,"Doctor Aart De Geus, Doctor Chi-Foon Chan",0,Caucasian/White,,0,M,0,1,1,1,0,0,0,1/1/86,,0,Chairman/Co-CEO,0,CAUCASIAN/WHITE
374,373,WDC,WESTERN DIGITAL CORP,11399,David Goeckeler,0,Caucasian/White,,0,M,0,1,0,0,0,,,3/9/20,,0,,0,CAUCASIAN/WHITE
375,374,XLNX,XILINX INC,22325,Victor Peng,0,Asian/Chinese,,1,M,0,1,0,0,0,,,1/29/18,2/14/22,0,President/CEO,0,ASIAN (EXCLUDE INDIAN/SOUTH ASIAN)
376,375,ADM,ARCHER-DANIELS-MIDLAND CO,1722,Juan Luciano,0,Hispanic/Latino,,1,M,0,1,0,0,0,,,1/1/16,,0,Chairman/President/CEO,0,HISPANIC/LATIN AMERICAN
377,376,AJG,ARTHUR J GALLAGHER & CO,4973,Pat Gallagher Jr,0,Caucasian/White,,0,M,0,1,0,0,0,,,10/19/06,1/1/24,0,Chairman/President/CEO,0,CAUCASIAN/WHITE
378,377,ALL,ALLSTATE CORP,28349,Tom Wilson II,0,Caucasian/White,,0,M,0,1,0,0,0,,,2/23/18,,0,Chairman/President/CEO,0,CAUCASIAN/WHITE
379,378,BA,BOEING CO,2285,David L. Calhoun,0,Caucasian/White,,0,M,0,1,0,0,0,,,,,0,CEO,1,CAUCASIAN/WHITE
380,379,CAG,CONAGRA BRANDS INC,3362,Sean Connolly,0,Caucasian/White,,0,M,0,1,0,0,0,,,4/6/15,,0,President/CEO,0,CAUCASIAN/WHITE
381,380,CBOE,CBOE GLOBAL MARKETS INC,184500,Ed Tilly,0,Caucasian/White,,0,M,0,1,0,0,0,,,1/14/19,5/12/22,0,Chairman/President/CEO,0,CAUCASIAN/WHITE
382,381,CME,CME GROUP INC,149070,The Hon. Terry Duffy,0,Caucasian/White,,0,M,0,1,0,0,0,,,11/10/16,,0,Chairman/CEO,0,CAUCASIAN/WHITE
383,382,EQR,EQUITY RESIDENTIAL,28733,Mark Parrell,0,Caucasian/White,,0,M,0,1,0,0,0,,,12/31/18,,0,President/CEO,0,CAUCASIAN/WHITE
384,383,EXC,EXELON CORP,8539,Chris Crane,0,Caucasian/White,,0,M,0,1,0,0,0,,,3/12/12,10/17/22,1,President/CEO,0,CAUCASIAN/WHITE
385,384,GEHC,GE HEALTHCARE TECHNOLOGI INC,41818,Kieran Murphy,0,Caucasian/White,,0,M,0,1,0,0,0,,,6/1/17,1/3/22,0,,0,CAUCASIAN/WHITE
386,385,IEX,IDEX CORP,15267,"Andrew K. Silvernail, Eric D. Ashleman",0,Caucasian/White,,0,M,0,1,1,0,1,12/15/20,incoming,12/15/20,,0,,0,CAUCASIAN/WHITE
387,386,ITW,ILLINOIS TOOL WORKS,5878,Ernest Santi,0,Caucasian/White,,0,M,0,1,0,0,0,,,5/8/15,1/1/24,0,Chairman/CEO,0,CAUCASIAN/WHITE
388,387,LKQ,LKQ CORP,155394,Nick Zarcone,0,Caucasian/White,,0,M,0,1,0,0,0,,,5/31/17,,0,President/CEO,0,CAUCASIAN/WHITE
389,388,MCD,MCDONALD'S CORP,7154,Chris Kempczinski,0,Caucasian/White,,0,M,0,1,0,0,0,,,,,0,,0,CAUCASIAN/WHITE
390,389,MDLZ,MONDELEZ INTERNATIONAL INC,142953,Doctor Dirk van de Put,0,Caucasian/White,,0,M,0,1,0,0,0,,,4/1/18,,1,Chairman/CEO,0,CAUCASIAN/WHITE
391,390,MSI,MOTOROLA SOLUTIONS INC,7585,Greg Brown,0,Caucasian/White,,0,M,0,1,0,0,0,,,5/3/11,,0,Chairman/CEO,0,CAUCASIAN/WHITE
392,391,NTRS,NORTHERN TRUST CORP,7982,Mike O'Grady,0,Caucasian/White,,0,M,0,1,0,0,0,,,1/23/19,,1,Chairman/President/CEO,0,CAUCASIAN/WHITE
393,392,UAL,UNITED AIRLINES HOLDINGS INC,10795,Scott Kirby,0,Caucasian/White,,0,M,0,1,1,0,0,5/20/20,incoming,5/20/20,,1,CEO,1,CAUCASIAN/WHITE
394,393,VTR,VENTAS INC,110179,Debra Cafaro,0,Caucasian/White,,0,F,1,1,0,0,0,,,11/2/10,,0,Chairman/CEO,0,CAUCASIAN/WHITE
395,394,KEYS,KEYSIGHT TECHNOLOGIES INC,20232,Ron Nersesian,0,Caucasian/White,,0,M,0,1,0,0,0,,,11/1/19,5/1/22,0,Chairman/President/CEO,0,CAUCASIAN/WHITE
396,395,ALK,ALASKA AIR GROUP INC,1230,Brad Tilden,0,Caucasian/White,,0,M,0,1,0,0,0,,,1/1/14,3/31/21,0,Chairman/President/CEO,0,CAUCASIAN/WHITE
397,396,AMZN,AMAZON.COM INC,64768,Jeff Bezos,0,Caucasian/White,,0,M,0,1,0,0,0,,,10/1/00,7/5/21,0,Chairman/President/CEO,0,CAUCASIAN/WHITE
398,397,COST,COSTCO WHOLESALE CORP,29028,W Jelinek,0,Caucasian/White,,0,M,0,1,0,0,0,,,1/1/12,2/2/22,0,President/CEO,0,CAUCASIAN/WHITE
399,398,EXPD,EXPEDITORS INTL WASH INC,4494,Jeff Musser,0,Caucasian/White,,0,M,0,1,0,0,0,,,3/1/14,,0,President/CEO,0,CAUCASIAN/WHITE
400,399,EXPE,EXPEDIA GROUP INC,126296,Peter Kern,0,Caucasian/White,,0,M,0,1,0,0,0,,,4/22/20,,0,,0,CAUCASIAN/WHITE
401,400,FFIV,F5 INC,121077,Francois Locoh-Donou,1,African American/Black,,1,M,0,1,0,0,0,,,,,0,,0,BLACK/AFRICAN AMERICAN
402,401,MSFT,MICROSOFT CORP,12141,Satya Nadella,0,Asian/Indian,,1,M,0,1,0,0,0,,,2/4/14,6/16/21,0,CEO,0,INDIAN/SOUTH ASIAN
403,402,PCAR,PACCAR INC,8253,R Feight,0,Caucasian/White,,0,M,0,1,0,0,0,,,7/1/19,,0,CEO,0,CAUCASIAN/WHITE
404,403,SBUX,STARBUCKS CORP,25434,Kevin Johnson,0,Caucasian/White,,0,M,0,1,0,0,0,,,4/3/17,4/4/22,0,President/CEO,0,CAUCASIAN/WHITE
405,404,TMUS,T-MOBILE US INC,17874,Mike Sievert,0,Caucasian/White,,0,M,0,0,0,0,0,4/1/20,incoming,4/1/20,,0,,0,CAUCASIAN/WHITE
406,405,WY,WEYERHAEUSER CO,11456,Devin Stockfish,0,Caucasian/White,,0,M,0,1,0,0,0,,,1/1/19,,0,President/CEO,0,CAUCASIAN/WHITE
407,406,LNT,ALLIANT ENERGY CORP,11554,John Larsen,0,Caucasian/White,,0,M,0,1,0,0,0,,,7/1/19,2/27/23,0,Chair/President/CEO,0,CAUCASIAN/WHITE
408,407,ETSY,ETSY INC,23238,Josh Silverman,0,Caucasian/White,,0,M,0,1,0,0,0,,,5/3/17,,0,President/CEO,0,CAUCASIAN/WHITE
409,408,ADP,AUTOMATIC DATA PROCESSING,1891,Carlos Rodriguez,0,Hispanic/Latino,,1,M,0,1,0,0,0,,,11/8/11,1/1/22,0,President/CEO,0,HISPANIC/LATIN AMERICAN
410,409,PEG,PUBLIC SERVICE ENTRP GRP INC,8810,Doctor Ralph Izzo,0,Caucasian/White,,0,M,0,1,0,0,0,,,4/1/07,8/31/22,0,Chairman/President/CEO,0,CAUCASIAN/WHITE
411,410,PRU,PRUDENTIAL FINANCIAL INC,143356,Charlie Lowrey Jr,0,Caucasian/White,,0,M,0,1,0,0,0,,,4/5/19,,0,Chairman/President/CEO,0,CAUCASIAN/WHITE
412,411,BEN,FRANKLIN RESOURCES INC,4885,Jennifer M. Johnson,0,Caucasian/White,,0,F,1,0,0,0,0,2/11/20,incoming,2/11/20,,0,,0,CAUCASIAN/WHITE
413,412,EA,ELECTRONIC ARTS INC,16721,Andrew Wilson,0,Caucasian/White,,0,M,0,1,0,0,0,,,9/17/13,8/12/21,0,CEO,0,CAUCASIAN/WHITE
414,413,EQIX,EQUINIX INC,138743,Charles Meyers,0,Caucasian/White,,0,M,0,1,0,0,0,,,9/12/18,,0,President/CEO,0,CAUCASIAN/WHITE
415,414,ESS,ESSEX PROPERTY TRUST,30293,Mike Schall,0,Caucasian/White,,0,M,0,1,0,0,0,,,1/1/11,3/31/23,0,President/CEO,0,CAUCASIAN/WHITE
416,415,GILD,GILEAD SCIENCES INC,24856,Daniel O'Day,0,Caucasian/White,,0,M,0,1,0,0,0,,,3/1/19,,0,Chairman/CEO,0,CAUCASIAN/WHITE
417,416,META,META PLATFORMS INC,170617,Mark Zuckerberg,0,Caucasian/White,,0,M,0,1,0,0,0,,,5/18/12,,0,Chairman/CEO,0,CAUCASIAN/WHITE
418,417,RHI,ROBERT HALF INTL INC,2312,Michael Waddell,0,Caucasian/White,,0,M,0,1,0,0,0,,,12/15/19,,0,Vice Chairman/CEO/President,0,CAUCASIAN/WHITE
419,418,V,VISA INC,179534,Al Kelly Jr,0,Caucasian/White,,0,M,0,1,0,0,0,,,4/16/19,2/1/23,0,Chairman/CEO,0,CAUCASIAN/WHITE
420,419,AIV,APARTMENT INVST & MGMT CO,30490,"The Hon. Terry Considine, Wes Powell",0,Caucasian/White,,0,M,0,1,1,0,1,12/15/20,outgoing,2/10/09,12/15/20,0,Chairman/CEO,0,CAUCASIAN/WHITE
421,420,DVA,DAVITA INC,61483,Javier Rodriguez,0,Hispanic/Latino,,1,M,0,1,0,0,0,,,6/1/19,,0,CEO,0,HISPANIC/LATIN AMERICAN
422,421,NEM,NEWMONT CORP,7881,Tom Palmer,0,Caucasian/White,,0,M,0,1,0,0,0,,,10/1/19,,0,President/CEO,0,CAUCASIAN/WHITE
423,422,PEAK,HEALTHPEAK PROPERTIES INC,13125,Tom Herzog,0,Caucasian/White,,0,M,0,1,0,0,0,,,1/1/17,10/6/22,0,,0,CAUCASIAN/WHITE
424,423,VFC,VF CORP,11060,Steve Rendle,0,Caucasian/White,,0,M,0,1,0,0,0,,,10/28/17,12/2/22,0,Chairman (Executive)/President/CEO,0,CAUCASIAN/WHITE
425,424,WU,WESTERN UNION CO,175263,Hikmet Ersek,0,Caucasian/White,,0,M,0,1,0,0,0,,,9/1/10,12/31/21,0,President/CEO,0,CAUCASIAN/WHITE
426,425,CLX,CLOROX CO/DE,3121,Benno Dorer,0,Caucasian/White,,0,M,0,1,0,0,0,,,8/15/16,9/14/20,0,Chairman/CEO,0,CAUCASIAN/WHITE
427,426,ENPH,ENPHASE ENERGY INC,187450,Badri Kothandaraman,0,Asian/Indian,,1,M,0,1,0,0,0,,,9/3/17,,0,President/CEO,0,INDIAN/SOUTH ASIAN
428,427,LRCX,LAM RESEARCH CORP,6565,Tim Archer,0,Caucasian/White,,0,M,0,1,0,0,0,,,12/5/18,,0,President/CEO,0,CAUCASIAN/WHITE
429,428,PCG,PG&E CORP,8264,"Bill Johnson, Bill Smith",0,Caucasian/White,,0,M,0,1,1,0,1,6/30/20,incoming (interim),6/30/20,11/18/20,0,Interim CEO,1,CAUCASIAN/WHITE
430,429,ROST,ROSS STORES INC,9248,Barbara Rentler,0,Caucasian/White,,0,F,1,1,0,0,0,,,6/1/14,5/19/21,0,CEO,0,CAUCASIAN/WHITE
431,430,ALXN,ALEXION PHARMACEUTICALS INC,62263,Doctor Ludwig Hantson,0,Caucasian/White,,0,M,0,1,0,0,0,,,3/27/17,7/21/21,0,CEO,0,CAUCASIAN/WHITE
432,431,AMT,AMERICAN TOWER CORP,105365,"James D. Taiclet Jr., Thomas A. Bartlett",0,Caucasian/White,,0,M,0,1,1,0,1,6/20/20,outgoing,6/25/05,6/14/20,0,,0,CAUCASIAN/WHITE
433,432,BXP,BOSTON PROPERTIES INC,64925,Owen Thomas,0,Caucasian/White,,0,M,0,1,0,0,0,,,4/2/13,5/19/22,0,CEO,0,CAUCASIAN/WHITE
434,433,GE,GENERAL ELECTRIC CO,5047,Larry Culp Jr,0,Caucasian/White,,0,M,0,1,0,0,0,,,9/30/18,,0,Chairman/CEO,0,CAUCASIAN/WHITE
435,434,IRM,IRON MOUNTAIN INC,62374,Bill Meaney,0,Caucasian/White,,0,M,0,1,0,0,0,,,1/7/13,,0,President/CEO,0,CAUCASIAN/WHITE
436,435,STT,STATE STREET CORP,10035,Ronald P. O'Hanley,0,Caucasian/White,,0,M,0,1,0,0,0,,,1/1/19,,0,,0,CAUCASIAN/WHITE
437,436,VRTX,VERTEX PHARMACEUTICALS INC,24344,Reshma Kewalramani,0,Asian/Indian,,1,F,1,1,0,0,1,4/20/20,incoming,4/1/20,,0,,0,INDIAN/SOUTH ASIAN
438,437,CMCSA,COMCAST CORP,3226,Brian Roberts,0,Caucasian/White,,0,M,0,1,0,0,0,,,5/25/04,10/11/22,1,Chairman/President/CEO,0,CAUCASIAN/WHITE
439,438,FMC,FMC CORP,4510,Doctor Pierre Brondeau,0,Caucasian/White,,0,M,0,1,0,0,0,,,6/1/18,5/31/20,0,Chairman/CEO,0,CAUCASIAN/WHITE
440,439,AEE,AMEREN CORP,10860,Warner Baxter,0,Caucasian/White,,0,M,0,1,0,0,0,,,7/1/14,1/1/22,0,Chairman/President/CEO,0,CAUCASIAN/WHITE
441,440,ETR,ENTERGY CORP,7366,Leo Denault,0,Caucasian/White,,0,M,0,1,0,0,0,,,2/1/13,,1,Chairman/CEO,0,CAUCASIAN/WHITE
442,441,ADSK,AUTODESK INC,1878,Doctor Andrew Anagnost,0,Caucasian/White,,0,M,0,1,0,0,0,,,6/19/17,1/19/21,0,President/CEO,0,CAUCASIAN/WHITE
443,442,CRM,SALESFORCE INC,157855,Marc Benioff,0,Caucasian/White,,0,M,0,1,0,0,0,,,6/21/05,,0,,0,CAUCASIAN/WHITE
444,443,FRC,FIRST REPUBLIC BANK,14275,James H. Herbert II,0,Caucasian/White,,0,M,0,1,0,0,0,,,6/7/05,3/13/22,0,,0,CAUCASIAN/WHITE
445,444,GPS,GAP INC,4990,Art Peck,0,Caucasian/White,,0,M,0,1,0,0,0,,,2/15/24,11/19/24,0,,0,CAUCASIAN/WHITE
446,445,PLD,PROLOGIS INC,29984,Hamid Moghadam,0,Middle Eastern,,1,M,0,1,0,0,0,,,1/1/13,,0,Chairman/CEO,0,MIDDLE-EASTERN/NORTH AFRICAN
447,446,TWTR,TWITTER INC,18872,Jack Dorsey,0,Caucasian/White,,0,M,0,1,0,0,0,,,9/30/15,11/29/21,0,CEO,0,CAUCASIAN/WHITE
448,447,WFC,WELLS FARGO & CO,8007,Charlie Scharf,0,Caucasian/White,,0,M,0,1,0,0,0,,,10/21/19,,1,President/CEO,0,CAUCASIAN/WHITE
449,448,AIG,AMERICAN INTERNATIONAL GROUP,1487,Brian Duperreault,0,Caucasian/White,,0,M,0,1,0,0,0,,,5/1/17,3/1/21,0,,0,CAUCASIAN/WHITE
450,449,AIZ,ASSURANT INC,157057,Alan Colberg,0,Caucasian/White,,0,M,0,1,0,0,0,,,1/1/15,5/18/21,0,President/CEO,0,CAUCASIAN/WHITE
451,450,AXP,AMERICAN EXPRESS CO,1447,Steve Squeri,0,Caucasian/White,,0,M,0,1,0,0,0,,,2/1/18,,1,Chairman/CEO,0,CAUCASIAN/WHITE
452,451,BK,BANK OF NEW YORK MELLON CORP,2019,Thomas P. Gibbons,0,Caucasian/White,,0,M,0,1,0,0,0,,,3/1/20,8/1/22,0,CEO,0,CAUCASIAN/WHITE
453,452,BLK,BLACKROCK INC,124434,Larry Fink,0,Caucasian/White,,0,M,0,1,0,0,0,,,1/1/98,,0,Chairman/CEO,0,CAUCASIAN/WHITE
454,453,BMY,BRISTOL-MYERS SQUIBB CO,2403,Doctor Giovanni Caforio,0,Caucasian/White,,0,M,0,1,0,0,0,,,5/2/17,11/1/23,0,Chairman/CEO,0,CAUCASIAN/WHITE
455,454,C,CITIGROUP INC,3243,Mike Corbat,0,Caucasian/White,,0,M,0,1,0,0,0,,,10/15/12,2/26/21,1,CEO,0,CAUCASIAN/WHITE
456,455,CL,COLGATE-PALMOLIVE CO,3170,Noel Wallace,0,Caucasian/White,,0,M,0,1,0,0,0,,,4/1/19,,0,Chairman/President/CEO,0,CAUCASIAN/WHITE
457,456,ED,CONSOLIDATED EDISON INC,3413,John McAvoy,0,Caucasian/White,,0,M,0,1,0,0,0,,,5/12/14,12/29/20,0,Chairman/President/CEO,0,CAUCASIAN/WHITE
458,457,EL,ESTEE LAUDER COMPANIES INC,61567,Fabrizio Freda,0,Caucasian/White,,0,M,0,1,0,0,0,,,7/1/09,,1,President/CEO,0,CAUCASIAN/WHITE
459,458,FOXA,FOX CORP,34636,Lachlan K. Murdoch,0,Caucasian/White,,0,M,0,1,0,0,0,,,3/19/24,,0,,0,CAUCASIAN/WHITE
460,459,GS,GOLDMAN SACHS GROUP INC,114628,David Solomon,0,Caucasian/White,,0,M,0,1,0,0,0,,,1/1/19,,0,Chairman/CEO,0,CAUCASIAN/WHITE
461,460,HES,HESS CORP,1380,John Hess,0,Caucasian/White,,0,M,0,1,0,0,0,,,5/16/13,,0,CEO,0,CAUCASIAN/WHITE
462,461,IFF,INTL FLAVORS & FRAGRANCES,6078,Andreas Fibig,0,Caucasian/White,,0,M,0,1,0,0,0,,,12/1/14,2/14/22,0,Chairman/CEO,0,CAUCASIAN/WHITE
463,462,IPG,INTERPUBLIC GROUP OF COS,6136,Michael Roth,0,Caucasian/White,,0,M,0,1,0,0,0,,,1/19/05,1/1/21,0,Chairman/CEO,0,CAUCASIAN/WHITE
464,463,JPM,JPMORGAN CHASE & CO,2968,Jamie Dimon,0,Caucasian/White,,0,M,0,1,0,0,0,,,1/30/18,,0,Chairman/CEO,0,CAUCASIAN/WHITE
465,464,L,LOEWS CORP,6781,Jim Tisch,0,Caucasian/White,,0,M,0,1,0,0,0,,,1/1/99,,0,President/CEO,0,CAUCASIAN/WHITE
466,465,MCO,MOODY'S CORP,139665,Raymond McDaniel Jr,0,Caucasian/White,,0,M,0,1,0,0,0,,,4/19/12,12/31/20,0,President/CEO,0,CAUCASIAN/WHITE
467,466,MET,METLIFE INC,133768,Michel Khalaf,0,Middle Eastern,,1,M,0,1,0,0,0,,,5/1/19,,0,President/CEO,0,MIDDLE-EASTERN/NORTH AFRICAN
468,467,MKTX,MARKETAXESS HOLDINGS INC,158742,Rick McVey,0,Caucasian/White,,0,M,0,1,0,0,0,,,9/13/06,4/3/23,0,Chairman/CEO,0,CAUCASIAN/WHITE
469,468,MMC,MARSH & MCLENNAN COS,7065,Dan Glaser,0,Caucasian/White,,0,M,0,1,0,0,0,,,1/1/13,,0,President/CEO,0,CAUCASIAN/WHITE
470,469,MS,MORGAN STANLEY,12124,James Gorman,0,Caucasian/White,,0,M,0,1,0,0,0,,,1/1/12,1/1/24,0,Chairman/CEO,0,CAUCASIAN/WHITE
471,470,MSCI,MSCI INC,178507,Henry Fernandez,0,Hispanic/Latino,,1,M,0,1,0,0,0,,,10/31/17,,0,Chairman/CEO,0,HISPANIC/LATIN AMERICAN
472,471,NDAQ,NASDAQ INC,149337,Adena Friedman,0,Caucasian/White,,0,F,1,1,0,0,0,,,1/1/17,1/1/23,0,President/CEO,0,CAUCASIAN/WHITE
473,472,NLSN,NIELSEN HOLDINGS PLC,100873,David Kenny,0,Caucasian/White,,0,M,0,1,0,0,0,,,1/1/19,3/23/21,1,CEO/Chief Diversity Officer,0,CAUCASIAN/WHITE
474,473,NWSA,NEWS CORP,18043,Robert Thomson,0,Caucasian/White,,0,M,0,1,0,0,0,,,6/28/13,,0,CEO,0,CAUCASIAN/WHITE
475,474,OMC,OMNICOM GROUP INC,4066,John Wren III,0,Caucasian/White,,0,M,0,1,0,0,0,,,5/22/18,,0,Chairman/CEO,0,CAUCASIAN/WHITE
476,475,PARA,PARAMOUNT GLOBAL,13714,Bob Bakish,0,Caucasian/White,,0,M,0,0,0,0,0,3/23/20,incoming,,3/23/20,0,,0,CAUCASIAN/WHITE
477,476,PFE,PFIZER INC,8530,Albert Bourla,0,Caucasian/White,,0,M,0,1,0,0,0,,,1/1/19,,0,,0,CAUCASIAN/WHITE
478,477,PM,PHILIP MORRIS INTERNATIONAL,179621,Andre Calantzopoulos,0,Caucasian/White,,0,M,0,1,0,0,0,,,5/8/13,5/5/21,0,CEO,0,CAUCASIAN/WHITE
479,478,PVH,PVH CORP,8551,Manny Chirico,0,Caucasian/White,,0,M,0,1,0,0,0,,,6/19/07,2/1/21,0,Chairman/CEO,0,CAUCASIAN/WHITE
480,479,RL,RALPH LAUREN CORP,64891,Patrice Louvet,0,Caucasian/White,,0,M,0,1,0,0,0,,,7/3/17,,1,President/CEO,0,CAUCASIAN/WHITE
481,480,SLG,SL GREEN REALTY CORP,65290,Marc Holliday,0,Caucasian/White,,0,M,0,1,0,0,0,,,1/1/19,12/31/23,0,Chairman/CEO,0,CAUCASIAN/WHITE
482,481,SPGI,S&P GLOBAL INC,7163,Doug Peterson,0,Caucasian/White,,0,M,0,1,0,0,0,,,11/1/13,,0,President/CEO,0,CAUCASIAN/WHITE
483,482,TPR,TAPESTRY INC,140541,Joanne Crevoiserat,0,Caucasian/White,,0,F,1,1,1,0,1,7/1/20,incoming,7/20/20,,1,Chairman/CEO,0,CAUCASIAN/WHITE
484,483,TRV,TRAVELERS COS INC,62689,Alan Schnitzer,0,Caucasian/White,,0,M,0,1,0,0,0,,,8/1/17,,0,Chairman/CEO,0,CAUCASIAN/WHITE
485,484,TTWO,TAKE-TWO INTERACTIVE SFTWR,64630,Strauss Zelnick,0,Caucasian/White,,0,M,0,1,0,0,0,,,1/1/11,,0,Chairman (Executive)/CEO,0,CAUCASIAN/WHITE
486,485,VICI,VICI PROPERTIES INC,32580,Ed Pitoniak,0,Caucasian/White,,0,M,0,1,0,0,0,,,2/1/18,,0,CEO,0,CAUCASIAN/WHITE
487,486,VNO,VORNADO REALTY TRUST,11220,Steve Roth,0,Caucasian/White,,0,M,0,1,0,0,0,,,4/15/13,,0,Chairman/CEO,0,CAUCASIAN/WHITE
488,487,VZ,VERIZON COMMUNICATIONS INC,2136,Hans Vestberg,0,Caucasian/White,,0,M,0,1,0,0,0,,,3/8/19,,0,Chairman/CEO,0,CAUCASIAN/WHITE
489,488,CSGP,COSTAR GROUP INC,112111,Andy Florance,0,Caucasian/White,,0,M,0,1,0,0,0,,,1/1/95,,0,President/CEO,0,CAUCASIAN/WHITE
490,489,DHR,DANAHER CORP,3735,Tom Joyce Jr,0,Caucasian/White,,0,M,0,1,0,0,0,,,9/9/14,9/1/20,0,President/CEO,0,CAUCASIAN/WHITE
491,490,BG,BUNGE LTD,144435,Greg Heckman,0,Caucasian/White,,0,M,0,1,0,0,0,,,4/25/19,,0,CEO,0,CAUCASIAN/WHITE
492,491,CNC,CENTENE CORP,145552,Michael Neidorff,0,Caucasian/White,,0,M,0,1,0,0,0,,,4/23/19,9/7/21,0,Chairman/President/CEO,0,CAUCASIAN/WHITE
493,492,EMR,EMERSON ELECTRIC CO,4321,David Farr,0,Caucasian/White,,0,M,0,1,0,0,0,,,10/5/10,2/5/21,0,Chairman/CEO,0,CAUCASIAN/WHITE
494,493,HII,HUNTINGTON INGALLS IND INC,186310,Mike Petters,0,Caucasian/White,,0,M,0,1,0,0,0,,,3/31/11,3/1/22,1,President/CEO,0,CAUCASIAN/WHITE